, Market Indices - Monthly,,,,,,,,,,,,,,,,,,,,,,,,,,,
,ASPI,SPI / MPI (Jan-99 onwards),S&P SL 20,TURNOVER- Rs Mn Equity,MARKET CAP.- RS. BN.,SHARES -'000,TRADES,BFI,BFT,C&P,C&E,DIV,F&T,HLT,H&T,INV,IT,L&P,MFG,MTR,OIL,PLT,P&E,SRV,,S&S,TLE,TRD
1994-01-31 00:00:00,1127.17,1734.43,,4500.2701185,145.68437514525,67250.243,43486,3195.93,930.55,1107.57,509.41,,864.06,0,745.64,3518.98,0,213.77,839.05,788.08,1001.13,,0,2241.47,,1214.25,0,1326.11
1994-02-28 00:00:00,1375.12,2093.75,,5511.57630775,175.838859156,68583.261,52404,3982.63,1039.2,1454.4,512.84,,1120.82,0,876.61,4003.06,0,302.65,1071.12,912.11,1001.13,,0,2717.54,,1280.45,0,1783.45
1994-03-31 00:00:00,1190.33,1755.91,,5468.70934925,154.5860344625,63733.285,46561,3437.59,913.56,1249.47,399.81,,1029.08,0,811.5,3377.42,0,241.02,906.28,839.81,1001.13,,0,2268.17,,1312.34,0,1494.27
1994-04-29 00:00:00,1050.85,1555.88,,2108.0852135,137.28779793575,29004,20170,2975.37,768.59,1175.44,424.08,,947.93,0,728.28,2977.02,0,215.41,760.12,807.79,1001.13,,0,2219.92,,1282.72,0,1333.9
1994-05-31 00:00:00,1014.93,1479.04,,1584.0173945,133.7715997995,26329.465,23337,2883.6,772.92,1024.33,378,,923.28,0,685.58,3219.09,0,212.85,773.19,714.72,993.46,,0,1935.95,,1251.7,0,1161.21
1994-06-30 00:00:00,981.73,1458.04,,2335.123459,133.1402334015,30484.03,28167,2810.74,799.14,940.15,338.78,,820.76,0,609.68,3259.39,0,194.11,760.01,700.73,993.46,,0,1776.38,,1198.38,0,1211.98
1994-07-29 00:00:00,976.47,1455.12,,2115.20569875,134.25243815625,30462.475,28144,2838.16,761.91,960.18,335.15,,800.09,0,589.23,3124.87,0,193.56,774.57,692.82,993.46,,0,1785.59,,1244.19,0,1210.53
1994-08-31 00:00:00,1048.58,1537.13,,2224.21861975,145.1065302865,35405.817,31017,3010.89,826.5,1011.84,331.24,,855.89,0,655.64,3127.24,0,221.82,872.52,700.95,993.46,,0,1864.4,,1240.29,0,1252.64
1994-09-30 00:00:00,1143.23,1682.63,,3964.668956,163.96259918375,66767.82,52454,3453.9,871.76,1101.81,350.58,,835.55,0,720.09,3270.95,0,210.76,954.51,709.91,993.46,,0,1908.34,,1305.15,0,1349.77
1994-10-31 00:00:00,1093.65,1600.98,,1722.539486,158.42285722475,31844.89,28041,3277.29,813.9,1069.73,319,,788.74,0,673.92,3495.76,0,205.98,904.71,678.98,993.46,,0,2012.5,,1293.16,0,1278.93
1994-11-30 00:00:00,1079.03,1589.57,,1591.2497465,153.87120996275,25489.842,28580,3220.52,797.81,998.76,327.14,,762.09,0,644,3974.08,0,207.25,891.66,650.75,982.92,,0,1882.76,,1266.45,0,1263.21
1994-12-30 00:00:00,986.73,1438.82,,1498.46565325,143.2133235935,32968.835,22211,2997.86,737.4,935.4,285.89,,696.72,0,570.84,3674.92,0,189.84,790.96,626.53,1018.71,,0,1775.59,,1231.52,0,1102.72
1995-01-31 00:00:00,959.98,1387.36,,911.56889725,142.4708223975,19277.499,21150,2908.44,701.85,907.84,273.03,,585.69,0,596.96,3634.6,0,188.74,751.65,560.65,1018.71,,0,1667.7,,1173.68,0,1133.31
1995-02-28 00:00:00,812.42,1160.47,,968.33074425,123.6433038295,28848.922,18798,2388.55,610.54,818.37,281.49,,506.26,0,523.99,3075.04,0,165.76,598.47,490.85,1018.71,,0,1420.23,,1159.11,0,1004.08
1995-03-31 00:00:00,834.88,1203.31,,1608.5708295,129.10465183275,35910.489,24443,2538.17,599.29,799.01,284.29,,513.52,0,520.21,3203.95,0,168.3,616.12,508.36,1151.58,,0,1253,,1137.35,0,1066.51
1995-04-28 00:00:00,745.14,1040.77,,702.65496675,116.29131906725,17037,12113,2183.82,535.29,761.55,254.5,,486.36,0,475.08,2966.59,0,157.89,538.61,483.33,1151.58,,0,1231.54,,1137.35,0,947.56
1995-05-31 00:00:00,693.8,988.38,,1237.2270665,108.914838027,42769.476,19753,2053.82,508.19,683.8,228.65,,380.78,0,417.75,2595.38,0,146.39,519.74,471.31,1141.36,,0,1142.77,,1124.05,0,900.1
1995-06-30 00:00:00,739.07,1091.64,,1198.43138525,113.3956951725,30515.296,18614,2273.5,524.65,695.48,248.85,,385.49,0,428.07,2857.39,0,148.41,544.2,531.08,1141.36,,0,1251.41,,1117.73,0,927.92
1995-07-31 00:00:00,744.45,1097.77,,847.782263,114.4384865075,20535.98,14067,2272.99,525.53,760.42,238.35,,393.4,0,439.55,2900.44,0,148.13,558.89,533.18,1141.36,,0,1235.84,,1101.59,0,897.98
1995-08-31 00:00:00,721.09,1060.61,,1270.5699414,113.561458718,23253.687,16358,2162.37,521.14,736.85,233.47,,374,0,424.47,2898.32,0,145.33,545.91,500.87,1141.36,,0,1218.94,,951.11,0,894.19
1995-09-29 00:00:00,654.83,964,,553.3518495,102.97076690175,18248.193,11648,1943.46,472.18,768.47,228.57,,329.96,0,385.73,2601.86,0,127.42,496.7,439.93,1114.22,,0,1158.62,,886.36,0,803.66
1995-10-31 00:00:00,655.16,983.91,,386.01258675,102.88849719325,16929.675,9425,1979.58,489.63,692.57,228.3,,321.57,0,380.1,2589.61,0,122.14,493.12,379.87,1075.57,,0,1218.49,,860.81,0,793.33
1995-11-30 00:00:00,655.87,964.56,,800.97206475,104.09808194875,24145.019,12512,1938.07,534.82,743.57,212.15,,327.2,0,374.86,2561.78,0,131.15,488.37,401.51,1075.57,,0,1180.82,,854.49,0,801.5
1995-12-29 00:00:00,663.73,990.53,,799.8958725,104.920835501,43028.761,7342,2002.67,528.79,757.12,214.72,,308.07,0,373.35,2547.31,0,129.82,483.19,405.59,1062.2,1.78,0,1176.19,,865.93,0,852.11
1996-01-31 00:00:00,666.6,1031.59,,877.92078725,101.85764268625,22661.648,7558,2090.13,519.13,766.75,219.49,0,285.28,0,356.56,2463.89,0,131.21,466.64,392.2,1066.02,159.38,0,1173.65,,858.54,0,823.11
1996-02-29 00:00:00,671.02,1056.31,,908.0358125,102.5833352855,18317.024,7716,2123.76,518.88,773.36,198.46,114.84,263.7,0,319.3,2429.85,0,128.02,462.58,416.11,1066.02,154.98,0,1119.96,,866.35,0,868.38
1996-03-29 00:00:00,677.17,1062.33,,944.4195835,106.68200322975,23616.4,10984,2113.55,538.79,845.46,203.58,115.81,254.75,0,310.16,2488.2,0,127.29,469.61,433.66,1066.02,178.06,0,1127.29,,866.95,0,888.01
1996-04-30 00:00:00,650.89,994.12,,463.59187175,103.21223389375,15138.17,5719,2007.81,512.93,879.84,206.27,108.43,251.75,0,304.11,2423.26,0,124.15,463.59,377.22,1066.02,189.05,0,1093.48,,855.08,0,775.72
1996-05-30 00:00:00,647.52,978.37,,300.59627075,103.62202135525,10674.722,6168,1978.56,516.55,912.42,186.37,106.89,252.28,0,301.47,2378.18,0,124.03,461.9,397.74,1066.02,207.19,0,1116.96,,849.4,0,798.89
1996-06-28 00:00:00,594.47,881.2,,376.82991925,96.388606667,10453.357,6615,1723.42,493.4,882.69,185.03,100.05,226.91,0,283.55,2244.55,0,117.05,417.29,385.03,1066.02,220.93,0,1072.42,,839.57,0,765.58
1996-07-31 00:00:00,555.16,809.73,,246.6739305,89.56105255075,11766.754,6243,1580.7,464.53,836.73,185.87,96.95,225.75,0,270.8,2243.03,0,114.53,362.98,352.68,1066.02,218.18,0,1049.51,,839.57,0,758.88
1996-08-30 00:00:00,559.24,815.84,,306.32593675,90.2811538095,11830.022,7088,1571.48,469.98,850.22,204.13,97.91,225.28,0,283.9,2243.45,0,121.13,358.58,351.23,1066.02,222.03,0,1091.23,,802.66,0,741.38
1996-09-30 00:00:00,580.7,849.62,,505.8828785,94.94205112975,14325.686,7263,1584.78,498.78,874.62,220.28,105.29,217.69,0,283.18,2198.73,0,124.05,375.24,352.78,1066.02,308.86,0,1142.6,,796.64,0,749.04
1996-10-31 00:00:00,608.49,904.91,,808.76588175,100.48984718325,31762.611,13413,1734.52,529.55,882.98,204.26,110.69,226.56,0,293.77,2249.08,0,121.59,371.52,356.29,1083.4,354.47,0,1167.45,,784.06,0,770.83
1996-11-29 00:00:00,606.87,908.88,,886.6279355,102.2913768265,30466.351,12442,1735.12,532.82,897.74,244.47,110.51,216.66,0,292.93,1986.55,0,125.83,358.97,332.94,1083.4,362.72,0,1217.24,,740.11,0,740.11
1996-12-31 00:00:00,602.97,897.72,,782.49583725,106.03470647425,25692.271,7051,1728.28,534.96,884.62,242.69,107.07,221.43,0,290.77,1853.87,0,126.4,368.29,318.27,1083.4,337.98,0,1235.94,,709.44,0,713.98
1997-01-31 00:00:00,621.63,949.37,,752.822982,110.09027269175,24199.72,13681,1763.19,609.55,920.39,251.75,110.28,221.85,0,289.42,1864.44,0,126.22,367.59,321.5,1083.4,337.44,0,1286.34,,709.48,0,759.95
1997-02-28 00:00:00,620.5,955.1,,445.337397,108.3043,16668.3,8079,1749,609,910.4,255.2,114.7,219.5,0,289.8,1874.2,0,125.8,363.1,313.4,1083.3,319.3,0,1313,,697.3,0,728.7
1997-03-31 00:00:00,637.5,977.5,,996.918,111.6359,37637.5,9958,1736.1,652.8,932.9,239.2,119.5,216.2,0,302.5,1824.1,0,125.7,369.6,327.7,1079.1,364.9,0,1318.1,,695.1,0,829.5
1997-04-30 00:00:00,739.6,1172.9,,2242.9,129.6123,65165.6,20496,2065.3,782.4,1012.3,276.4,136.2,233.6,0,361.3,1963.6,0,128.5,418.6,367.1,1079.1,472.1,0,1410.5,,644.7,0,885.1
1997-05-30 00:00:00,732,1142,,1997.35,128.2191,53443.7,15499,1956.7,774.5,1018.5,322.8,140.5,199.2,0,356.2,1923.3,0,127,420,377.8,1091.6,458.9,0,1589.7,,618.3,0,923.1
1997-06-30 00:00:00,791.9,1267,,2161.7,139.289,42850.6,17274,2128,827.2,993.9,351.7,164.6,174.3,0,359,1880.1,0,126.3,464,427.9,1091.6,473.2,0,1706.6,,574,0,1030.9
1997-07-31 00:00:00,869.7,1411.2,,2087.1,152.9999,60660.5,24622,2408.9,831.3,972.7,343,196.5,182.2,0,394.8,2057.2,0,133.4,510.2,440.2,1091.6,496.3,0,1859.1,,579.7,0,1146.9
1997-08-29 00:00:00,814.8,1273.9,,1722,148.8546,60914.3,21719,2195.9,808.7,956,305.3,174.9,204.4,0,396.2,2299,0,128.3,471.4,438.4,1091.6,507.3,0,1718.6,,573.8,0,1103.2
1997-09-30 00:00:00,779.9,1227.2,,1572,142.7543,48430,14947,2087.5,780.1,900.8,279.1,176.5,186.8,0,374.5,2269.1,0,125.9,441.9,400.9,1014.2,461.1,0,1531.7,,558.1,0,1044.4
1997-10-31 00:00:00,728.5,1119.2,,1669.8,133.352,41778.6,14860,1922.8,732.5,800.8,279.9,161.8,181.3,0,347.1,2234.5,0,120.1,420.3,379.3,1014.2,443,0,1491.6,,546.9,0,1029.3
1997-11-28 00:00:00,671.4,1024.1,,1277.5,123.1861,33551.7,22279,1729.9,652.5,796,244.2,156.7,164.1,0,306.9,1701.1,0,118.8,390.5,339.5,1014.2,464.5,0,1520.7,,512.3,0,934.6
1997-12-31 00:00:00,702.2,1068,,1328.7,129.4281,27891.5,21863,1772.1,705.1,830.3,257.7,164.5,166.2,0,307,1643,0,115.2,411.7,373,1262,543.2,0,1527.1,,559.5,0,941
1998-01-30 00:00:00,662.1,1016.4,,1397.8,122.3392,35822.5,13407,1654.4,653.8,763.8,255.3,161.9,135.5,0,286.9,1607.9,0,113.4,385.7,345.3,1262,490.1,0,1510.5,,553.6,0,863.7
1998-02-27 00:00:00,694.9,1075.9,,1707,128.8801,47754.1,13343,1750.5,712.6,782.5,272.5,170.3,148,0,293.2,1594,0,112.6,395.4,330.3,1262,525.2,0,1719.3,,555.3,0,879.9
1998-03-31 00:00:00,712.8,1111.5,,1496.4,134.7656,46905.1,28746,1809.7,760,807.9,237.1,173.3,152,0,292.3,1644.1,0,107.7,398.4,323.7,1200.6,574.2,0,1824.2,,551.3,0,892.5
1998-04-30 00:00:00,782,1236.6,,1795.6,147.8848,57482.9,29835,1961.5,851.6,859.6,266.5,192.4,143.1,0,303.9,1603.2,0,106.8,428.7,339.2,1200.6,730.9,0,1990.2,,530.4,0,989.7
1998-05-29 00:00:00,682.3,1024.1,,2800.8,129.6988,64084.3,38771,1638.8,742.8,800.3,246.2,158.7,136.6,0,285.5,1136.8,0,105.6,368.1,311.9,1200.6,707.1,0,1814.5,,523.9,0,946.6
1998-06-30 00:00:00,580.9,842,,1982.8,111.1207,70543.3,38583,1334.8,668.6,703.6,194.9,131.2,122.7,0,254.1,1009.4,0,105.8,331.4,282.9,1200.6,517.2,0,1602.3,,526.2,0,847.2
1998-07-31 00:00:00,596.3,893.5,,1561.9,114.4197,64169.4,44196,1381.2,635.5,731.2,205.4,146.2,104.8,0,243,1122.3,0,106.1,338.8,299.8,1200.6,557,0,1508.3,,526.2,0,879.2
1998-08-31 00:00:00,496,701,,1299.6,96.1904,42482.4,33788,1092.2,569.8,637.9,189.9,119.9,93.9,0,216.7,1021.5,0,103.8,273.8,256.4,1200.6,378.8,0,1457.6,,519.4,0,796.5
1998-09-30 00:00:00,499.1,710.6,,931.4,97.2712,42704.5,24561,1064.8,613.2,626.6,197.5,120.8,91.9,0,214.3,963.3,0,107.6,284.3,262.3,1200.6,342.3,0,1464.7,,556.9,0,786.4
1998-10-30 00:00:00,498.9,723.1,,741.3,97.3118,45957,14691,1032.8,626.9,625.2,200.7,124.2,91.9,0,224.2,925.7,0,106.1,288.6,266.8,1441.1,296.1,0,1516.9,,555.6,0,722.6
1998-11-30 00:00:00,575.3,881.4,,1820.08,112.2105,86045.9,25510,1250.2,768.3,663.4,243.7,139.8,111.3,0,247.5,1058.5,0,106.8,337,308.6,1441.1,299.9,0,1613.7,,608.2,0,797.5
1998-12-31 00:00:00,597.3,923,,695.1,116.6652,30685.7,23659,1355.8,763.9,661.7,253.5,143.7,107.8,0,266.4,1260.2,0,105.2,348.1,298,1441.1,295.6,0,1686.5,,736.7,0,846.4
1999-01-29 00:00:00,572.7,940.3,,819.1,112.1349,28674,20774,1257.1,755.1,675.8,250.5,133.1,108.5,0,262,1265.3,0,104.1,329.2,300.1,1966.9,264.1,0,1665.4,,823.4,0,821.1
1999-02-26 00:00:00,569.1,928.3,,648.1,111.2784,32803.8,17045,1228.5,776.6,696,247.3,131.8,109.2,0,265.9,1172,0,104.1,336,310.3,1966.9,220.2,0,1607.1,,713.2,0,818.1
1999-03-30 00:00:00,534.6,855.6,,719.5,104.9235,29271.1,12922,1105.4,746.2,729.7,234.5,122.7,103.3,0,254,1081,0,100.5,315.4,305.5,1988.4,198.3,0,1557.1,,679.1,0,799.1
1999-04-28 00:00:00,548.7,890.1,,494.5,107.6936,16216.721,7803,1148.3,791.5,800.6,231.5,126,107.2,0,259.8,1070.23,0,102.3,312.7,310.1,1988.4,194.6,0,1610.8,,666.4,0,779.2
1999-05-28 00:00:00,546.8,889.3,,1899.6,108.7339,78259.2,15200,1180.7,731.7,805.7,226.6,129.7,97.9,0,268.7,1070.1,0,104.5,310.8,318.3,1988.4,180.4,0,1656.8,,654.5,0,767
1999-06-30 00:00:00,517.6,829.6,,1042.4,102.934,24718.1,11944,1075.1,715.2,688.5,218.8,124.5,92.7,0,248.8,1064.8,0,103.5,294.6,307.3,1988.4,175,0,1525.2,,657.2,0,741
1999-07-30 00:00:00,571.1,962.6,,2115.9,113.5959,56147.8,18759,1270.1,739.1,719.4,231.8,143.8,96.7,0,288.8,1289.3,0,105.5,315.7,312.4,2045.6,184.5,0,1536,,669.4,0,722.6
1999-08-31 00:00:00,561.4,918.6,,1412.9,111.6665,54083.1,26704,1220,710.2,727,223.4,133,93.3,0,302.6,1228.8,0,102,319.1,319,2051,222.8,0,1553.9,,670.9,0,709.5
1999-09-30 00:00:00,568.7,924.5,,1222.9,113.1099,43987.8,26519,1171.4,709.2,715.9,208.5,139.3,94.5,0,296.6,1230.1,0,99.8,320.4,320.2,2051,315.6,0,1555.7,,695.5,0,658.6
1999-10-31 00:00:00,531.3,849.5,,1215.94,106.2622,39201.4,17915,1058.6,659.6,693.7,192.5,136,90.1,0,280.1,1151.2,0,99.7,307.2,344.6,2035.7,244.2,0,1508,,710.5,0,635.1
1999-11-30 00:00:00,554.5,908.2,,1538.6,110.982,38400.3,10507,1143.3,685.6,715.8,197.7,143.7,92.4,0,290.2,1116.7,0,101.4,313.9,361,2035.7,254.1,0,1542.1,,719.9,0,603.6
1999-12-31 00:00:00,572.5,937.5,,1543.7,112.7827,44156.1,19739,1213.7,690.8,743,211.1,148,93.7,0,294.5,1251.2,0,103.9,314,369.1,2035.7,271.4,0,1531.3,,665,0,691.8
2000-01-31 00:00:00,555.5,909.3,,801.25,109.7831,21064.11,19166,1140.2,695.1,716.4,208.1,144.1,91.6,0,282.7,1121.7,0,102.7,303.9,329.3,2035.7,281,0,1472,,663.1,0,640.2
2000-02-29 00:00:00,541.5,887,,1363.23,107,46019.01,17330,1172.5,670.1,738.8,217.7,130.8,90.7,0,278.7,1117.4,0,104.6,291.4,310.4,2035.7,275.4,0,1505.2,,662.7,0,587.1
2000-03-31 00:00:00,494.5,796.1,,1192.29,97.7,40600,15145,1037.6,630.2,662.8,210.4,117.7,86.2,0,256.8,1062.4,0,102.4,271.3,289,2035.7,237.4,0,1438.7,,670.1,0,516.2
2000-04-30 00:00:00,476.5,765.1,,665.52,94.2,23720.9,7575,987.1,632.4,597.2,192.3,113.6,77.7,0,250.2,1062.4,0,101.3,256.6,273.8,2035.7,214.5,0,1422,,669.5,0,517.6
2000-05-31 00:00:00,478.5,773.6,,1093.2,94.3,39562.3,14543,998.3,632.19,656.27,191.33,109.35,73.86,0,248.81,1022.64,0,97.86,258.53,267.87,2035.69,231.99,0,1444.53,,759.64,0,539.06
2000-06-30 00:00:00,513.6,853.2,,1863.331754,101.38,42386.991,15030,1117.7,634.7,768.6,194.3,129.2,76.6,0,252.3,1032.5,0,102.9,272.5,290.2,2035.7,235.3,0,1489.4,,686.7,0,582.2
2000-07-31 00:00:00,510.7,834.9,,1586.509724,100.59,89101.077,17396,1093.1,649.2,786.8,178.6,128.8,76.2,0,242.1,1051.3,0,99.2,283,288.3,2011.1,224.2,0,1653.1,,667.4,0,578.7
2000-08-31 00:00:00,496.7,802.6,,562.45528,98.14,35370.636,11863,1046.6,661.2,840.8,161.2,120.2,71.3,0,230.7,1047.9,0,101,275.7,286.9,2011.1,217.6,0,1641.2,,675.3,0,565.7
2000-09-30 00:00:00,523.3,859.3,,501.663284,103.49,35904.422,10598,1111.7,714.9,820.1,172.4,125,100.5,0,234,1073.5,0,104.5,287.4,304.3,2011.1,242.2,0,1685.3,,681.7,0,590
2000-10-31 00:00:00,494,796.7,,527.441536,97.72,27471.737,11613,1006,679.1,800.7,164.4,118.9,89,0,226.5,1063.3,0,101.1,275.8,312.5,2011.1,221.2,0,1611.7,,681.7,0,569.4
2000-11-30 00:00:00,434.3,663.2,,458.023328,85.99,25927.766,12103,828.2,609.7,783.1,130.8,96,84.1,0,209.3,1016.9,0,97.8,243.7,287.6,2011.1,204.6,0,1548.4,,705.4,0,560.7
2000-12-31 00:00:00,447.6,698.5,,430.319814,88.8,21473.8,7948,870.42,629.46,767.9,131.16,103.9,77.07,0,210.79,1003.12,0,97.9,243.83,268.42,2011.15,213.1,0,1524.85,,708.06,0,558.63
2001-01-31 00:00:00,439.5,682.6,,348.2,87.29,27825.6,7659,848.2,623.7,788.9,127.4,102.5,73.7,0,211.8,962.9,0,96.3,239.9,255.2,2011.1,198.4,0,1557.1,,687.7,0,556.7
2001-02-28 00:00:00,442.4,687.6,,361.9,87.5,15396.6,5624,850.7,612.3,826.8,134.6,104.8,76.8,0,210.2,945.7,0,94.9,240.7,248.8,2011.1,200,0,2083.5,,670.4,0,540.4
2001-03-31 00:00:00,423.6,645.1,,440.5,83.8,21165,7353,810.4,578.9,760.5,138.3,98,74.1,0,212.9,935.4,0,93.6,233.6,249.2,2011.1,183.9,0,2093.7,,646.4,0,530.5
2001-04-30 00:00:00,416.4,629,,394.962837,82.46,25121.102,4869,793.2,570.7,757.2,124.1,96.5,73.2,0,213.9,959.5,0,91.2,230,222.7,1860.3,179.5,0,2218.3,,638.6,0,519.8
2001-05-31 00:00:00,420.8,637,,545.924495,83.34,22122.815,5707,826.8,542.4,791.4,127.1,98.7,73.2,0,211,956,0,91.5,236.8,235.6,1860.3,181.5,0,2313.9,,623.3,0,549.1
2001-06-30 00:00:00,428,641.1,,657.819165,85.21,44257.48,8266,828.8,557.3,813.4,129.5,98.8,72.6,0,219.2,921.9,0,90.8,251.2,230.3,1860.3,180.3,0,2324.9,,654.5,0,550.8
2001-07-31 00:00:00,418.8,622.8,,298.85275,83.45,20684.895,6188,776.1,561.6,756.4,144.1,98.1,71,0,212.9,929.9,0,93.3,248.5,254.4,1852.7,173,0,2181,,657.2,0,527.1
2001-08-31 00:00:00,407.3,618.1,,1425.561261,81.17,117166.321,8929,770.9,571,700.4,170.7,94.9,72.4,0,192.9,928.1,0,87.8,243.9,255.7,1852.7,160.7,0,1761.3,,653,0,489.1
2001-09-30 00:00:00,403.6,607.4,,527.856811,80.43,34429.7,6582,751.9,574.4,716.3,161.9,91.9,71.6,0,191.8,935,0,91.1,250.3,253.5,1754.5,155.1,0,1706,,656.8,0,484.1
2001-10-31 00:00:00,505.6,835.9,,2394.573221,100.74,101472.761,25938,1079.3,694.5,825.5,200.1,133,60.3,0,205.8,1100.4,0,98.7,288.1,261.4,1754.5,184,0,1796.2,,683,0,542.7
2001-11-30 00:00:00,537.5,878.5,,1968.815548,107.13,127501.112,30454,1163.3,704,871.8,246.5,130.1,74,0,216.2,1247.1,0,104.4,337,277.9,1688.9,221.1,0,2099.4,,689.7,0,611.2
2001-12-31 00:00:00,621,1031,,4391.755388,124,189817.966,42154,1355.8,787.5,993.7,316.2,153.9,91.1,0,236.5,1502.4,0,106.1,382.7,299.3,3965,235.4,0,2254.6,,686,0,640.6
2002-01-31 00:00:00,562.2,909.8,,1331.8,112.4,72005.45,18587,1203.8,713.6,883.9,267.8,134.2,84.8,0,230.2,1478.4,0,98.3,351.7,301.2,3984,207.5,0,2123.5,,603.3,0,568.7
2002-02-28 00:00:00,603.9,988.4,,1386,121.06,75993.5,17283,1317.4,758.4,922.5,305.5,144.1,88.4,0,247.4,1604.3,0,104.1,393.7,279.7,3984,209.2,100,2336.1,,603.8,0,590.7
2002-03-31 00:00:00,617.6,1006.7,,2467.8,124.65,114294.1,16761,1332.2,796.8,1000.2,311.6,148.1,84.8,104.6,268.7,1434.3,0,103.9,384.4,268.7,3984,206.1,100,2308.3,,686.8,0,644.6
2002-04-30 00:00:00,617.2,1026.2,,1284.8,124.5,41376.9,10196,1371.8,783.2,954.6,300.3,151.4,80.1,103.4,261.7,1646.8,0,100.4,382,271,3806.2,199.6,100,2308.3,,686,0,634.7
2002-05-31 00:00:00,684.7,1177.8,,3286.2,138.5,88468.3,22280,1635,897.5,1010.1,332.7,165.6,81.7,99.6,287.8,1613.2,100,98.5,411,348.3,3806.2,194.8,100,2390,,682.8,0,660.2
2002-06-30 00:00:00,711.4,1222,,5204.7,143.9,196466.7,30864,1742.5,890.5,1015.5,322.4,168.1,146.4,97.8,321.6,1723.7,100,106.4,430.9,378.3,3730.3,193,100,2471.2,,710.6,0,678
2002-07-31 00:00:00,700,1214.1,,1993.992579,142.28,82213.222,21288,1722.3,872.4,996.9,315.6,170.7,133.5,94.2,311.6,1751.6,80,97,425.3,384.4,3443.9,180.9,100,2391.4,,767.9,0,682.3
2002-08-31 00:00:00,752.1,1327.1,,3052.224352,152.9,75827.357,23936,1899.7,918.6,1048.5,352.5,187.7,140.3,97.1,328.7,1831,100,100.7,444.9,408.3,3443.9,196,100,2408.9,,839.6,0,732.4
2002-09-30 00:00:00,856.5,1463.9,,5083.819002,174.28,235535.905,54807,2013.7,1018.1,1183.9,396.7,217.3,185.6,108.5,425.9,2986.4,98.3,172.3,502.2,523.5,3410,210,100,2561.6,,979.2,0,820.4
2002-10-31 00:00:00,820.3,1384.3,,2933.403947,166.01,143077.653,39410,1936.9,1006.7,1245.6,362.9,201.9,176.9,98.9,403.5,2800.9,90,145.4,483,478.5,3583.6,203.7,100,2860.4,,990,0,811.4
2002-11-30 00:00:00,802.4,1339.1,,1386.273048,159.86,51829.124,16788,1847.3,1013.1,1259.2,354.5,195.5,182.2,95,401.9,2715.5,90,144.8,472.4,469.4,3535,200,100,2682.3,,971.9,0,821.3
2002-12-31 00:00:00,815.1,1374.6,,1111.995965,162.58,42955.694,10926,1855.7,1041.9,1253,379.7,201,175.1,102.6,413,2635.5,90,134.6,483.1,459,3547.3,198.8,100,2682.3,,912.6,0,906.1
2003-01-31 00:00:00,793.5,1345.3,,1941.5,186.2206,80144.8,24408,1865,1031.7,1272.3,352.5,193.4,173.2,116,413.2,2470.1,83.3,128,450.9,457,3733.6,195.8,100,2593.3,,975,86.7,908.6
2003-02-28 00:00:00,748.5,1245.2,,996.7,176.0485,47740,12121,1734.2,980.2,1249.5,312,181.5,154.2,113.5,382.3,2367.6,76.7,115,427.8,450.2,3701.7,185.9,100,2567.5,,970.6,83.3,851
2003-03-31 00:00:00,739,1259.6,,1559.8,173.5936,39566.5,11567,1749.1,982.5,1186.5,312,183,153.2,111.3,370.7,2304.3,76.7,113.6,411.3,448.3,3701.7,172.1,100,2429.8,,973,80,850.4
2003-04-30 00:00:00,824.4,1427.6,,2332.6,194.037,87647.5,19566,1988.7,1096.8,1347.1,318.9,202.5,156.9,119.5,414.5,2521.6,73.3,118.6,464.9,533.2,3843.3,199,100,2630.1,,1054.7,88.3,947.8
2003-05-31 00:00:00,858.7,1524.3,,4822.4,202.1261,87880.4,20482,2054.3,1139.9,1371.8,296.4,225.1,171.9,115.6,410.8,2629.5,70,122.6,482.6,682.6,4020.4,189.9,100,2710.4,,1162.1,90,1066.9
2003-06-30 00:00:00,1048.9,2062.5,,10515.2,247.7505,274393.8,62970,2776.9,1331.9,1625.2,298.1,301.3,168.4,111.9,469.8,3514.5,80,147.3,577.5,759.6,5696.2,198.5,100,2974.4,,1297.1,93.3,1387.8
2003-07-31 00:00:00,1045.8,2026.7,,5257.5,247.1,124099.571,38138,2685.5,1332.4,1556.3,282.2,293.7,153.3,106.1,478.4,3201.8,73.3,144.6,591.9,740.4,6722,204.9,100,2744.2,,1266.7,100,1214.7
2003-08-31 00:00:00,1082.6,2093.5,,5109.527,256,137268.8,36737,2629.5,1381.7,1512,276.3,316.7,163,104.6,535,3178.6,73.3,149.7,649.3,707.6,6722.8,210.6,100,2773.9,,1241.6,100,1361.3
2003-09-30 00:00:00,1292.4,2394.8,,16530.883,308,483693.546,67382,2955.3,1462.9,1507.6,276.8,369,267.4,106.5,923.6,3293.2,73.3,151,676.2,700,6694.5,216.5,100,4065,,1394.6,151.7,1468
2003-10-31 00:00:00,1416.4,2584.2,,13590.846,345.5,496318.007,93865,3256.1,1548.7,1530.3,296.2,413.3,287.3,111.8,980.3,3768.4,61.7,194,673.7,725.6,6694.5,223.1,100,6076.8,,1515.7,181.7,1534.7
2003-11-30 00:00:00,1206.3,2187.9,,7489.068,298.4,270251.743,65846,2812.7,1331.7,1393.3,272.6,354.1,279.4,101.6,801.8,3105.1,46.7,159.4,597.8,622.7,6694.5,206.9,100,4600.2,,1378.4,143.3,1276.7
2003-12-31 00:00:00,1062.1,1897.8,,3691.319,262.8,126492.546,29872,2463.4,1257.3,1247.7,261,301.1,280.9,92.7,663.5,2826.4,48.3,143.2,556.4,557.8,6694.5,192.8,100,4412.7,,1287.9,120,1179.6
2004-01-31 00:00:00,1211.1,2169.7,,4554.443,300.9,132034.288,39056,2774.7,1299.92,1291.6,275.64,345.19,280.74,90.83,801.15,3284.59,48.33,152.33,616.69,591.04,6782.84,199.84,100,4713.46,,5844.17,140,1221.06
2004-02-29 00:00:00,1224.9,2089.9,,3936.855,299.5,104435.425,33230,2750.22,1325.8,1318.06,293.21,345.52,416.25,90.78,916.61,3505.01,48.33,150.35,626.14,588.27,7492.15,204.47,100,5328.87,,5847.15,126.67,1317.98
2004-03-31 00:00:00,1284.2,2021,,4023.444,314,109463.021,36576,2631.17,1331.44,1330.18,289.23,377.08,457.21,88.46,894.45,5529.9,46.67,147.89,603.16,604.82,20461.11,198.39,100,4742.66,,5862.84,123.33,1299.63
2004-04-30 00:00:00,1212.3,1836.8,,3486.62,296.5,128926.007,31545,2477.7,1227.16,1360,247.58,376.38,460.86,84.59,799.05,5369.28,46.67,137.33,578.2,587.39,20133.55,189.19,100,5135.94,,5871.85,103.33,1262.83
2004-05-31 00:00:00,1319.3,1988.9,,3725.724,322.6,228824.2,46957,2744.8,1384.55,1840.55,289.51,416.8,545.36,90.84,972.9,6009.24,46.67,156.33,652.63,681.72,13325.15,213.35,100,5192.91,,6805.6,105,1500.77
2004-06-30 00:00:00,1358.5,2069.1,,5158.27,332.3,269667.563,54654,2748.34,1475.65,1814.09,297.18,447.45,580.16,96.66,954.08,7785.66,53.33,172.03,664.55,696.73,11375.66,214.32,100,5029.66,,6846.59,111.67,1593.48
2004-07-31 00:00:00,1454.4,2192.4,,9445.732,356.12,486390.023,96118,2821.12,1537.06,2002.2,319.66,463.54,692.67,98.72,1003.81,7684.35,60,205.8,695.12,770.07,15146.49,233.19,100,5033.07,,7300.77,133.33,1767.37
2004-08-31 00:00:00,1370.4,2054.6,,5855.777,335.79,422777.727,77697,2673.82,1423.6,1819.64,285.25,435.45,631.01,106.7,981.89,6542.83,63.33,202.97,659.58,706.96,13362.55,220.6,100,5295.91,,7702.27,121.67,1605.35
2004-09-30 00:00:00,1450.8,2138.5,,5565.708,357.94,282973.737,73521,2703.95,1522.55,1902.61,297.36,455.32,616.97,123.56,1170.09,7219.19,63.33,224.71,712.36,767.79,13621.64,235.65,100,5186.61,,7711.19,125,1687.22
2004-10-31 00:00:00,1534.4,2194.6,,5633.098,379.3,278125.226,77120,2742.59,1513.78,1985.29,309.29,492.13,618.05,137.14,1530.88,7820.6,73.33,228.15,725.2,786.72,14215.55,241.81,100,5283.07,,7400.01,118.33,1651.91
2004-11-30 00:00:00,1499.4,2129.4,,3609.866,365.11,150900.382,39790,2612.99,1469.8,1891.84,304.64,491.87,647.07,135.17,1500.74,7439.12,76.67,202.57,746.22,759.92,13819.72,226.34,100,5045.62,,7530.13,111.67,1572.96
2004-12-31 00:00:00,1506.9,2073.7,,4231.16,382.06,157517.817,39937,2596.65,1495.98,1831.55,286.55,492.16,630.99,134.01,1383.82,7268.15,60,189.32,746.66,717.55,14072.74,227.66,159.55,4897.22,,7526.15,103.33,1553.12
2005-01-31 00:00:00,1650.7,2266.6,,6361.926,422.06,238300.535,58945,2712.71,1545.53,2072.07,330.1,552.16,653.07,145.3,1460.04,9052.84,71.67,211.69,904.33,801.24,15510.06,223.06,196.2,5268.23,,7703.45,108.33,1724.57
2005-02-28 00:00:00,1715.1,2329.9,,8052.171,438.5,553152.04,84821,2843.79,1614.61,2177.57,367.27,569.36,668.65,186.78,1468.73,10150.23,66.67,217.19,975.9,934.09,18800.22,240.23,180.62,5268.23,,6637.77,108.33,1799.57
2005-03-31 00:00:00,1751.9,2392.2,,13213.364,448.9,932382.531,143284,3081.15,1612.46,2327.15,429.93,565.04,673.3,191,1463.73,8762.96,100,251.79,1024.53,1153.75,18935.59,243.97,176.04,5498.14,,6984.99,108.33,1834.82
2005-04-01 00:00:00,1829.6,2575.2,,8426.045,469.5,310252.941,85919,3226.29,1672.19,2366.44,409.9,615.25,713.53,216,1499.82,8932.48,123.33,259.66,1075.54,1247.22,16077.44,257.93,186.12,5378.18,,7000.44,110,1985.39
2005-05-31 00:00:00,1936.1,2694.1,,10293.357,497.121,436073.517,122357,3371.87,1740.27,2331.91,408.46,663.18,677.95,195.84,1537.36,9210.79,110,281.52,1057.74,1282.03,21106.49,291.29,189.79,6765.78,,6811.08,130,1867.96
2005-06-28 00:00:00,1897.8,2681.6,,4711.638,489.1,175732.504,54699,3269.53,1731.74,2247.79,369.46,634.16,692.76,182.45,1499.21,8831.22,106.67,253.61,1001.87,1364.23,20379.03,278.8,195.22,6602.53,,7392.97,146.67,1761.7
2005-07-28 00:00:00,2047.21,2734.35,,7924.258,619.7,362597.978,64712,3334.04,1830.05,2337.97,368.74,648.55,817.16,197.27,1689.55,9042.35,111.67,265.86,1021.2,1349.91,19326.04,297.82,181.39,6918.27,,8357.63,185.71,1868.05
2005-08-28 00:00:00,2145.02,2804.2,,12142.674,649.6,654793.848,99252,3584.73,1912.83,2382.79,356.14,701.9,853.09,210.8,1739.15,10099.25,111.67,273.33,1032.89,1527.06,20564.63,298.92,156.75,6937.07,,9444.83,194.53,1977.79
2005-09-28 00:00:00,2434.4,3208.9,,13352.585,734.8,394589.143,111205,4089.63,2405.94,2493.99,364.74,789.95,949.12,224.33,1859.9,12416.45,117.23,339.35,1138.92,1932.19,19997.64,326.57,173.81,9014.76,,9347.61,225.66,2128.83
2005-10-28 00:00:00,2516.47,3320.57,,13565.499,761.5,414625.317,106868,4405.78,2476.32,2495.65,382.21,789.18,1079.29,238.41,1901.67,13239.25,123.19,477.77,1171.54,1992,19934.21,341.53,164.22,9359.36,,12007.34,227.8,2341.81
2005-11-28 00:00:00,2292.46,2944.5,,11577.809,696.3,422312.224,100209,4114.1,2245.03,2199.67,328.55,720,772.32,216.79,1717.09,11908.42,107.3,366.35,1045.92,1860.3,18601.87,297.18,148.68,8665.86,,12279.02,211.6,2094.39
2005-12-28 00:00:00,1922.21,2451.06,,4977.879,584,233465.661,68180,3574.98,1890.3,1762.88,272.47,596.19,625.79,172.56,1359.03,8381.93,77.49,292.63,843.31,1516.91,18086.16,245.38,125.22,6832.84,,10910.23,180.04,1672.17
2006-01-28 00:00:00,2138.97,2773.08,,7896.887,649.8,283475.235,65784,3922.01,2077.52,1982.26,301.35,630.63,752.23,203.49,1550.41,10339.56,95.37,375.07,984.12,1735.81,20024.85,283.46,116.95,7956.29,,7235.51,207.32,2030.82
2006-02-28 00:00:00,2212.69,2800.5,,7367.145,672.2,217292.556,87096,4088.59,2201.52,2509.72,306.82,688.02,828.81,202.91,1574.56,10449.47,87.43,384.64,988.93,2068.99,20403.73,367.7,110.64,7907.62,,8840.15,203.52,2014.06
2006-03-28 00:00:00,2264.36,2877.66,,11362.000205,688.2,362569.687,102773,4146.63,2259.28,2565.39,328.23,687.28,806.84,201.31,1624.66,10579.6,111.27,414.25,992.92,2067.34,19624.26,356.44,112.32,7709.9,,10444.03,213.95,2189.28
2006-04-28 00:00:00,2263.44,2861.42,,6225.496,688.2,261260.899,76185,4101.01,2281.79,2484.81,307.74,658.56,793.69,193.26,1583.96,10791.02,99.35,365.54,973.91,2006.71,23179.04,339.13,103.01,7539.79,,10436.81,226.04,2092.57
2006-05-28 00:00:00,2203.82,2817.27,,4178.082,672.5,166190.973,54845,4015.97,2195.99,2489.21,309.2,634.11,799.16,183.6,1464.77,9809.91,83.45,347.06,927.28,2038.56,23203.58,389.58,93.09,7089.84,,10439.73,224.92,1955.47
2006-06-28 00:00:00,2114.37,2729,,7208.153,645.3,290136.739,82978,3831.64,2244.54,2265.75,292.24,611.25,744.06,203.27,1344.59,8792.61,81.47,335.72,907.61,2139.12,20464.41,381.09,98.91,6528.76,,10304.63,211.76,1866.13
2006-07-28 00:00:00,2196,2814,,6338.235163,670.3,626577.044,81685,3927.13,2365.53,2267.36,323.1,611.5,754.21,257.55,1413.88,8772.3,81.47,374.63,957.62,2038.62,20836.18,408.04,97.51,6598.8,,10348.7,222.14,2060.01
2006-08-28 00:00:00,2200,2798.02,,5692.604016,673.076054,275154.815,57707,4019.12,2381,2238.09,348.04,614.19,798.4,256.6,1407.33,8694.37,81.47,343.39,981.9,2116.72,20947.51,417.43,96.37,6603.59,,10353.73,219.89,2122.57
2006-09-28 00:00:00,2383.4,3006.2,,7304.44,729.461361488,328704.97,91406,4286.65,2606.1,2505.41,372.37,648.57,839.04,264.11,1589.67,9946.58,97.36,365.2,1090.63,3586.67,21473.24,426.02,112.95,7385.99,,8976.44,235.72,2354
2006-10-28 00:00:00,2454.25,3135.1,,10173.41,751.908751444,306215.786,88353,4585.75,2833.53,2488.07,377.73,695.27,808.7,269.88,1547.95,10276.23,129.15,361.49,1118.85,3385.11,19948.01,420.32,104.22,7280.74,,9538.38,240,2364.27
2006-11-28 00:00:00,2777.73,3785.92,,24236.109049,851.646184,646549.778,113115,4823.71,3260.45,3182.65,485.64,809.37,848.97,295.29,1498.09,10807.91,137.1,345.27,1195.25,3445.1,20852.03,446.43,101.49,7140.24,,9484.47,305.47,2312.71
2006-12-28 00:00:00,2722.36,3711.8,,7171.572492,834.762986,148219.261,50460,4823.35,3206.86,3049.86,461.81,810.03,847.74,286.55,1450.45,11824.29,123.19,330.87,1190.49,3307.25,20141.32,428.35,102.73,6704.86,,10309.12,291.83,2368.72
2007-01-28 00:00:00,2924.25,4040.35,,14935.475445,909.97,337627.585,95083,5321.31,3483.05,3397.04,556.83,884.91,889.88,311.75,1467.51,14763.83,127.16,330.04,1307.62,3603.24,20272.13,450.14,114.3,7028.06,,10308.72,308.57,2535.19
2007-02-28 00:00:00,2982.89,4188.26,,14272.054061,928.44,337941.455,94062,5484.3,3498.11,3254.74,547.36,836.82,885.49,348.96,1436.54,14391.09,121.2,335.01,1387.06,3665.43,20127.55,439.62,116.78,7073.89,,10635.67,332.15,2535.81
2007-03-28 00:00:00,2789.81,3837.56,,9730.723729,869.26,245807.745,73370,5125.08,3135.34,2907.02,557.96,833.87,837.69,311.49,1321.41,13024.12,103.32,299.22,1253.53,3360.86,22626.64,421.07,107.54,6603.12,,9641.47,302.84,2373.41
2007-04-28 00:00:00,2811.3,3869.4,,4235.093,884.65,81569.117,33623,5084.01,3138.44,2883.47,563.1,851.47,815.75,304.47,1313.17,13094.6,113.26,299.5,1250.01,3379.23,22905.9,419.62,108.34,6603.12,,9546.31,304.98,2488.45
2007-05-28 00:00:00,2508.3,3549.7,,12536.833,804.32,427532.234,46158,4385.18,2877.23,2293.15,500.51,722.42,646.27,263.43,1149.51,10634.47,101.33,245.26,1134.91,3027.89,18066.85,385.42,93.8,6025.75,,9850.55,293.5,2097.49
2007-06-28 00:00:00,2572.2,3583.98,,5291.994,828.47,192688.731,38697,4716.55,2973.15,2382.89,539.78,754.83,708.35,274.37,1213.11,11213.09,101.33,271.64,1185.3,2963.31,17679.78,432.9,89.87,6133.07,,8675.51,287.68,2286.43
2007-07-28 00:00:00,2442.11,3357.86,,2500.484,787.114,107155.533,37061,4627.99,2845.14,2285.75,527.47,691.28,709.58,277.58,1135.23,10248.56,103.32,273.46,1138.26,3063.11,17088.01,425.51,86.1,5563.65,,7730.89,269.74,2226.63
2007-08-28 00:00:00,2526.59,3452.95,,7839.67,814.62,211384.005,69804,4785.72,3002.45,2302.51,566.64,719.28,796.37,355.09,1223.47,10254.9,131.14,287.66,1134,2885.41,16633.57,450.46,90.92,5814.05,,9908.22,272.77,2244.47
2007-09-28 00:00:00,2556.62,3459.85,,8528.356,824.35,278015.898,86423,4743.04,3213.73,2462.98,583.11,701.64,814.69,347.85,1353.65,11566.23,127.16,281.22,1132.05,2937.01,17373.36,437.69,89.42,5936.7,,10019.68,276.57,2334.17
2007-10-28 00:00:00,2615.23,3529.59,,10703.933,843.37,257309.48,116134,5022,3197.72,2614.24,604.02,712.39,910.6,377.47,1299.39,11816.81,220.55,303.5,1114.52,2941.93,17878.98,447.71,85.7,5962.54,,11260.85,283.14,2610.15
2007-11-28 00:00:00,2560.16,3372.97,,8310.319,825.32,315617.69,112901,4992.19,3116.06,2522.97,730.48,711.79,932.48,345.47,1312.48,12206.37,153,285.18,1093.24,2892.72,20359.21,597.53,79.68,6202.95,,11243.88,262.4,2673.53
2007-12-28 00:00:00,2540.99,3291.87,,6100.454,820.65,146110.023,73612,5109.62,3183.96,2544.92,723.38,715.27,928.88,335.75,1335.37,12248.71,127.16,287.15,1086,2735.74,20164.35,722.92,81.17,7790.63,,10745.59,245.72,2596.62
2008-01-28 00:00:00,2446.13,3113.07,,3418.573,791.61,126076.817,60121,4833.85,3160.84,2410.91,783.99,677.33,872.34,300.58,1470.48,11122.73,115.24,269.75,1120.52,2699.46,19504.68,711.98,81.17,6772.34,,10312.05,229.27,2451.79
2008-02-28 00:00:00,2530.86,3172.21,,7625.3,819.92,310853.763,100678,4988.47,3335.09,2623.05,903,704.32,936.59,313.73,1384.35,11205.17,125.18,293.76,1209.74,2757.22,21453.68,873.67,84.05,7046.49,,10331.29,231.28,2483.84
2008-03-28 00:00:00,2550.47,3181.3,,9654.4,827.73,324148.518,87041,4976.7,3492.89,2672.24,819.99,714.18,876.2,288.3,1345.34,12714.23,123.19,293.77,1208.42,2873.21,21817.87,825.36,85.02,7437.63,,10935.64,235.8,2417.3
2008-04-28 00:00:00,2632.96,3237.28,,46315.028,851.63,1042796.082,70924,5018.3,3644.75,2787.94,885.15,727.83,875.17,289.9,1375.62,13594.35,113.26,299.8,1301.21,3180.71,26209.61,909.4,81.52,7173.22,,10833.22,241.83,2409.44
2008-05-28 00:00:00,2538.37,3066.88,,5438.849,821.27,171380.172,68345,4839.24,3644.59,2817,895.53,732.44,872.83,292.39,1290.37,12984.77,109.28,290.68,1266.8,3240.13,23794.67,868.24,81.09,7290.91,,11205.35,221.84,2351.66
2008-06-28 00:00:00,2457.84,2988.78,,5863.17,795.06,225311.362,63906,4566.5,3505.05,2665.9,865.55,704.4,819.95,275.89,1278.95,12959.26,101.33,269.68,1226.66,3147.67,23621.55,748.29,84.53,7438.6,,10933.22,221.1,2394.35
2008-07-28 00:00:00,2463.41,2955.43,,13528.837,801.38,227452.868,55558,4504.99,3447.22,2722.99,855.7,664.88,814.98,279.99,1326.93,12834.16,99.35,275.13,1287.64,3615.63,22928.21,803.03,91.27,6633.05,,12948.45,226.41,2336.69
2008-08-28 00:00:00,2408.64,2788.98,,6341.445,784.05,239785.189,83870,4531.88,3465.11,3258.68,960.47,661.15,815.84,288.23,1375.84,13388.84,103.32,289.65,1315.21,3965.2,23508.82,790.52,101.87,7109.91,,10243.44,194.29,2682.99
2008-09-28 00:00:00,2142.26,2397.19,,4083.528,699.25,165111.555,57114,4088.97,3177.99,2882.97,973.67,586.68,761.33,265.62,1320.12,12255.21,95.37,258.3,1244.81,3736.06,22793.08,691.13,101.08,6611.14,,10087.4,156.62,1987.57
2008-10-28 00:00:00,1821.53,2031.57,,3497.844,594.35,163586.631,59376,3450.35,2697.89,2499.56,854.04,466.23,631.77,255.32,1112.94,10004.46,75.5,223.2,1105.63,3344.69,17798.4,491.08,90.53,5995.62,,7974.96,142.46,1552.18
2008-11-28 00:00:00,1639.94,1842.53,,3293.965,535.02,129255.6,46610,3109.65,2569.3,2236.79,796.52,421.47,461.55,222.31,1032.18,8318.79,63.58,199.27,1063.64,3219.7,13561.08,403.08,80.23,5853.86,,7831.33,125.04,1323.64
2008-12-28 00:00:00,1503.02,1631.34,,1338.946,488.81,63376.851,22701,2823.44,2510.1,2077.72,702.22,363.44,455.59,220.97,951.89,7625.7,55.63,178.49,955.08,3127.41,11739.2,369.89,67.2,5382.86,,8784.44,117.21,1141.96
2009-01-28 00:00:00,1821.24,1964.98,,2684.529,592.74,173332.836,79869,3632.86,3133.43,2474.01,862.1,462.87,535.97,255.1,1275.2,9925.95,81.47,248.08,1109.32,3443.37,13979.92,507.34,83.18,6565.73,,8912.31,122.49,1438.25
2009-02-28 00:00:00,1694.14,1773.93,,4270.666,551.99,195387.516,35651,3318.06,3087.63,2368.1,887.21,420.11,518.26,252.67,1163.66,9300.5,63.58,231.75,1034.2,3326.12,13524.4,423.66,72.76,5405.57,,8803.91,114.35,1265.98
2009-03-28 00:00:00,1638.06,1736.2,,10250.688,533.75,193270.748,37394,3151.77,3007.36,2306.79,799.89,413.85,498.41,253.63,1121.18,9081.06,61.6,206.39,965.59,3250.9,13134.42,405.77,69.01,5303.57,,9215.8,112.24,1222.83
2009-04-28 00:00:00,1838.45,1963.09,,2643.935,599.04,130009.416,53868,3500.26,3421.4,2548,943.83,467.32,562.25,288.75,1271.34,10384.39,69.54,232.72,1107.71,3342.88,13947.05,462.71,75.08,5768.07,,8596.67,126.53,1312.57
2009-05-28 00:00:00,2215.96,2519.79,,13531.409,712.07,577524.438,113911,4490.23,3855.68,3090.34,1294.88,661.52,633.53,320.45,1628.46,12430.44,79.48,276.96,1274.62,3889.7,15013.1,519.11,79.63,7278.3,,8984.36,134.35,1688.79
2009-06-28 00:00:00,2432.15,2721.64,,16197.669,775.405,532342.796,170154,4833.23,4047.68,3477.98,1409.18,763.03,640.03,328.81,1923.39,13933.92,91.4,309.11,1332.32,3745.58,17525.27,589.72,74.09,7487.28,,8399.05,146.2,1988.09
2009-07-28 00:00:00,2432.15,2721.64,,9410.909,807.46,367096.212,107885,5093.15,4115.38,3378.79,1527.02,769.75,615.7,331.11,2042.28,15751.75,87.43,308.47,1418.24,3631.84,19588.63,618.36,73.38,8420.98,,8361.54,148.74,2181.25
2009-08-28 00:00:00,2607.65,2975.68,,8975.871,834.92,300698.648,105990,5337.59,4679.18,3491.15,1788.27,776.34,641.42,330.89,2300.51,18090.21,81.47,305.77,1446.63,3512.83,22723.34,639.88,72.25,8463.14,,8128.57,136.63,2594.18
2009-09-28 00:00:00,2938.64,3297.43,,19041.485,941.51,829870.323,189762,6170.19,4809.9,4483.87,2124.35,910.1,667.85,356.18,2611.62,23154.14,83.45,341.62,1620.21,4190.09,27093.26,661.44,81.86,11155.39,,9813.21,149.51,2969.4
2009-10-28 00:00:00,2976.93,3333.84,,19108.908,958.69,940797.734,191809,6305.2,4985.03,4622.21,2329.68,908.33,629.69,401.77,2529.87,22457.67,81.47,335.06,1680.61,4266.94,27963.36,596.81,83.94,10134.51,,9631.46,152.05,3143.09
2009-11-28 00:00:00,2913.39,3326.08,,12388.54,939.25,312398.689,72185,6008.18,4829.51,4544.71,2490.78,903.87,591.09,410.34,2421.85,24089.29,71.53,320.65,1692.25,6325.02,26871.17,594.54,78.76,8854.46,,10668.66,147,3068.49
2009-12-28 00:00:00,3385.55,3849.38,,23958.034,1092.4,371180.762,107821,6594.65,5362.82,5302.15,3205.56,1132.84,629.25,419.22,2842.87,32250.44,77.49,346.91,2013.64,7214.79,41597.92,635.52,84.42,11034.41,,12068.3,158.87,3878.47
2010-01-28 00:00:00,3636.4,4181.8,,27776.479,1171.241,713665.339,183566,6889.61,5898.22,5937.58,4125.51,1204.44,738.48,414.06,3512.45,34057.87,81.47,376.4,2153.6,7797.44,42650.67,718.14,83.9,12562.12,,11357.16,146.24,5929.15
2010-02-28 00:00:00,3807.9,4354.7,,28376.654,1226.966,973002.943,236947,7216.32,6359.23,6041.76,4409.66,1226.85,719.97,426.3,3512.3,36310.45,87.43,379.9,2327.5,9011.29,43036.1,837.71,86.9,12586.69,,15321.07,143.47,8533.54
2010-03-28 00:00:00,3724.6,4270.7,,32723.292,1210.84,963564.849,174924,7256.9,6454.49,5886.96,3926,1253.88,698.06,408.27,3410.09,26478.22,81.47,360.43,2353.93,8838.38,40490.89,728.88,86.78,14487.6,,17933.42,134.64,8231.04
2010-04-28 00:00:00,4188.88,4712.43,,26660.612,1363.35,970867.065,210289,8493.62,7473.54,6554.09,4103.41,1342.52,832.94,427.74,4006.37,27887.45,111.27,421.82,2597.31,9188.9,53772.23,917.68,88.24,15717.53,,20776.53,140.7,9364.43
2010-05-28 00:00:00,4237.16,4757.4,,34462.26,1380.19,1118381.53,210679,8724.76,7917.42,6529.34,3842.2,1360.02,932.27,442.15,3896.22,24594.05,162.93,402.22,2522.78,10075.68,52939.15,859.76,94.04,17718.63,,22710.16,146.52,9837.63
2010-06-28 00:00:00,4612.46,5278.35,,53231.15,1503.91,1644658.01,308817,10204.1,8161.4,6736.67,3938.26,1463.73,1114.69,472.04,3960.18,24506.1,158.96,539.23,2742.06,13245.91,54001.21,937.8,105.07,17853.9,,26553.22,163.47,11503.86
2010-07-28 00:00:00,5161.18,5854.73,,55470.33,1692.57,2963712.632,381291,10986.5,8960.96,7455.86,3902.77,1682.93,1127.56,506.25,4429.2,36665.32,158.96,556.25,2949.71,18430.71,68524.81,1060.6,114.34,24853.25,,27079.02,168.53,13748.5
2010-08-28 00:00:00,5658.01,5889.16,,54187.398,1862.74,1616816.278,361401,12249.27,9603,8185.65,3602.94,1923.65,1286.84,498.25,4937.83,33632.7,144.69,524.06,2935.89,24073.18,90272.09,1130.74,106.24,24097.69,,31602.65,175.13,18174.26
2010-09-28 00:00:00,6997.22,7552.7,,87164.514,2308.76,2187963.625,529329,17595.09,11042.27,10852.01,3983.52,2478.69,1460.82,553.26,5459.4,37885.56,152.08,582.94,3548.03,23605.45,93783.76,1487.08,140.26,30179.74,,49625.41,207.79,21754.71
2010-10-29 00:00:00,6678.05,7241.77,,90150.130011,2209.1,1420372.613,305140,16807.16,10791.16,9867.02,4121.06,2299.27,1185.98,515.83,5262.51,37295.88,141.96,514.21,3303.06,25675.54,96995.61,1286.53,120.8,28671.74,,43690.08,201.93,22349.03
2010-11-30 00:00:00,6434.85,6988.54,,31097.038242,2132,1545066.425,179330,15855.65,10627.66,9408.51,3976.73,2231.19,1164.22,512.54,4977.24,35201.65,134.67,491.25,3252.28,24667.73,92337.54,1194.35,119.74,28271.75,,49514.57,198.49,21471.09
2010-12-31 00:00:00,6635.87,7061.46,,43169.091885,2210.45,2347692.63,273394,16166.31,10949.19,10116.56,4395.94,2242.13,1255.45,506.74,5120.87,35928.88,166.14,489.46,3612.59,24513.48,101596.34,1335.28,122.66,28266.92,,50757.98,206.36,21974.15
2011-01-11 00:00:00,7174.9,7134.3,,75392.4,2387.6,3742823.6,624682,17395.9,11667.2,12105.1,4319.2,2381.5,1406.7,553.6,5233.1,41643.9,374.5,536.3,4192,27983.3,105638.7,1662.3,167.1,28350.5,,62791.5,216.9,22953.4
2011-02-11 00:00:00,7798,7140.9,,60487.9,2599.9,1490200.6,418449,17334.6,11830.9,14035.1,4462.3,2554,1432.4,554.2,5171.6,88434.2,290.4,548.3,4244.2,30011.8,165173.2,1686.3,162.2,27741.5,,88358.6,223.5,24983.4
2011-03-11 00:00:00,7226.1,6874.7,,52817.8,2425.1,1423174.7,335730,17089.3,11741.4,12739.8,4158.9,2418.1,1297.9,570,4876.2,48065.1,246.8,501.4,4080.2,26787.3,140838.6,1559.9,145.2,26622.5,,75992.6,210.7,25119.5
2011-04-11 00:00:00,7356.97,6822.77,,31105.810954,2487.16,873553.034,254386,16961.23,12299.19,14306.31,4277.12,2433.44,1321.71,579.02,4898.91,48411.52,271.69,520.07,4172.69,36750.7,142942.3,1493.1,142.68,30276.05,,91686.15,207.83,27289.97
2011-05-11 00:00:00,7418.07,6853.61,,49633.535991,2515.22,1976601.265,412175,17826.36,12256.78,14607.66,4067.33,2438,1338.72,606.51,4874.55,44279.72,268.88,580.49,4103.88,37922.06,129172.86,1548.95,151.01,33324.69,,87110.17,205.91,33276.33
2011-06-11 00:00:00,6825.94,6301.02,,61186.069302,2351.75,4364160.681,485625,16091.28,11450.46,13054.02,3764.14,2248.02,1281.88,548.73,4519.2,40533.03,278.01,598.82,3724.46,34526.08,131111.74,1370.91,144.9,30450.93,,54322.48,190.44,27518.73
2011-07-11 00:00:00,6845.38,6210.07,,34531.868289,2444.7,1615412.185,348878,16774.4,11241.95,13276.5,3917.2,2231.07,1216.72,541.63,4476.81,42979.39,267.77,580.36,3717.81,33746.29,136226.46,1288.99,146.66,27996.57,,47723.34,183.27,26669.14
2011-08-11 00:00:00,6879.29,6233.82,,59243.59612,2466.61,2258586.436,555141,16291.78,11910.02,11901.76,3694.43,2242.09,1245.36,658.1,4498.52,40090.11,278.87,751.87,3639.92,30595.04,138246.91,1156.49,152.36,27972.56,,53745.26,187.31,27650.74
2011-09-12 00:00:00,6783.55,6045.11,,58037.094399,2435.5,3735655.729,486586,16377.36,12008.75,11857.51,3761.69,2185.13,1205.6,655.26,4417.75,39525.37,273.75,715.8,3615.36,30067.67,134991.72,1089.25,148.29,29515.55,,54386.64,173.98,28576.71
2011-10-13 00:00:00,6319.25,5631.28,,25241.113149,2270.98,1230253.031,252046,14970.51,11589.6,10591.29,3437.76,2035.13,1111.4,572.44,4161.85,34354.4,240.97,632.16,3355.63,27952.33,130496.68,941.8,139.61,27166.52,,45065.36,173.67,25052.91
2011-11-14 00:00:00,6087.4,5273.58,,20663.667149,2218.45,1181740.861,220425,14027.37,11663.21,10035.19,3407.49,1905.65,1177.54,571.75,3905.9,33742.13,237.73,656.65,3294.16,25931.49,132648.56,867.6,139.12,27713.98,,40486.34,170.74,25204.25
2011-12-15 00:00:00,6074.42,5229.16,,17915.029477,2213.87,651538.711,185229,13812.68,12112.42,10155.42,3386.13,1909.05,1182.03,586.47,3929.2,30943.85,233.29,635.6,3285.15,27114.92,131187.84,867.43,136.52,25071.1,,37593.48,167.91,25458.89
2012-01-01 00:00:00,5693.92,4925.91,,19101.832681,2084.13,969441.177,218569,13111.75,11645.19,10572.03,3271.05,1774.09,1100.39,525.4,3474.05,27018.39,197.78,575.6,3066.65,26160.27,129021.87,804.86,120.72,23146.89,,31915.74,159.21,22405.46
2012-02-02 00:00:00,5458.09,4751.06,,29456.683794,2001.18,978235.586,218342,12339.4,11468.4,9753.43,3213.62,1735.21,938.3,481.17,3430.19,23520.57,180.79,530.44,2873.47,23205.54,126606.99,730.81,117.35,22110.83,,25760.14,157.1,19303.17
2012-03-03 00:00:00,5420.2,4891.58,,33151.343867,2012.87,629779.989,113799,12064.85,11700.41,8675.58,3278.33,1818.21,846.95,463.31,3523.63,21966.52,146.65,508.22,2697.7,20420.03,114061.48,760.44,110,20886.55,,26462.27,158.11,18103.91
2012-04-04 00:00:00,5419.2,4851.24,,9008.104594,2016.91,529793.137,86128,12005.59,13648.75,8443.99,2847.97,1793.63,800.09,453.78,3439.06,19217.31,129.07,497.11,2605.52,16387.33,116027.86,744.97,102.71,21006.97,,24776.77,145.27,17172.3
2012-05-05 00:00:00,4832.15,4315.09,,8373.906554,1807.42,524138.141,112004,10539.62,12732.8,7379.96,2375.62,1644.76,685.89,434.71,3049.03,15488.19,97.06,425.19,2225.2,13930.39,101750.08,619.32,87.54,19134.26,,19168.03,127.29,14383.6
2012-06-06 00:00:00,4965.77,4383.2,2817.35,17762.024357,1894.22,725683.11,149449,10480.58,12809.5,7378.4,2478.36,1684.01,731.51,477.14,3261.08,16944.56,115.32,458,2368.9,14778.59,105955.21,676.93,89.49,18552.82,,21353.99,135.38,15263.68
2012-07-07 00:00:00,4944.86,4357.02,2785.73,8911.200081,1889.71,488281.137,101993,10412.28,13130.07,6900.99,2394.61,1650.31,813.25,495.11,3270.79,16731.94,108.24,455.73,2378.49,14865.44,103510.08,677.75,85.5,18779.14,,21537.59,133.06,16223.21
2012-08-08 00:00:00,5180.15,4811.99,2877.88,13339.4329,1980.81,603236.493,139406,11279.58,13136.06,7120.84,2390.59,1737.46,847.93,554.38,3468.75,17761.65,110.2,501.42,2468.86,15335.49,99500.07,718.99,93.58,19664.32,,22715.09,139.01,19285.88
2012-09-09 00:00:00,5971.99,5645.95,3240.98,33490.256734,2284.88,2061722.613,407993,13667.92,14308.85,8642.94,3021.98,1958.26,962.99,641.11,3995.59,21637.36,137.69,565.87,2820.71,18244.51,104096.28,901.17,107.43,29003.89,,27034.21,171.58,20174.35
2012-10-10 00:00:00,5513.64,5037.77,2988.05,14763.582928,2112.11,647731.512,141396,12313.35,13855.48,7579.9,2744.93,1808.89,880.93,606.07,3602.5,18972.2,119.68,518.68,2626.34,17092.54,99793.96,835.68,102.6,24979.92,,27421.01,156.01,17745.71
2012-11-11 00:00:00,5351.25,4868.83,2942.02,14121.642367,2054.91,1048908.015,91771,11627.38,14121.2,6856.8,2540.62,1772.71,776.77,574.9,3492.71,18251.48,102.78,489.35,2470.78,14805.55,96898.85,767.27,102.36,22420.96,,21973,159.34,16345.83
2012-12-12 00:00:00,5643,5119.09,3085.33,12347.187753,2167.58,484285.724,76534,12206.7,15925.21,7172.22,2651.5,1822.04,817.36,581.18,3584.53,19356.37,108.75,507.75,2628.6,15651.62,100171.84,811.32,105.77,23415.72,,22927.99,165.4,16983.8
2013-01-13 00:00:00,5816.89,-,3197.61,24479.863419,2234.51,784827.893,122645,12777.63,16555.67,7364.55,2815.23,1882.6,884.2,610.79,3559.36,19676.25,109.69,501.99,2664.99,15905.25,100298.83,802.44,109.3,22866.04,,22781.44,170.76,17181.03
2013-02-14 00:00:00,5635.9,-,3194.39,15833.415797,2165.24,544304.991,86337,12702.86,15542.04,6805.79,2805.45,1854.94,803.28,599.62,3351.04,17357.1,98.94,471.53,2565,14752.07,98202.39,775.58,102.56,20558.53,,19970.49,170.36,15498.05
2013-03-15 00:00:00,5735.68,-,3293.57,17286.968798,2199.96,625016.632,85807,13227.38,16057.67,6667.41,2695.82,1888.92,780.49,581.68,3306.25,17569.6,80.07,476.14,2590,14584.65,97201.26,788.7,102.33,20229.75,,21584.42,169.76,15891.26
2013-04-16 00:00:00,5953.19,-,3365.79,16622.206381,2280.76,815544.118,154025,13585.67,16737.21,6880.93,2735.26,1933.53,875.4,680.03,3475.88,19280.38,83.86,560.4,2796.99,14709.1,99072.62,801.89,111.51,21482.06,,21738.08,171.18,16272.67
2013-05-17 00:00:00,6463.06,-,3646.32,28504.639625,2481.84,919851.475,224538,14034.82,19550.07,8038.58,2980.26,2112.64,930.08,714.6,3653.61,21275.83,86.99,670.04,3261.26,17072.34,101647.21,824.87,122.37,26790.7,,26638,172.29,16662.94
2013-06-18 00:00:00,6121.01,-,3431.74,17543.473975,2350.74,518168.104,114751,13337.89,19081.43,7583.57,2817.84,1958.4,888.57,679.14,3430.76,19547.75,48.81,611.22,3088.99,16245.58,99426.54,793.11,112.43,24208.9,,24251.14,159.86,16088.53
2013-07-19 00:00:00,6037.22,-,3428.96,10898.292859,2323.35,472288.232,93908,13184.63,19367.67,7015.37,2802.48,1941.48,827.32,657.43,3243.68,18011.36,52.78,578.71,3061.44,15386.33,95686.68,728.83,112.13,24581.99,,23858.35,157.94,15188.25
2013-08-20 00:00:00,5834.04,-,3261.33,13886.323206,2402.88,612914.41,91461,12599.57,20351.9,6701.2,2691.4,1715.15,761.53,649.85,3155.87,16766.49,49.85,528.68,2884.24,14653.87,95212.66,682.38,112.11,22198.67,,21672.35,155.61,14198.04
2013-09-21 00:00:00,5803.32,-,3214.37,12334.783161,2390.16,835374.163,118529,12625.99,19048.79,6486.69,2647.74,1756.2,744.84,676.41,3176.61,18309.19,60.89,548.73,2824.75,14791.66,96977.23,698.11,109.74,22624.83,,21512.23,156.53,14763.7
2013-10-22 00:00:00,5954.62,-,3282.07,17624.551844,2476.3,1160887.506,152472,12877.19,19457.13,6750.38,2855.56,1804.25,785.72,691.91,3251.66,18795.11,59.88,570.82,2936.71,14966.8,100055.34,734.58,118.98,23904.7,,20778.68,161.18,14039.85
2013-11-23 00:00:00,5775.09,-,3174.63,12626.868679,2402.71,1004593.055,101443,12589.9,18950.01,6303.29,2730.88,1726.23,734.32,697.95,3179.31,17814.42,69.46,540.65,2821.11,14582.54,91552.18,710.54,126.77,22027.32,,19104.46,161.28,12799.12
2013-12-24 00:00:00,5912.78,-,3263.87,12826.414058,2459.9,760423.243,75387,12926.79,20385.1,6277.53,2799.3,1759.47,794.29,679.71,3183.92,17830.06,79.03,566.48,2857.63,14954.79,88625.46,724,126.41,21727.49,,19068.69,156.64,13351.57
2014-01-25 00:00:00,6248.08,-,3443.25,22263.158168,2608.27,1397631.813,177056,14055.57,21742.19,6357.09,2905.27,1858.67,824.3,807.58,3212.16,17979.51,86.94,604.84,3074.74,15374.1,89409.76,755.67,142.15,22483.84,,19602.26,157.45,13848.41
2014-02-25 00:00:00,5940.31,-,3223.66,17900.634331,2480.83,869477.709,91147,13342.47,19582.75,5830.21,2753.7,1751.59,769.45,772.78,3155.69,17628.88,88.71,575.72,2903.89,15386.49,83587.67,719.68,140.12,21052.25,,18490.19,173.2,13463.93
2014-03-25 00:00:00,5968.31,-,3279.92,12476.13493,2498,422858.098,79012,13288.16,19273.09,5900.7,2734.13,1780.14,728.81,820.92,3152.02,17039.29,81.02,578.52,2843.4,14898.25,96882.1,717.12,139.67,21209.67,,18600.84,175.01,13664.47
2014-04-25 00:00:00,6223.67,-,3418.19,21007.320954,2606.26,614853.604,102601,13896.03,19953.49,6268.51,2894.18,1868.55,793.72,831.19,3243.25,17395.15,82.69,618.72,3074.44,14850.46,100134.83,737.95,151.2,22325.3,,19240.79,181.98,14007.28
2014-05-25 00:00:00,6263.46,-,3454.61,23566.334202,2623.33,1338508.821,116771,14008.43,19433.67,6150.81,2862.94,1872.02,786.77,795.56,3354.31,17431.13,81.58,617.24,3154.73,14970.99,108095.89,738.64,151.48,22868.28,,19188.18,187.24,13936.27
2014-06-25 00:00:00,6378.62,-,3534.43,18527.771356,2673.02,1105794.476,127421,14675.06,19823.1,6341.71,3019.38,1849.87,832.41,772.94,3339.17,17574.1,81.47,654.8,3269.39,15262.95,115410.81,757.8,139.78,22137.52,,19533.87,192.5,13991.49
2014-07-25 00:00:00,6813.9,-,3772.51,34316.512592,2856.87,1911800.728,223593,15527.75,21688.11,7064.58,3124.33,1999.4,880.14,793.54,3458.81,19067.92,89.93,689.41,3508.94,18246.11,119395.56,815.55,145.63,23997.57,,21072.52,207.55,14980.71
2014-08-25 00:00:00,7034.09,-,3872.51,40534.933329,2952.42,2349049.424,255768,16294.6,22535.9,7144.55,3349.76,2053.22,932.06,821.93,3491.85,20144.7,84.92,726.44,3599.69,18265,116948.05,840.34,157.74,26606.5,,22288.72,212.2,15448.49
2014-09-25 00:00:00,7252.14,-,4038.3,46148.986004,3066.35,1995990.695,264350,17350.45,22151.02,7763.59,3583.27,2151.58,1083.31,929.69,3540.36,21328.48,83.25,767.66,3800.25,18620.77,116146.1,829.94,164.29,26753.16,,22673.14,209.48,16102.02
2014-10-25 00:00:00,7326.81,-,4087.38,39045.246479,3109.56,1819608.641,207630,17933.61,22012.91,7539.22,3730.07,2148.45,1122.58,945.5,3530.63,20922.51,84.36,766.52,3881.15,18733.87,112037.45,881.49,181.2,26850.01,,23149.3,214.14,16523.51
2014-11-25 00:00:00,7153.9,-,3971.12,40807.938867,3039.2,1984135.113,233968,17386.99,21464.48,7306.66,4130.55,2058.1,1009.84,878.4,3432.89,20502.31,77.78,713.36,3818.63,18272.35,119230.85,794.12,188.22,25139.05,,23222.92,214.26,16527.52
2014-12-25 00:00:00,7298.95,-,4089.14,24322.150657,3104.86,911815.087,103392,18101.25,21466.99,7307.64,3825.71,2105.45,999.91,884.85,3453.85,20865.38,78.34,747.04,4146.15,18208.83,113544.94,824.02,196.18,26053.02,,23567.06,221.84,16784.41
2015-01-25 00:00:00,7180.05,-,3962.24,24852.649611,3042.26,994349.572,147116,18088.27,22037.48,7300.01,3280.32,1965.8,1026.89,861.41,3437.7,20561.84,76,752.07,4235.67,17848.62,110177.48,815.11,188.2,26171.01,,25054.12,209.39,16305.48
2015-02-25 00:00:00,7301.29,-,4115.88,24142.152757,3094.62,931690.407,132291,18982.14,22637.75,7367.99,3396.32,1928.77,1005.57,862.82,3431.12,20289.81,76.67,741.4,4280.9,18129.93,121942.68,814.76,173.22,27101.48,,26888.28,207.17,17243.32
2015-03-25 00:00:00,6820.34,-,3852.43,17271.652395,2891.17,652305.812,100581,17735.31,21581.15,6880.29,2655.68,1790.48,998.34,799.07,3281.6,18985.25,68.76,661.15,4058.6,16690.78,112842.18,757.03,159.98,26150.98,,23645.3,186.55,15909.18
2015-04-25 00:00:00,7179,-,4053.45,13321.015095,3048.67,631628.339,108322,18880.31,22155.16,7191.65,2990.49,1895.43,1021.23,848.68,3392.75,19882.77,85.47,698.03,4339.21,17315.1,118019.45,781.98,174.55,26328.37,,24108.56,199.79,17064.14
2015-05-25 00:00:00,7220.29,-,4000.66,27325.02023,3067.26,804425.805,158055,19295.32,22340.25,7229.79,2869.5,1873.39,994.23,817.21,3451.34,19875.84,82.24,690.31,4434.98,18992.76,115152.84,761.22,158.79,26753.85,,24507.63,199.79,18579.65
2015-06-25 00:00:00,7020.8,-,3908.03,16072.239178,2983.02,697916.408,124085,18515.38,21279.23,7189.54,3059.07,1884.68,970.6,818.81,3399.51,19233.45,78.34,687,4258.9,18680.13,113656.55,749.11,156.51,24797.72,,24933.49,184.83,17996.77
2015-07-25 00:00:00,7332.05,-,4107.97,25519.620177,3115.26,813352.834,136032,19298.06,22062.67,7986.67,3369.23,1999.52,1003.05,869.84,3418.71,20387.38,81.12,722.77,4624.2,18985.99,112967.21,793.32,168.52,26595.6,,25240.17,197.06,18506.92
2015-08-25 00:00:00,7306.94,-,4026.26,34205.188163,3104.34,1360549.617,188097,19146.87,22500.96,8111.56,3239.16,1941.99,1002.02,870.95,3395.51,19763.7,73.88,704.92,4638.73,19330.65,109899.74,775.81,181.83,26307.21,,26013.13,201.61,19617.36
2015-09-25 00:00:00,7050.87,-,3826.15,15840.860991,2990.81,502446.644,120118,17992.78,22344.29,7904.99,3135.11,1847.5,993.73,876.75,3322.22,18380.28,67.2,683,4459.08,18638.4,108922.38,771.56,176.28,25492.67,,25825.38,197.56,18018.72
2015-10-25 00:00:00,7042.06,-,3803,20719.869378,2990.46,651212.823,142128,17966.11,22390.85,7820.77,3011.2,1845.09,1046.75,896.03,3299.02,18825.45,67.2,665.8,4551.59,18051.34,103005.14,767.75,182.92,25644.85,,24836.77,199.28,18106.6
2015-11-25 00:00:00,6909.15,-,3657.69,13489.490802,2943.29,492052.901,87992,17091.65,22689.07,7484.29,2953.8,1846.33,1025.32,960.09,3249.5,18001.43,62.18,681.86,4394.47,17866.53,95691.68,741.01,168.46,24041.49,,25695.37,194.12,17864.71
2015-12-25 00:00:00,6894.5,-,3625.69,20491.251526,2938,882729.886,61973,17142.73,22384.61,7499.8,2896.81,1849.41,1050.53,935.07,3277.35,17727.51,63.75,690.05,4402.91,17630.78,94336.14,733.95,170.23,23621.81,,25606.99,192.31,18058.45
Jan-16,6340.05,-,3302.01,14216.363407,2706.66,591697.848,88074,15559.63,21172.44,6997.59,2681.73,1659.45,956.27,869.04,3130.36,15714.82,51.15,658.73,4004.75,16620.83,82040.27,675.59,155.47,23102.37,,25866.16,173.62,16510.74
Feb-16,6191.81,-,3249.46,12729.615691,2646.08,687063.81,64658,15131.97,21101.94,7193.44,2445.1,1637.73,900.35,881.21,3061.93,13589.53,47.8,648.84,3788.93,16735.33,82050.01,652.3,149.56,22016.33,,24624.92,161.91,16020.35
Mar-16,6071.88,-,3204.44,17909.343841,2586.15,839324.386,83010,14996.18,20686.7,7072.13,2327.99,1539.48,934.38,876.04,3026.05,12881.37,46.13,652.75,3760.41,16134.07,77171.12,647.33,149.95,20082.59,,26732.3,171.2,15030.11
Apr-16,6516.26,-,3435.55,14256.871277,2776.54,598560.027,106605,16239.97,21906.92,7320.91,2602.97,1651.39,1000.38,1028.45,3157.35,15957.96,60.06,703.78,4219.27,16779.48,79325.35,708.79,169.03,23058.84,,26960.75,177.98,16085.59
May-16,6550.51,-,3425.57,17204.385271,2791.18,534183.555,109940,16015.42,22812.42,7193.32,2492.84,1642.02,966.52,1067.53,3177.85,15461.12,53.93,696.02,4206.03,17919.09,79344.82,694.4,164.81,21763.86,,27499.74,182.93,15836.5
Jun-16,6283.27,-,3300.2,11061.236455,2677.63,483733.728,81370,15336.47,22317.98,7287.04,2379.3,1560.61,942.46,1026.17,3098.52,14321.3,48.92,667.71,4041.97,16527.66,72041.09,664.61,153.33,19481.86,,26784.51,171,14742.37
Jul-16,6393.87,-,3414.39,11993.452317,2724.76,838242.324,103124,15771.07,21893.14,7045.77,2479.62,1623.26,961.51,1045.23,3111.51,14908.4,46.13,673.66,4281.21,16731.26,72298.09,661.57,160.46,19504.16,,27095.75,174.85,15866.71
Aug-16,6528.21,-,3585.14,20731.617079,2782.79,714414.934,133176,16201.65,21976.77,7168.45,2760.24,1674.56,959.48,1132.05,3142.26,14524.09,51.15,700.9,4467.6,16411.99,70759.43,652.48,164.93,19176.24,,27269.77,176.27,16689.82
Sep-16,6534.77,-,3617.32,15281.75353,2785.68,733035.382,112244,16485.93,21304.4,7224.57,2828.05,1686.31,967.8,1110.9,3129.05,14293.69,49.47,662.93,4640.86,16446.83,68558.4,638.58,156.52,19116.9,,28986.01,183.55,17157.7
Oct-16,6409.23,-,3559.92,9851.567938,2732.38,478898.75,76149,16091.37,21005.88,7042,2659.14,1649.37,943.2,1088.42,3108.32,13401.75,43.9,646.99,4499.64,16340.65,71648.2,644.63,151.95,18717.99,,27836.06,178.2,16666.47
Nov-16,6241.1,-,3467.1,8269.457362,2659.52,296688.758,54791,15418.49,21731.54,6573.65,2473.45,1582.25,919.18,996.94,3037.47,12396.93,38.33,621.92,4326.45,15799.15,71229.89,631.82,149.55,17389.17,,27148.25,165.76,15777.36
Dec-16,6228.26,-,3496.44,23429.783565,2745.41,399961.943,43708,15816.94,21199.6,6546.89,2542.24,1545.7,950.63,994.49,3033.49,12578.26,40.56,634.27,4310.74,15140.23,71716.8,641.18,145.82,17481.49,,27268.42,168.28,15898.14
Jan-17,6132.68,,3489.61,13608.531723,2701.6,669550.669,50722,15323,21050.74,6470.08,2488.16,1534.37,879.83,970.22,2986.36,12005.48,40.56,607.43,4266.03,14873.53,71159.18,675.28,138.41,17352.65,,26948.24,170.1,15664.18
Feb-17,6134.28,,3543.82,12554.15555,2698.4,430839.433,47075,15304.7,21319.63,6278.26,2477.46,1549.86,851.77,976.05,2940.75,11514.36,37.78,601.21,4305.08,14724.72,65543.82,677.09,133.91,17025.66,,26340.1,170.01,16987.99
Mar-17,6061.94,,3438.88,19398.213389,2662.86,668695.966,65508,14748.99,21955.92,6068.36,2388.53,1519.92,910.03,959.09,2905.54,10774.61,33.32,607.36,4156.73,14352.94,66495.9,690.32,128.29,15921.35,,28024.59,170.12,16177.81
Apr-17,6610.46,,3786.39,26161.539979,2908.77,997868.058,89494,16098.32,24238.92,6559.2,2590.26,1718.4,984.26,978.91,3014.62,12997.46,33.32,631.54,4525.17,14884.43,67662.21,818.17,140.79,18647.67,,27918.67,180.53,17890.78
May-17,6674.32,,3818.9,17496.681368,2952.54,800584.789,104904,16749.64,23557.43,6585.4,2671.09,1781.42,965,962.34,3028.45,12825.45,35.55,622.1,4525.29,14949.83,65359.28,897,134.77,19882.96,,29285.91,176.8,18159.92
Jun-17,6747.07,,3933.51,21312.109334,3041.23,835255.807,100413,16939.7,23278.93,6395.87,2632.75,1888.27,990.34,952.47,3008.15,12939.17,34.43,614.79,4685.74,14990.93,63705.04,847.7,132.05,20858.03,,26907.09,173.87,18224.36
Jul-17,6637.39,,3811.01,14530.717076,3010.15,769848.427,101594,16539.05,22710.09,6350.33,2771.3,1861.11,1023.91,989.69,2957.13,13656.37,37.22,608.34,4545.06,14673.64,64252.49,914.59,138.85,19089.93,,27822.29,168.91,17209.1
Aug-17,6390.74,,3685.96,13938.768396,2897.75,774794.475,71791,16503.07,21842.77,5852.19,2613.84,1724.51,955.44,935.98,2882.94,12615.46,34.43,582.28,4283.66,14452.7,59092.95,923.51,131.89,18633.65,,27645.51,164.17,16753.55
Sep-17,6438.24,,3687.97,26573.043152,2919.7,850230.994,95563,16609.99,22281.45,6385.72,2626.79,1720.42,937.01,1023.11,2884.2,12772.12,45.02,571.38,4174.16,14167.7,56379.51,1042.31,129.98,18422.66,,27367.77,168.72,17023.03
Oct-17,6617.36,,3899.63,23828.901198,3008.75,752360.688,129101,17618.62,22953.71,6257.09,2545.9,1739.29,965.92,976.19,2888.77,13169.91,39.45,572.94,4139.89,14259.04,57962.35,1063.5,128.84,18868.2,,27226.02,184.5,16921.99
Nov-17,6411.84,,3724.96,20245.853324,2922.66,584320.361,74562,16785.76,22695.42,5914.39,2335.35,1699.45,891.58,959.64,2846.28,12037.69,34.43,554.62,3968.8,14293.72,57000.01,949.72,122.87,17833.57,,27289.4,177.93,16404.78
Dec-17,6369.26,,3671.72,10942.722872,2899.29,333923.944,51250,16618.69,23071.77,5831.84,2331.22,1669.18,938.7,941.14,2825.79,11698.47,34.43,564.03,3918.98,14256.97,53173.71,972.87,122.25,17587.93,,27561.78,175.91,15477.56
Jan-18,6476.41,,3747.3,17458.107734,2961.47,427188.62,60946,16839.83,23614.35,5742.21,2292.58,1735.05,858.47,969.76,2811.85,11375.47,34.99,560.04,3907.07,14167,53288.91,957.47,132.82,18102.31,,27910.97,180.67,14805.98
Feb-18,6551.78,,3710.14,19513.211583,3046.35,721889.36,108986,17179.48,23908.35,5671.86,2165.58,1789.38,874.37,940.29,2826.51,11518.53,34.99,586.22,3734.98,14196.85,53953.14,949.91,135.15,18993.6,,28216.43,179.46,14422.68
Mar-18,6476.78,,3650.1,33433.501111,3032.71,873167.172,100869,17006.38,23702.81,5675.64,2074.59,1746.3,928.71,988.09,2830.99,10976.18,32.76,585.32,3596.5,14145.46,50632.75,913.17,138.15,18292.89,,27795.79,180.17,14485.36
Apr-18,6531.06,,3660.1,11661.269803,3049.25,407356.711,66048,17334.54,23573.94,5789.65,2025.39,1776.31,918.72,924.77,2832.77,11227.28,33.32,595.97,3557.99,14526.28,52417.91,962.25,133.25,17959.24,,28190.1,185.83,14622.78
May-18,6398.44,,3567.04,15741.874279,2989.02,605193.001,80737,17149.54,23966.04,5585.1,1828.61,1683.98,849.72,927.87,2763.69,10538.63,31.65,587.8,3308.93,14404.88,52286.99,877.96,130.5,17846.82,,27845.5,183.52,13397.85
Jun-18,6194.63,,3388.88,11586.681344,2893.76,338387.154,61406,16262.61,24166.41,5403.98,1577.37,1621.29,812.12,916.72,2741.03,9594.59,28.86,558.16,3033.71,14084.38,50192.41,804.08,122.46,17209.93,,27300.71,179.37,12152.55
Jul-18,6147.27,,3333.42,8649.347572,2878.59,430202.901,66773,16171.83,24478.87,5263.33,1614.63,1549.83,833.28,897.54,2713.04,9459.95,27.75,563.87,3137.32,13632.58,50620.85,763.36,120.35,16671.69,,28824.46,178.77,12225.71
Aug-18,6080.26,,3229.21,12027.045341,2848.52,349869.064,64747,16085.37,25311.53,5216.54,1448.08,1524.77,859.73,855.58,2668.32,9610.84,28.86,557.73,2980.29,13422.81,51096.89,750.77,114.54,16012.01,,28074.51,153.89,12417.71
Sep-18,5862.18,,3002,10916.220749,2752.86,336522.846,65284,15456.49,24519.08,4972.57,1312.25,1465.23,803.27,808.81,2644.15,9428.82,27.19,539.53,2741.2,13186.8,48983.53,732.17,110.41,16090.99,,28656.17,149.75,11316.06
Oct-18,5953.47,,3084.08,17608.355736,2793.05,433711.283,70099,15669.03,24328.48,5188.54,1487.06,1535.63,851.66,815.17,2668,9972.64,26.63,554.97,2848.81,13157.48,49590.48,736.64,110.11,16565.64,,27869.93,147.42,12206.22
Nov-18,6019.33,,3178.51,24788.102852,2823.95,714732.353,81202,15912.19,24335.39,5179.98,1535.01,1593.93,881.66,808.05,2668.97,9390.44,26.08,554.94,2856.8,13000.44,50765.67,721.11,109.3,15959.38,,29847.21,147.11,12056.72
Dec-18,6052.37,,3135.18,16685.120345,2839.45,362516.841,58560,16490.94,24289.61,5182.48,1377.23,1590.94,858.34,833.79,2663.96,9527.75,25.52,553.6,2832.36,13149.48,49942.23,734.67,107.45,16250.92,,28408.28,139.21,12344.88
Jan-19,5989.9,,3073.71,12157.123626,2799.4,328378.096,82896,16388.67,24255.17,5277.94,1451.77,1544.59,909.37,808.95,2654.93,9520.52,26.63,538.16,2861.86,12408.37,49418.58,783.93,99.36,15598.12,,28152.16,136.58,11496.59
Feb-19,5816.29,,2978.91,14194.236729,2718.58,350405.534,55363,15548.2,23800.18,4966.53,1390.58,1524.07,886.05,806.17,2627.6,8892.36,24.41,538.57,2618.87,11883.19,49335.27,743.08,96.04,15640.16,,28210.71,135.57,10890.35
Mar-19,5557.24,,2738.95,11404.224851,2605.9,267910.499,57216,14678.62,22863.03,4912.08,1327.76,1433.95,862.1,769.78,2599.29,8747.63,23.85,537.62,2514.76,11250.85,49335.27,716.8,92.45,15112.73,,28165.75,126.07,10111.73
Apr-19,5478.41,,2627.46,7823.613598,2572.51,230327.492,52715,14438.07,22649.3,5009.54,1309.72,1405.62,918.42,756.42,2555.62,8520.07,23.85,518.9,2478.33,10573.45,49811.31,703.95,92.72,14673.63,,27128.48,125.45,10267.48
May-19,5310.95,,2469.82,8375.89326,2502.27,420179.314,66238,13674.79,22090.62,5238.11,1242.55,1356.08,747.58,750.76,2487.84,8623.11,19.39,508.5,2465.1,10355.71,48580.33,693.3,90.43,15256.29,,26986.67,131.92,9166.42
Jun-19,5372.28,,2496.56,9834.174336,2523.38,648751.496,54926,13904.12,22059.1,5526.03,1390.08,1368.98,817.12,794.63,2518.55,8687.84,24.41,544.85,2557.53,10799.9,48592.23,702.88,90.95,14817.07,,27907.81,128.18,8797.72
Jul-19,5935.34,,2983.45,25026.064669,2797.91,3351149.39,158594,16012.66,23035.73,5962.39,1725.02,1517.1,973.85,838.95,2599.02,10494.53,26.63,598.64,2977.3,11041.61,49728.46,772.12,95.24,16562.2,,28186.78,160.63,11826.01
Aug-19,5889.86,,2908.44,14680.609138,2780.49,697289.492,122378,15923.59,22262.32,6087.32,1763.73,1533.84,1002.55,842.31,2590.58,11215.09,30.19,598.96,2900.55,11265.52,49862.49,756.9,93.34,15782.29,,28366.28,157.09,13275.64
Sep-19,5738.24,,2759.72,14815.098579,2709.22,1002774.114,95928,15170.42,21583.43,6108.45,1656.72,1514.77,972.33,789.18,2624.66,11271.16,30.19,571.48,2844.31,10971.27,52087.99,741.14,90.29,15698,,29721.98,155.06,12231.8
Oct-19,5990.24,,2980.11,16547.769919,2781.67,957495.147,155223,15849.01,21531.61,6511.57,1943.15,1580.71,1092.6,805.2,2717.8,12203.65,36.1,589.81,3302.09,11203.92,49279.34,774.78,92.64,16354.56,,28726.45,182.27,12950.34
Nov-19,6211.97,,3072.15,25375.166358,2889.79,1025343.878,183313,16113.53,22802.08,6661.7,2022.22,1653.54,1123.95,790.29,2756.6,12711.61,33.74,590.49,3722.69,11258.12,49708.87,779.93,98.43,16172.37,,27513.9,189.35,14501.01
Dec-19,6129.21,,2936.96,11173.982931,2851.31,575011.551,112415,16318.75,22116.33,6635.71,1965.35,1640.29,1078.67,754.68,2741.09,12637.28,32.55,583.88,3553.04,11206.71,50910.88,774.87,94.91,15856.18,,26126.61,176.4,14462.07
The CSE has adopted the Global Industry Classification Standard (GICS) along with S&P/CSE co-branded sector indices with effect 20 January 2020. ,,,,,,,,A&C,BNK,CG,CPS,CDA,CS,DF,EGY,FSR,FBT,HES,HPP,INS,MAT,PBL,RE,RET,S&S,TEL,TRP,UTI
Jan-20,5929.76,,2835.04,37802.703573,2761.11,746165.616,97094,591.15,673.3,857.92,729.05,959.65,251.87,901.92,541.16,1223.76,856.6,828.51,1041.99,1363.35,653.52,1982.01,794.22,714.91,,916.41,831.72,720.93
Feb-20,5592.92,,2631.99,8396.75038,2599.15,287743.951,79992,505.36,635.95,781.3,661.43,839.36,226.98,797.67,483.44,1174.08,832.66,792.7,971.93,1371.32,587.31,1982.01,735.09,659.36,,870.45,647.08,688.89
Mar-20,4571.63,,1947.42,6324.628808,2128.27,312790.721,76943,443.7,470.09,610.14,594.25,591.31,187.67,639.21,421.71,1099.28,697.73,667.1,799.48,1170.85,436.62,1982.01,638.81,530.98,,636.44,346.02,544.97
Apr-20,Market Closed Due to COVID-19,,,,,,,,,,,,,,,,,,,,,,,,,,,
May-20,4846.76,,2016.08,22809.292981,2265.99,878186.767,138473,534.85,485.47,631.53,713.33,667.46,193.12,714.58,445.58,1134.35,724.05,745.62,864.15,1210.05,525,1982.01,674.69,609.17,,779.58,446.38,623.28
Jun-20,5149.57,,2268.77,29071.926748,2404.67,1091331.9,201301,565.68,551.8,690.31,666.52,780.49,208.62,751.39,533.63,1141.44,737.92,760.04,907.27,1348.38,602.27,1982.01,704.13,610.13,,856.71,546.73,690.7
Jul-20,5124.26,,2179.65,26579.280946,2411.67,1126640.466,244701,621.98,530.01,667.63,683.07,800.07,213.97,766.72,498.3,1132.43,736.75,764.92,944.99,1265.36,675.69,1982.01,737.38,645.66,,833.97,647.08,720.64
Aug-20,5329.33,,2359.75,36859.609526,2316.19,1601334.066,257526,856.57,567.61,757.06,698.74,808.42,219.45,777.16,523.03,1108.56,750.63,793.48,1015.05,1277.06,744.43,1982.01,736.51,652.92,,839.76,881.44,763.13
Sep-20,5984.84,,2463.27,49955.620139,2595.84,3442643.309,432743,1067.02,591,839.47,740.42,1030.53,234.36,873.16,695.07,1183.01,874,873.48,1139,1350.61,899.58,1982.01,802,806.94,,877.75,1935.9,905.44
Oct-20,5726.59,,2282.2,58170.955064,2494.26,3884782.143,549189,1068.36,537.34,803.82,724.22,903.15,217.97,816.37,626.42,1165.89,823.19,962.6,1063.55,1284.96,1046.14,,725.01,781.03,,836.57,3039.79,890.78
Nov-20,6243.76,,2453.87,53350.179621,2728.11,2333664.737,484627,1257.37,556.29,943.96,838.02,1051.81,242.47,846.45,646.51,1174.72,879.89,1002.2,1133.61,1322.44,1219.71,,751,910.79,,908.95,4545.11,973.57
Dec-20,6774.22,,2638.1,67560.566262,2960.65,5643444.979,507432,1159.52,587.3,1023.01,832.2,1127.42,277.03,891.64,745.39,1244.21,967.54,1303.52,1320.23,1416.12,1351.45,,797.96,1009.88,,943.3,4870.2,1002.55
Jan-21,8668.07,,3514.18,185769.684426,3789.15,10216515.699,962957,1262.73,742.08,1435.97,856.02,1311.01,275.86,1700.08,830.11,1434.41,1092.17,1155.64,1336.4,1468.21,1868.57,,921.95,1086.42,,1015.46,8468.94,1012.32
Feb-21,7476.34,,2966.63,97739.735682,3269.43,5348966.628,575089,1057.64,632.61,1184.44,766.94,1144.22,250.61,1331.6,664.52,1379.86,977.73,1062.46,1239.4,1398.94,1591.71,,800.81,916.93,,971.27,7794.98,915.01
Mar-21,7121.28,,2850.12,40944.856932,3111.26,2085939.291,331453,1045.58,622.87,1120.71,684.12,1098.61,239.56,1167.83,628.45,1369.26,938.04,1014.49,1207.06,1430.46,1476.82,,792.71,884.59,,963.47,7493.92,919.89
Apr-21,7208.2,,2869.25,52996.395635,3178.8,2129973.259,396672,1126.01,600.1,1175.82,680.58,1168.13,232.61,1211.56,601.28,1351.5,931.7,1052.25,1287.9,1353.09,1593.7,,766.49,915.39,,949.67,7826.82,909.5
May-21,7403.44,,2978.81,37023.80502,3268.27,2285237.152,333058,1139.41,632.8,1200.05,690.46,1189.07,232.18,1288.57,660.4,1395.73,938.19,1211.69,1282.51,1357.42,1576.1,,767.76,944.66,,976.1,7672.94,968.51
Jun-21,7837.76,,2968.26,46472.628826,3470.24,1812491.877,484399,1130.03,636.07,1164.49,747.91,1170.43,238.57,1800.39,663.57,1416.65,961.75,1110.78,1403.01,1354.6,1585.48,,800.3,949.56,,932.69,8385.87,959.99
Jul-21,8120.48,,3062.17,53813.320592,3598.61,3149756.597,451149,1273.46,622.56,1226.86,935.14,1398.18,287.88,1783.56,627.79,1442.19,987.88,1147.05,1532.34,1365.78,1705.57,,807.3,1005.56,,911.42,11199.14,982.72
Aug-21,8997.6,,3364.59,143510.249018,4009.46,6191641.412,951075,1117.96,633.49,1266.64,1043.26,1872.44,274.84,2215.05,629.61,1390.69,1022.15,1181.68,1764.07,1290.7,1598.87,,809.36,917.12,,860.17,27986.21,959.08
Sep-21,9459.94,,3534.82,134726.825453,4215.63,6428200.07,804206,1139.41,631.41,1351.21,1032.22,1822.02,348.27,2357.58,661.04,1394.05,1027.56,1295.32,1796.41,1328.18,1552.44,,821.66,936.41,,903.7,33228.81,982.77
Oct-21,10162.93,,3708.52,77677.159159,4529.29,3794973.94,646015,1205.09,683.32,1438.72,956.6,1843.42,381.5,2734.06,781.97,1351.68,1066.13,1356.58,1745.28,1360.57,1640.8,,848.45,962.95,,918.01,36053.11,984.73
Nov-21,11440.53,,3875.96,153390.647821,5105.73,6393891.243,1091782,1132.71,632,1521.28,1143.13,1925.11,342.38,3805.55,771.61,1264.8,1123.39,1303.94,1583.61,1380.96,1688.1,,833.88,1049.31,,917.53,46906.54,1024.11
Dec-21,12226.01,,4233.25,149091.810887,5489.17,9934101.37,1103653,1321.72,609.05,1735.63,1152.82,1984.26,381.76,3447.33,1566.62,1293.74,1218.42,1423.26,1907.19,1676.87,1772.65,,877.95,1167.18,,922.83,62493.33,1027.93
Jan-22,13009.5,,4397.57,164202.797782,5815.46,7045262.943,1120079,1394.1,628.12,1876.74,1166.47,2122.54,392.23,3663.96,1411.01,1301.71,1275.56,1880.06,1828.19,1999.83,1821.33,,905.3,1574.92,1180.71,1041.26,59195.78,1106.71
Feb-22,11577.94,,3936.81,86582.102091,5251.75,3248893.381,819556,1147.45,616.72,1632.32,1007.24,1805.55,363.12,3232.19,1244.15,1229.08,1107.24,1817.63,1628.07,1720.14,1521.81,,817.08,1205.64,937.58,1019.17,49314.34,1004.2
Mar-22,8903.87,,3031.16,52140.986755,3826.5,2405224.841,497155,776.14,505.18,1274.93,715.58,1582.52,294.04,2183.53,781.91,1129.58,844.26,1388.66,1447.03,1504.5,1105.85,,664.42,784.63,681.29,843.05,34629.65,867.25
Apr-22,7624.26,,2509.24,17740.404113,3226.43,914116.528,173440,612.6,419.61,1071.66,694.84,1536.32,258.37,1675.48,678.63,1014.87,768.35,1280.93,1295.96,1305.19,970.04,,583.46,695.32,712.83,795.79,28260.4,810.74
May-22,8108.09,,2679.33,29956.439913,3611.19,1946122.875,311049,683.65,401.52,1099.48,773.33,1581.84,263.46,1967.5,1239.84,1087.67,866.98,1301.67,1429.6,1389.68,1011.79,,597.57,703.69,735.53,799.65,36048.15,778.75
Jun-22,7342.33,,2334.36,22944.178458,3184.16,1193665.278,266294,608.58,372.18,1048.3,848.6,1484.31,245.02,1546.14,1453.08,1037.56,771.51,1212.08,1348.25,1298.57,919.2,,548.18,656.17,704.39,718.32,28796.5,755.77
Jul-22,7731.15,,2448.36,20594.32453,3321.54,1133300.459,276457,636.73,384.1,1072.88,764.74,1725.52,268.66,1532.11,1750.69,1043.16,827.79,1259.51,1522.57,1293.66,1054.43,,549.73,676.96,804,757.15,29207.36,813.66
Aug-22,9071.32,,2928.97,77160.723868,3964.04,2797241.88,717297,916.89,379.89,1286.82,1654.95,1767.11,402.04,1919.5,3178.58,1174.14,959.72,1253.27,2103.61,1358.98,1368.59,,621.85,796.67,853.43,815.24,36136.65,847.03
Sep-22,9931.07,,3165.33,95759.679517,4341.13,3594930.06,763750,910.19,435.41,1438.08,2006.63,1661.7,414.55,1951.58,4984.67,1346.17,1003.22,1216.57,1830.52,1374.8,1614.26,,635.55,928.23,929.12,798.62,36263.11,886.15
Oct-22,8602.16,,2590.61,39698.931129,3779.4,1553359.104,426457,900.8,389.75,1273.63,1631.78,1458.87,370.57,1641.98,3259.74,1267.79,891.13,1322.27,1685.26,1340.07,1402.7,,556.16,852.31,763.59,860.64,25061.05,811.53
Nov-22,8651.23,,2730.08,32077.681837,3888.16,1285414.687,338209,804.29,393.82,1278.65,1524.69,1377.61,369.4,1698.08,3329.04,1284.04,900.29,1295.97,1644.59,1383.6,1376.25,,556.25,822.52,682.22,935.02,32170.01,780.03
Dec-22,8489.66,,2635.63,47743.827012,3847.15,1930286.206,347490,777.48,383.43,1224.55,1319.53,1295.86,353.85,1670.45,3523.76,1372,880.86,1249.94,1632.97,1548.52,1323.66,,560.76,826.72,705.38,914.09,30378.21,758.86
Jan-23,8865.05,,2764.51,37138.412057,3881.14,1986189.894,381483,764.08,434.46,1253.77,1396.25,1393.74,352.88,1747.1,3636.32,1356.57,896.71,1232.66,1615.53,1604.06,1363.12,,580.86,785.62,718.74,958.33,30973.37,782.96
Feb-23,9188.48,,2796.71,37383.582987,3906.11,1398392.054,314245,784.18,509.17,1248.56,1251.9,1422.44,361.8,1716.92,3577.36,1338.06,954.33,1258.12,1563.24,1569.59,1364.65,,604.37,788.41,682.69,1029.24,29762.12,837.63
Mar-23,9301.09,,2682.83,42719.532052,3903.54,2120690.903,404090,796.25,555.1,1266.06,1200.48,1312.18,388.96,1735.44,3183.22,1384.2,974.47,1238.67,1528.38,1549.12,1387.83,,801.65,,619.1,1174.06,23013.48,809.38
Apr-23,8983.21,,2617.79,15426.252512,3823.37,772923.542,198068,773.46,504.01,1239.83,1178.19,1330.38,375.07,1633.42,3034.93,1410.89,943.75,1222.66,1481.89,1468.49,1353.88,,934.58,783.89,600.44,1194.79,26673.01,811.36
May-23,8555.17,,2421.49,13995.849293,3598.3,786691.387,205899,737.27,505.26,1189.89,1076.77,1197.45,346.15,1527.93,2434.61,1423.48,924.87,1112.58,1423.79,1425.38,1240.54,,892.36,762.04,549.3,1115.01,22176.76,786.62
Jun-23,9442.95,,2713.65,29273.864293,3901.28,1263675.141,250576,827.08,598.19,1325.72,1237.36,1256.25,347.84,1710.86,2434.79,1473.8,984.49,1182.89,1458.65,1518.25,1405.95,,914.36,798.66,556.44,1175.16,22006.65,801.97
Jul-23,11386.72,,3309.6,73098.734076,4537.3,2825467.412,538908,916.89,836.73,1497.03,1304.19,1509.75,423.07,2257.55,2587.14,1748.71,1099,1212.51,1638.78,1646.32,1565.74,,1046.58,908.33,601.79,1234.46,24928.09,849.37
Aug-23,11114.17,,3131.07,68871.649725,4441.26,2160953.482,515259,894.1,789.22,1524.37,1290.3,1576.13,460.02,2185.62,2356.96,1846.12,1098.81,1244.99,1464.46,1586.97,1509.03,,997.78,919.25,547.09,1221.26,23011.05,888.99
Sep-23,11335.61,,3197.72,26779.052086,4537.14,970460.937,251092,898.12,802.8,1588.96,1292.23,1633.17,470.88,2171.07,2363.22,1993.71,1135.3,1292.5,1534.19,1636.46,1559.42,,1015.5,930.43,544.86,1159.82,22682.2,866.11
Oct-23,10647.33,,2994.35,19591.107977,4296.24,921063.53,235648,856.57,740.07,1526.34,1172.57,1528.27,419.53,1956.51,2189.63,2161.85,1077.28,1248.87,1464.46,1598.93,1430.7,,948.18,868.16,503.91,1132.98,21178.04,867.65
Nov-23,10593.9,,3010.03,23731.301181,4260.86,715649.569,181790,857.91,764.64,1501.14,1176.53,1500.27,415.24,1951.3,2133.54,2054.84,1079.43,1239.33,1464.46,1560.15,1385.01,,935.64,811.53,513.7,1117.27,21675.37,874.12
Dec-23,10654.16,,3068.36,22620.009835,4248.93,1066669.539,141902,851.21,796.68,1482.67,1132.28,1512.86,404.98,1878.21,2145.19,2073.62,1084.32,1222.12,1441.22,1555.62,1377.38,,909.49,781.08,489.68,1075.54,23880.87,891.31
Jan-24,10311.15,,2896.48,14302.265146,4045.8,627538.779,154754,831.1,739.8,1424.34,1114.12,1491.6,400.29,1759.98,2181.55,2006.85,1077.92,1233.34,1435.41,1508.65,1366.7,,909.82,782.92,487.9,1102.84,21802.64,893.63
Feb-24,10651.77,,3037.38,32831.868137,4186.09,863547.379,167432,873.99,762.8,1502.94,1082.13,1542.86,402.85,1779.8,2197.11,2005.24,1107.26,1140.41,1470.27,1521.49,1421.98,,948.98,792.3,462.11,1170.97,24633.96,930.58
Mar-24,11444.38,,3317.62,35482.381814,4534.65,2217047.167,293409,938.34,839.21,1579.63,1143.69,1589.8,421.97,2013.13,2376.74,2075.65,1185.51,1215.03,1464.46,1556.69,1566.41,,1020.89,846.81,472.34,1239.8,25092.96,916.7
Apr-24,12362.95,,3689.97,51726.688741,4893.87,2469852.706,366816,983.91,944.6,1702.51,1223.71,1599.99,455.11,2265.97,2677.07,2079.34,1272.78,1168.74,1458.65,1667.16,1656.96,,1053.75,988.36,564.63,1245.39,25096.94,974.55
May-24,12106.49,,3569.04,37070.833697,4780.99,2018574.383,292835,1041.55,897.88,1675.07,1168.68,1671.03,435.45,2216.65,2561.91,2183.4,1249,1171.11,1412.17,1645.59,1688.88,,1087.99,979.65,598.56,1178.86,24383.43,966.03
Jun-24,12144.54,,3588.54,32898.907565,4760,1057342.645,193500,1045.58,911.88,1671.28,1154.11,1711.34,423.82,2199.42,2553.56,2173.32,1246.56,1164.79,1412.17,1612.58,1709.25,,1080.44,988.29,646.87,1074.99,23199.77,1023.73
Jul-24,11406.56,,3265.55,23210.288196,4504.26,937938.008,173656,1005.36,836.24,1472.88,1104.88,1687.91,403.72,2045.22,2323.03,2223.33,1190.93,1133.26,1429.6,1588.62,1597.06,,1021.76,927.96,604.85,980.64,21305.91,1043.89
Aug-24,10869.07,,3058.6,14776.284568,4320.98,626988.502,157203,958.45,776.26,1424.4,1071.94,1658.64,382.44,1927.57,2152.3,2170.26,1157.98,1063.65,1342.44,1575.38,1527.61,,997.41,865.23,548.49,916.14,22489.57,1025.57
Sep-24,11855.05,,3453.41,31416.406703,4381.83,1302754.144,241872,985.25,901.65,1533.78,1097.56,1804.73,426.98,2133.57,2318.01,2202.62,1228.18,1056.27,1348.25,1554.03,1679.47,,1037.77,890.83,561.45,954.69,24620.16,1075.81
Oct-24,12770.58,,3864.32,57895.289509,4677.87,2091216.73,347741,994.64,1021.89,1727.15,1109.85,1861.8,410.66,2263.82,2344.67,2264.65,1304.68,1066.86,1359.87,1643.03,1761.01,,1052.56,971.23,606.66,1069.65,30344.84,1153.98
Nov-24,13188.99,,3905.17,73004.942522,4782.14,2681732.353,376399,1012.06,1069.93,1665.12,1191.36,1844.21,479.24,2275.96,2227.8,2374.74,1368.8,1066.57,1406.36,1746.42,1810.17,,1091.58,1102.09,673.13,1026.16,32162.75,1168.09
Dec-24,15944.61,,4862.1,133019.214394,5695.56,6355161.272,758450,1119.3,1337.8,1959.54,1270.95,2099.02,533.34,3107.98,2490.79,2499.84,1623.25,1138.4,1557.43,2047.3,2174.64,,1377.42,1299.61,790.3,1137.14,40189.54,1286.28
Jan-25,17122.73,,5114.35,140432.059107,6113.93,5883566.722,772389,1151.47,1414.77,2043.93,1557.32,2349.06,560.92,3377.1,2656.46,2536.5,1781.13,1185.76,1516.69,2183.93,2394.08,,1435.67,1525.49,938.59,1265.07,44847.93,1372.93
Feb-25,16478.67,,4931.17,58416.394173,5812.11,2004212.343,384823,1075.07,1374.54,1921.93,1474.92,2198.26,508.66,3106.17,2491.39,2616.57,1698.83,1149.08,1406.29,2344.91,2327.28,,1398.56,1460.02,845.54,1247.22,43297.57,1337.65
Mar-25,15814.82,,4734.72,40353.115432,5606.37,1481363.137,258621,1084.45,1325.17,1845.93,1462.47,2052.14,489.33,2928.1,2462.74,2776.9,1665.98,1151.14,1406.29,2059.76,2233.23,,1336.68,1459.21,787.41,1273.33,43465.56,1306.09
Apr-25,15799.94,,4643.66,48267.820413,5666.75,1863653.053,326872,1077.75,1250.89,1892.22,1597.5,1923.35,498.96,2992.59,2496.46,2837.41,1726.98,1160.31,1342.37,2050.62,2282.55,,1314.04,1587.1,758.4,1260.18,42813.73,1300.91
May-25,16854.86,,4981.57,79997.536967,6080.19,2898334.661,392155,1146.11,1335.34,1967.76,1509.16,1976.44,492.54,3187.86,2544.01,3253.8,1861.06,1199.38,1383.05,2101.61,2384.85,,1465.15,1805.2,781.42,1525.6,45463.23,1392.07
Jun-25,18026.72,,5352.51,98276.776371,6437.95,4472882.851,641100,1198.39,1444.33,2117.5,1498.1,1969.73,519.16,3588.28,2497.31,3799.02,1924.93,1387.13,1348.18,2173.91,2557.25,,1675.38,1977.11,736.12,1617.28,46232.82,1439.93
Jul-25,19642.48,,5762.17,157486.015804,6895.69,5942149.181,828098,1384.05,1591.45,2286.35,1597.74,2071.07,580.74,3916.43,2691.92,3998.05,2025.57,1498.72,1441.15,2413.27,2707.06,,2098.39,2621.97,829.19,1626.52,50211.04,1545.37
Aug-25,20997.36,,6076.79,131900.936229,7425.45,4778985.811,808199,1313.67,1751.94,2267.25,1530.57,2267.27,647.67,4059,2665.31,4783.04,2212.53,1623,1441.15,2508.56,2867.2,,2501.35,2747.18,925.77,2145.52,73093,1641.01
Sep-25,21778.6,,6126.53,148756.908586,7752.26,5169330.485,852384,1265.42,1759.21,2287.52,1563.52,2154.08,730.32,4198.09,2867.13,4875.61,2379.39,1648.35,1435.34,2519.69,3034.02,,2714.91,3302.29,933.41,2194.02,86558.69,1945.66
Oct-25,22804.84,,6213.91,157219.938172,8122.47,6670584.189,877355,1233.24,1806.08,2314.91,1816.37,2308.58,722,4393.91,3132.21,4943.38,2430.02,1824.96,1702.62,2797.55,3089.27,,2965.43,3753.77,1267.14,2348.54,89759.39,2629.4
Nov-25,22712.82,,6267.03,94686.257277,8122.78,3016117.404,693454,1222.52,1826.14,2412.75,1747.41,2196.19,690.15,4220.75,3080.89,4889.18,2395.61,1688.09,1476.01,2614.32,3051.52,,2875.85,3618.55,1272.61,2413.76,89452.48,2397.52
Dec-25,22624.31,,6157.38,76855.184173,8068.62,2465153.312,657545,1201.07,1790.05,2477.06,1673.8,2125.82,664.74,4083.72,3099.51,4809.52,2349.92,1664.4,1464.39,2561.3,3202.94,,2859.52,3500.74,1185.15,2466.3,88409.59,2307.99
