SECTOR_DATE,SECTOR_ID,TRI_ID,TRI_VAL
2024-10-01 00:00:00,SPCSEAMP,SPCSEAMT,1823.27798443779
2024-10-02 00:00:00,SPCSEAMP,SPCSEAMT,1818.36348852286
2024-10-03 00:00:00,SPCSEAMP,SPCSEAMT,1818.36348852286
2024-10-04 00:00:00,SPCSEAMP,SPCSEAMT,1808.534496693
2024-10-07 00:00:00,SPCSEAMP,SPCSEAMT,1801.16275282061
2024-10-08 00:00:00,SPCSEAMP,SPCSEAMT,1801.16275282061
2024-10-09 00:00:00,SPCSEAMP,SPCSEAMT,1806.07724873555
2024-10-10 00:00:00,SPCSEAMP,SPCSEAMT,1801.16275282063
2024-10-11 00:00:00,SPCSEAMP,SPCSEAMT,1828.19248035272
2024-10-14 00:00:00,SPCSEAMP,SPCSEAMT,1808.53449669302
2024-10-15 00:00:00,SPCSEAMP,SPCSEAMT,1806.07724873556
2024-10-16 00:00:00,SPCSEAMP,SPCSEAMT,1828.19248035273
2024-10-18 00:00:00,SPCSEAMP,SPCSEAMT,1820.82073648033
2024-10-21 00:00:00,SPCSEAMP,SPCSEAMT,1818.36348852286
2024-10-22 00:00:00,SPCSEAMP,SPCSEAMT,1818.36348852286
2024-10-23 00:00:00,SPCSEAMP,SPCSEAMT,1838.02147218257
2024-10-24 00:00:00,SPCSEAMP,SPCSEAMT,1835.56422422511
2024-10-25 00:00:00,SPCSEAMP,SPCSEAMT,1818.36348852287
2024-10-28 00:00:00,SPCSEAMP,SPCSEAMT,1818.36348852287
2024-10-29 00:00:00,SPCSEAMP,SPCSEAMT,1825.73523239525
2024-10-30 00:00:00,SPCSEAMP,SPCSEAMT,1823.27798443778
2024-11-01 00:00:00,SPCSEAMP,SPCSEAMT,1823.27798443778
2024-11-04 00:00:00,SPCSEAMP,SPCSEAMT,1877.33743950197
2024-11-05 00:00:00,SPCSEAMP,SPCSEAMT,1842.93596809749
2024-11-06 00:00:00,SPCSEAMP,SPCSEAMT,1835.5642242251
2024-11-07 00:00:00,SPCSEAMP,SPCSEAMT,1830.64972831018
2024-11-08 00:00:00,SPCSEAMP,SPCSEAMT,1830.64972831018
2024-11-11 00:00:00,SPCSEAMP,SPCSEAMT,1840.47872014004
2024-11-12 00:00:00,SPCSEAMP,SPCSEAMT,1840.47872014004
2024-11-13 00:00:00,SPCSEAMP,SPCSEAMT,1833.10697626764
2024-11-14 00:00:00,SPCSEAMP,SPCSEAMT,1830.64972831017
2024-11-18 00:00:00,SPCSEAMP,SPCSEAMT,1842.93596809749
2024-11-19 00:00:00,SPCSEAMP,SPCSEAMT,1840.47872014003
2024-11-20 00:00:00,SPCSEAMP,SPCSEAMT,1845.39321605495
2024-11-21 00:00:00,SPCSEAMP,SPCSEAMT,1820.82073648031
2024-11-22 00:00:00,SPCSEAMP,SPCSEAMT,1840.47872014002
2024-11-25 00:00:00,SPCSEAMP,SPCSEAMT,1823.27798443779
2024-11-26 00:00:00,SPCSEAMP,SPCSEAMT,1825.73523239525
2024-11-27 00:00:00,SPCSEAMP,SPCSEAMT,1818.36348852285
2024-11-28 00:00:00,SPCSEAMP,SPCSEAMT,1842.93596809748
2024-11-29 00:00:00,SPCSEAMP,SPCSEAMT,1855.2222078848
2024-12-02 00:00:00,SPCSEAMP,SPCSEAMT,1855.2222078848
2024-12-03 00:00:00,SPCSEAMP,SPCSEAMT,1879.79468745943
2024-12-04 00:00:00,SPCSEAMP,SPCSEAMT,1916.65340682137
2024-12-05 00:00:00,SPCSEAMP,SPCSEAMT,1968.25561392811
2024-12-06 00:00:00,SPCSEAMP,SPCSEAMT,2002.65708533259
2024-12-09 00:00:00,SPCSEAMP,SPCSEAMT,1997.74258941766
2024-12-10 00:00:00,SPCSEAMP,SPCSEAMT,2002.6570853326
2024-12-11 00:00:00,SPCSEAMP,SPCSEAMT,1997.74258941767
2024-12-12 00:00:00,SPCSEAMP,SPCSEAMT,1985.45634963037
2024-12-13 00:00:00,SPCSEAMP,SPCSEAMT,1985.45634963037
2024-12-16 00:00:00,SPCSEAMP,SPCSEAMT,1968.25561392813
2024-12-17 00:00:00,SPCSEAMP,SPCSEAMT,1965.79836597066
2024-12-18 00:00:00,SPCSEAMP,SPCSEAMT,1987.91359758783
2024-12-19 00:00:00,SPCSEAMP,SPCSEAMT,2014.94332511993
2024-12-20 00:00:00,SPCSEAMP,SPCSEAMT,2037.05855673711
2024-12-23 00:00:00,SPCSEAMP,SPCSEAMT,2024.77231694979
2024-12-24 00:00:00,SPCSEAMP,SPCSEAMT,2007.57158124754
2024-12-26 00:00:00,SPCSEAMP,SPCSEAMT,2024.77231694979
2024-12-27 00:00:00,SPCSEAMP,SPCSEAMT,2017.40057307739
2024-12-30 00:00:00,SPCSEAMP,SPCSEAMT,2029.68681286472
2024-12-31 00:00:00,SPCSEAMP,SPCSEAMT,2051.80204448189
2024-10-01 00:00:00,SPCSEBP,SPCSEBT,1284.66026846018
2024-10-02 00:00:00,SPCSEBP,SPCSEBT,1290.17304039568
2024-10-03 00:00:00,SPCSEBP,SPCSEBT,1279.49529882161
2024-10-04 00:00:00,SPCSEBP,SPCSEBT,1301.31230683969
2024-10-07 00:00:00,SPCSEBP,SPCSEBT,1327.23402068937
2024-10-08 00:00:00,SPCSEBP,SPCSEBT,1318.62401367316
2024-10-09 00:00:00,SPCSEBP,SPCSEBT,1308.79976120734
2024-10-10 00:00:00,SPCSEBP,SPCSEBT,1312.63424133664
2024-10-11 00:00:00,SPCSEBP,SPCSEBT,1331.46505009251
2024-10-14 00:00:00,SPCSEBP,SPCSEBT,1318.46391266103
2024-10-15 00:00:00,SPCSEBP,SPCSEBT,1312.82949610216
2024-10-16 00:00:00,SPCSEBP,SPCSEBT,1312.99258147834
2024-10-18 00:00:00,SPCSEBP,SPCSEBT,1313.83498930461
2024-10-21 00:00:00,SPCSEBP,SPCSEBT,1317.00920048178
2024-10-22 00:00:00,SPCSEBP,SPCSEBT,1315.55173916505
2024-10-23 00:00:00,SPCSEBP,SPCSEBT,1332.45816652935
2024-10-24 00:00:00,SPCSEBP,SPCSEBT,1351.39935436469
2024-10-25 00:00:00,SPCSEBP,SPCSEBT,1362.68542894855
2024-10-28 00:00:00,SPCSEBP,SPCSEBT,1374.76645035497
2024-10-29 00:00:00,SPCSEBP,SPCSEBT,1416.48366084154
2024-10-30 00:00:00,SPCSEBP,SPCSEBT,1417.43122566077
2024-11-01 00:00:00,SPCSEBP,SPCSEBT,1424.52870974376
2024-11-04 00:00:00,SPCSEBP,SPCSEBT,1419.40838518232
2024-11-05 00:00:00,SPCSEBP,SPCSEBT,1414.30826176974
2024-11-06 00:00:00,SPCSEBP,SPCSEBT,1403.64254533073
2024-11-07 00:00:00,SPCSEBP,SPCSEBT,1393.93591667973
2024-11-08 00:00:00,SPCSEBP,SPCSEBT,1401.13095326213
2024-11-11 00:00:00,SPCSEBP,SPCSEBT,1420.59781606171
2024-11-12 00:00:00,SPCSEBP,SPCSEBT,1428.89588041596
2024-11-13 00:00:00,SPCSEBP,SPCSEBT,1451.54856648632
2024-11-14 00:00:00,SPCSEBP,SPCSEBT,1475.03295517118
2024-11-18 00:00:00,SPCSEBP,SPCSEBT,1485.39581888531
2024-11-19 00:00:00,SPCSEBP,SPCSEBT,1457.67062466135
2024-11-20 00:00:00,SPCSEBP,SPCSEBT,1460.01609866161
2024-11-21 00:00:00,SPCSEBP,SPCSEBT,1443.8418447915
2024-11-22 00:00:00,SPCSEBP,SPCSEBT,1456.40614057467
2024-11-25 00:00:00,SPCSEBP,SPCSEBT,1429.16713632254
2024-11-26 00:00:00,SPCSEBP,SPCSEBT,1446.59847962424
2024-11-27 00:00:00,SPCSEBP,SPCSEBT,1464.3008292927
2024-11-28 00:00:00,SPCSEBP,SPCSEBT,1484.49766281385
2024-11-29 00:00:00,SPCSEBP,SPCSEBT,1484.06262760075
2024-12-02 00:00:00,SPCSEBP,SPCSEBT,1480.60840517859
2024-12-03 00:00:00,SPCSEBP,SPCSEBT,1484.9446425592
2024-12-04 00:00:00,SPCSEBP,SPCSEBT,1515.71499300081
2024-12-05 00:00:00,SPCSEBP,SPCSEBT,1532.53850738756
2024-12-06 00:00:00,SPCSEBP,SPCSEBT,1532.33180836898
2024-12-09 00:00:00,SPCSEBP,SPCSEBT,1535.58431523369
2024-12-10 00:00:00,SPCSEBP,SPCSEBT,1533.03546232102
2024-12-11 00:00:00,SPCSEBP,SPCSEBT,1540.51764173973
2024-12-12 00:00:00,SPCSEBP,SPCSEBT,1562.19759049126
2024-12-13 00:00:00,SPCSEBP,SPCSEBT,1587.90455966779
2024-12-16 00:00:00,SPCSEBP,SPCSEBT,1642.2547999207
2024-12-17 00:00:00,SPCSEBP,SPCSEBT,1650.95005922642
2024-12-18 00:00:00,SPCSEBP,SPCSEBT,1653.8080908788
2024-12-19 00:00:00,SPCSEBP,SPCSEBT,1638.67641107907
2024-12-20 00:00:00,SPCSEBP,SPCSEBT,1647.53058932488
2024-12-23 00:00:00,SPCSEBP,SPCSEBT,1684.1263425269
2024-12-24 00:00:00,SPCSEBP,SPCSEBT,1702.7709917139
2024-12-26 00:00:00,SPCSEBP,SPCSEBT,1718.73375826861
2024-12-27 00:00:00,SPCSEBP,SPCSEBT,1744.49202643514
2024-12-30 00:00:00,SPCSEBP,SPCSEBT,1821.69104137912
2024-12-31 00:00:00,SPCSEBP,SPCSEBT,1855.6188802569
2024-10-01 00:00:00,SPCSECAP,SPCSECAT,2599.24293266614
2024-10-02 00:00:00,SPCSECAP,SPCSECAT,2566.70387224426
2024-10-03 00:00:00,SPCSECAP,SPCSECAT,2555.05067788537
2024-10-04 00:00:00,SPCSECAP,SPCSECAT,2538.40235411115
2024-10-07 00:00:00,SPCSECAP,SPCSECAT,2578.54477115837
2024-10-08 00:00:00,SPCSECAP,SPCSECAT,2560.63946828807
2024-10-09 00:00:00,SPCSECAP,SPCSECAT,2547.61337699462
2024-10-10 00:00:00,SPCSECAP,SPCSECAT,2578.78154095656
2024-10-11 00:00:00,SPCSECAP,SPCSECAT,2581.84595449115
2024-10-14 00:00:00,SPCSECAP,SPCSECAT,2659.4748586057
2024-10-15 00:00:00,SPCSECAP,SPCSECAT,2665.16600399995
2024-10-16 00:00:00,SPCSECAP,SPCSECAT,2664.03333726152
2024-10-18 00:00:00,SPCSECAP,SPCSECAT,2628.02018766457
2024-10-21 00:00:00,SPCSECAP,SPCSECAT,2636.35494872597
2024-10-22 00:00:00,SPCSECAP,SPCSECAT,2626.93338550801
2024-10-23 00:00:00,SPCSECAP,SPCSECAT,2619.39327957375
2024-10-24 00:00:00,SPCSECAP,SPCSECAT,2647.74781520328
2024-10-25 00:00:00,SPCSECAP,SPCSECAT,2634.05265247461
2024-10-28 00:00:00,SPCSECAP,SPCSECAT,2636.75548229495
2024-10-29 00:00:00,SPCSECAP,SPCSECAT,2636.54908073567
2024-10-30 00:00:00,SPCSECAP,SPCSECAT,2640.09835040546
2024-11-01 00:00:00,SPCSECAP,SPCSECAT,2624.65933517474
2024-11-04 00:00:00,SPCSECAP,SPCSECAT,2636.6170966096
2024-11-05 00:00:00,SPCSECAP,SPCSECAT,2591.68211934179
2024-11-06 00:00:00,SPCSECAP,SPCSECAT,2590.10679647299
2024-11-07 00:00:00,SPCSECAP,SPCSECAT,2581.96427471929
2024-11-08 00:00:00,SPCSECAP,SPCSECAT,2566.94522564791
2024-11-11 00:00:00,SPCSECAP,SPCSECAT,2593.15209366035
2024-11-12 00:00:00,SPCSECAP,SPCSECAT,2603.90575945426
2024-11-13 00:00:00,SPCSECAP,SPCSECAT,2616.86685368908
2024-11-14 00:00:00,SPCSECAP,SPCSECAT,2622.49158174056
2024-11-18 00:00:00,SPCSECAP,SPCSECAT,2646.43647012812
2024-11-19 00:00:00,SPCSECAP,SPCSECAT,2629.96209058508
2024-11-20 00:00:00,SPCSECAP,SPCSECAT,2606.16925160434
2024-11-21 00:00:00,SPCSECAP,SPCSECAT,2591.84110954384
2024-11-22 00:00:00,SPCSECAP,SPCSECAT,2614.36544488366
2024-11-25 00:00:00,SPCSECAP,SPCSECAT,2602.72577117016
2024-11-26 00:00:00,SPCSECAP,SPCSECAT,2599.48856747249
2024-11-27 00:00:00,SPCSECAP,SPCSECAT,2610.1826594865
2024-11-28 00:00:00,SPCSECAP,SPCSECAT,2631.43467819102
2024-11-29 00:00:00,SPCSECAP,SPCSECAT,2615.15407407543
2024-12-02 00:00:00,SPCSECAP,SPCSECAT,2596.29456045934
2024-12-03 00:00:00,SPCSECAP,SPCSECAT,2598.41298890365
2024-12-04 00:00:00,SPCSECAP,SPCSECAT,2603.90087595206
2024-12-05 00:00:00,SPCSECAP,SPCSECAT,2632.48821868364
2024-12-06 00:00:00,SPCSECAP,SPCSECAT,2634.26752086419
2024-12-09 00:00:00,SPCSECAP,SPCSECAT,2649.24162497058
2024-12-10 00:00:00,SPCSECAP,SPCSECAT,2641.79496965119
2024-12-11 00:00:00,SPCSECAP,SPCSECAT,2671.69673749884
2024-12-12 00:00:00,SPCSECAP,SPCSECAT,2676.21069817501
2024-12-13 00:00:00,SPCSECAP,SPCSECAT,2692.94578290877
2024-12-16 00:00:00,SPCSECAP,SPCSECAT,2690.92438764623
2024-12-17 00:00:00,SPCSECAP,SPCSECAT,2661.99585203419
2024-12-18 00:00:00,SPCSECAP,SPCSECAT,2699.46569069259
2024-12-19 00:00:00,SPCSECAP,SPCSECAT,2703.30020769672
2024-12-20 00:00:00,SPCSECAP,SPCSECAT,2691.34239184214
2024-12-23 00:00:00,SPCSECAP,SPCSECAT,2751.55117982731
2024-12-24 00:00:00,SPCSECAP,SPCSECAT,2802.63173059061
2024-12-26 00:00:00,SPCSECAP,SPCSECAT,2892.96625431981
2024-12-27 00:00:00,SPCSECAP,SPCSECAT,2973.83451532554
2024-12-30 00:00:00,SPCSECAP,SPCSECAT,3014.15055345899
2024-12-31 00:00:00,SPCSECAP,SPCSECAT,2976.47406511792
2024-10-01 00:00:00,SPCSECGP,SPCSECGT,2020.2639748708
2024-10-02 00:00:00,SPCSECGP,SPCSECGT,1995.54925761459
2024-10-03 00:00:00,SPCSECGP,SPCSECGT,1984.96160453873
2024-10-04 00:00:00,SPCSECGP,SPCSECGT,2030.06054126819
2024-10-07 00:00:00,SPCSECGP,SPCSECGT,2043.38717192581
2024-10-08 00:00:00,SPCSECGP,SPCSECGT,2083.91246960199
2024-10-09 00:00:00,SPCSECGP,SPCSECGT,2105.03680058323
2024-10-10 00:00:00,SPCSECGP,SPCSECGT,2104.39883783782
2024-10-11 00:00:00,SPCSECGP,SPCSECGT,2107.20916308029
2024-10-14 00:00:00,SPCSECGP,SPCSECGT,2104.75965223104
2024-10-15 00:00:00,SPCSECGP,SPCSECGT,2102.21157093687
2024-10-16 00:00:00,SPCSECGP,SPCSECGT,2102.59310470401
2024-10-18 00:00:00,SPCSECGP,SPCSECGT,2112.49037046481
2024-10-21 00:00:00,SPCSECGP,SPCSECGT,2112.30018106118
2024-10-22 00:00:00,SPCSECGP,SPCSECGT,2122.22399794579
2024-10-23 00:00:00,SPCSECGP,SPCSECGT,2149.97992611401
2024-10-24 00:00:00,SPCSECGP,SPCSECGT,2201.74811492599
2024-10-25 00:00:00,SPCSECGP,SPCSECGT,2234.77813316554
2024-10-28 00:00:00,SPCSECGP,SPCSECGT,2224.9389996792
2024-10-29 00:00:00,SPCSECGP,SPCSECGT,2229.26423850987
2024-10-30 00:00:00,SPCSECGP,SPCSECGT,2231.37195592699
2024-11-01 00:00:00,SPCSECGP,SPCSECGT,2237.03892510234
2024-11-04 00:00:00,SPCSECGP,SPCSECGT,2229.3140816205
2024-11-05 00:00:00,SPCSECGP,SPCSECGT,2224.55353386123
2024-11-06 00:00:00,SPCSECGP,SPCSECGT,2217.35521960425
2024-11-07 00:00:00,SPCSECGP,SPCSECGT,2237.69977415064
2024-11-08 00:00:00,SPCSECGP,SPCSECGT,2224.79296177631
2024-11-11 00:00:00,SPCSECGP,SPCSECGT,2207.95988256823
2024-11-12 00:00:00,SPCSECGP,SPCSECGT,2252.35139335819
2024-11-13 00:00:00,SPCSECGP,SPCSECGT,2269.79710204933
2024-11-14 00:00:00,SPCSECGP,SPCSECGT,2267.1010009288
2024-11-18 00:00:00,SPCSECGP,SPCSECGT,2247.47178926704
2024-11-19 00:00:00,SPCSECGP,SPCSECGT,2196.458160584
2024-11-20 00:00:00,SPCSECGP,SPCSECGT,2210.52700477746
2024-11-21 00:00:00,SPCSECGP,SPCSECGT,2158.53490623707
2024-11-22 00:00:00,SPCSECGP,SPCSECGT,2156.65589201937
2024-11-25 00:00:00,SPCSECGP,SPCSECGT,2102.11927877335
2024-11-26 00:00:00,SPCSECGP,SPCSECGT,2144.8800818119
2024-11-27 00:00:00,SPCSECGP,SPCSECGT,2161.05249891983
2024-11-28 00:00:00,SPCSECGP,SPCSECGT,2172.89039016219
2024-11-29 00:00:00,SPCSECGP,SPCSECGT,2155.39263423953
2024-12-02 00:00:00,SPCSECGP,SPCSECGT,2169.63107747184
2024-12-03 00:00:00,SPCSECGP,SPCSECGT,2191.22669553911
2024-12-04 00:00:00,SPCSECGP,SPCSECGT,2250.46290683301
2024-12-05 00:00:00,SPCSECGP,SPCSECGT,2262.52348949821
2024-12-06 00:00:00,SPCSECGP,SPCSECGT,2273.0434109005
2024-12-09 00:00:00,SPCSECGP,SPCSECGT,2289.49153486361
2024-12-10 00:00:00,SPCSECGP,SPCSECGT,2304.64493970174
2024-12-11 00:00:00,SPCSECGP,SPCSECGT,2311.04080701824
2024-12-12 00:00:00,SPCSECGP,SPCSECGT,2339.96293146914
2024-12-13 00:00:00,SPCSECGP,SPCSECGT,2355.88528791404
2024-12-16 00:00:00,SPCSECGP,SPCSECGT,2384.41232021304
2024-12-17 00:00:00,SPCSECGP,SPCSECGT,2421.91403634817
2024-12-18 00:00:00,SPCSECGP,SPCSECGT,2436.84976330775
2024-12-19 00:00:00,SPCSECGP,SPCSECGT,2449.61276292599
2024-12-20 00:00:00,SPCSECGP,SPCSECGT,2469.02291360939
2024-12-23 00:00:00,SPCSECGP,SPCSECGT,2466.50002209331
2024-12-24 00:00:00,SPCSECGP,SPCSECGT,2484.11082964448
2024-12-26 00:00:00,SPCSECGP,SPCSECGT,2494.69013207157
2024-12-27 00:00:00,SPCSECGP,SPCSECGT,2510.33038270693
2024-12-30 00:00:00,SPCSECGP,SPCSECGT,2538.85275197155
2024-12-31 00:00:00,SPCSECGP,SPCSECGT,2539.12067002067
2024-10-01 00:00:00,SPCSECPP,SPCSECPT,1529.63341606494
2024-10-02 00:00:00,SPCSECPP,SPCSECPT,1514.17522516456
2024-10-03 00:00:00,SPCSECPP,SPCSECPT,1506.917150785
2024-10-04 00:00:00,SPCSECPP,SPCSECPT,1550.48581087568
2024-10-07 00:00:00,SPCSECPP,SPCSECPT,1582.18839536814
2024-10-08 00:00:00,SPCSECPP,SPCSECPT,1586.70904877746
2024-10-09 00:00:00,SPCSECPP,SPCSECPT,1581.09892513725
2024-10-10 00:00:00,SPCSECPP,SPCSECPT,1560.35001901661
2024-10-11 00:00:00,SPCSECPP,SPCSECPT,1577.76385713253
2024-10-14 00:00:00,SPCSECPP,SPCSECPT,1586.34401747921
2024-10-15 00:00:00,SPCSECPP,SPCSECPT,1594.61217912615
2024-10-16 00:00:00,SPCSECPP,SPCSECPT,1576.7408450926
2024-10-18 00:00:00,SPCSECPP,SPCSECPT,1586.43513048839
2024-10-21 00:00:00,SPCSECPP,SPCSECPT,1577.08453422439
2024-10-22 00:00:00,SPCSECPP,SPCSECPT,1571.55394439703
2024-10-23 00:00:00,SPCSECPP,SPCSECPT,1540.60813188752
2024-10-24 00:00:00,SPCSECPP,SPCSECPT,1538.71931696931
2024-10-25 00:00:00,SPCSECPP,SPCSECPT,1562.63573970136
2024-10-28 00:00:00,SPCSECPP,SPCSECPT,1602.31045303655
2024-10-29 00:00:00,SPCSECPP,SPCSECPT,1595.83779391507
2024-10-30 00:00:00,SPCSECPP,SPCSECPT,1571.94737761147
2024-11-01 00:00:00,SPCSECPP,SPCSECPT,1580.27611432458
2024-11-04 00:00:00,SPCSECPP,SPCSECPT,1575.22405786563
2024-11-05 00:00:00,SPCSECPP,SPCSECPT,1572.16582859345
2024-11-06 00:00:00,SPCSECPP,SPCSECPT,1567.53794543008
2024-11-07 00:00:00,SPCSECPP,SPCSECPT,1563.41199840372
2024-11-08 00:00:00,SPCSECPP,SPCSECPT,1587.33012875043
2024-11-11 00:00:00,SPCSECPP,SPCSECPT,1588.01062224956
2024-11-12 00:00:00,SPCSECPP,SPCSECPT,1598.58280864174
2024-11-13 00:00:00,SPCSECPP,SPCSECPT,1556.66599120372
2024-11-14 00:00:00,SPCSECPP,SPCSECPT,1551.7781463334
2024-11-18 00:00:00,SPCSECPP,SPCSECPT,1495.39254079911
2024-11-19 00:00:00,SPCSECPP,SPCSECPT,1511.48216295505
2024-11-20 00:00:00,SPCSECPP,SPCSECPT,1530.34857172838
2024-11-21 00:00:00,SPCSECPP,SPCSECPT,1539.79527109817
2024-11-22 00:00:00,SPCSECPP,SPCSECPT,1573.57249579277
2024-11-25 00:00:00,SPCSECPP,SPCSECPT,1604.56517116227
2024-11-26 00:00:00,SPCSECPP,SPCSECPT,1631.69431703981
2024-11-27 00:00:00,SPCSECPP,SPCSECPT,1595.69861426805
2024-11-28 00:00:00,SPCSECPP,SPCSECPT,1657.9673113807
2024-11-29 00:00:00,SPCSECPP,SPCSECPT,1687.39200125285
2024-12-02 00:00:00,SPCSECPP,SPCSECPT,1663.07591221112
2024-12-03 00:00:00,SPCSECPP,SPCSECPT,1652.9136136808
2024-12-04 00:00:00,SPCSECPP,SPCSECPT,1659.90247325411
2024-12-05 00:00:00,SPCSECPP,SPCSECPT,1639.51796486444
2024-12-06 00:00:00,SPCSECPP,SPCSECPT,1633.19322861847
2024-12-09 00:00:00,SPCSECPP,SPCSECPT,1670.37361169872
2024-12-10 00:00:00,SPCSECPP,SPCSECPT,1679.25128317326
2024-12-11 00:00:00,SPCSECPP,SPCSECPT,1671.53745066061
2024-12-12 00:00:00,SPCSECPP,SPCSECPT,1672.80706880266
2024-12-13 00:00:00,SPCSECPP,SPCSECPT,1650.36859091959
2024-12-16 00:00:00,SPCSECPP,SPCSECPT,1644.53542805614
2024-12-17 00:00:00,SPCSECPP,SPCSECPT,1647.65321846787
2024-12-18 00:00:00,SPCSECPP,SPCSECPT,1734.65613419801
2024-12-19 00:00:00,SPCSECPP,SPCSECPT,1777.03354387116
2024-12-20 00:00:00,SPCSECPP,SPCSECPT,1789.19289930428
2024-12-23 00:00:00,SPCSECPP,SPCSECPT,1782.32425600764
2024-12-24 00:00:00,SPCSECPP,SPCSECPT,1752.43171507619
2024-12-26 00:00:00,SPCSECPP,SPCSECPT,1841.95812506575
2024-12-27 00:00:00,SPCSECPP,SPCSECPT,1822.96619954483
2024-12-30 00:00:00,SPCSECPP,SPCSECPT,1839.67058304468
2024-12-31 00:00:00,SPCSECPP,SPCSECPT,1801.43242916496
2024-10-01 00:00:00,SPCSECSP,SPCSECST,472.071118485759
2024-10-02 00:00:00,SPCSECSP,SPCSECST,468.748064998376
2024-10-03 00:00:00,SPCSECSP,SPCSECST,466.553331597263
2024-10-04 00:00:00,SPCSECSP,SPCSECST,468.470093984243
2024-10-07 00:00:00,SPCSECSP,SPCSECST,463.987925624597
2024-10-08 00:00:00,SPCSECSP,SPCSECST,466.470932106559
2024-10-09 00:00:00,SPCSECSP,SPCSECST,462.773569501629
2024-10-10 00:00:00,SPCSECSP,SPCSECST,460.764147267527
2024-10-11 00:00:00,SPCSECSP,SPCSECST,462.364442445972
2024-10-14 00:00:00,SPCSECSP,SPCSECST,468.139414868519
2024-10-15 00:00:00,SPCSECSP,SPCSECST,471.240212882816
2024-10-16 00:00:00,SPCSECSP,SPCSECST,474.339462963784
2024-10-18 00:00:00,SPCSECSP,SPCSECST,470.361945892283
2024-10-21 00:00:00,SPCSECSP,SPCSECST,469.263691261868
2024-10-22 00:00:00,SPCSECSP,SPCSECST,466.140280927252
2024-10-23 00:00:00,SPCSECSP,SPCSECST,461.025032696019
2024-10-24 00:00:00,SPCSECSP,SPCSECST,454.660923819635
2024-10-25 00:00:00,SPCSECSP,SPCSECST,454.714761482763
2024-10-28 00:00:00,SPCSECSP,SPCSECST,456.027534560068
2024-10-29 00:00:00,SPCSECSP,SPCSECST,459.959438944553
2024-10-30 00:00:00,SPCSECSP,SPCSECST,457.690470298016
2024-11-01 00:00:00,SPCSECSP,SPCSECST,459.458089834175
2024-11-04 00:00:00,SPCSECSP,SPCSECST,465.007550099708
2024-11-05 00:00:00,SPCSECSP,SPCSECST,461.310330423136
2024-11-06 00:00:00,SPCSECSP,SPCSECST,457.552904061324
2024-11-07 00:00:00,SPCSECSP,SPCSECST,459.642352482671
2024-11-08 00:00:00,SPCSECSP,SPCSECST,461.733825779596
2024-11-11 00:00:00,SPCSECSP,SPCSECST,459.667233470634
2024-11-12 00:00:00,SPCSECSP,SPCSECST,466.951428582017
2024-11-13 00:00:00,SPCSECSP,SPCSECST,477.376358650589
2024-11-14 00:00:00,SPCSECSP,SPCSECST,485.729373003233
2024-11-18 00:00:00,SPCSECSP,SPCSECST,497.663052430474
2024-11-19 00:00:00,SPCSECSP,SPCSECST,506.770674384008
2024-11-20 00:00:00,SPCSECSP,SPCSECST,506.932176891529
2024-11-21 00:00:00,SPCSECSP,SPCSECST,498.30498735631
2024-11-22 00:00:00,SPCSECSP,SPCSECST,500.941655221024
2024-11-25 00:00:00,SPCSECSP,SPCSECST,493.38704304904
2024-11-26 00:00:00,SPCSECSP,SPCSECST,493.379454072118
2024-11-27 00:00:00,SPCSECSP,SPCSECST,503.545337977512
2024-11-28 00:00:00,SPCSECSP,SPCSECST,514.35089681693
2024-11-29 00:00:00,SPCSECSP,SPCSECST,534.12348948544
2024-12-02 00:00:00,SPCSECSP,SPCSECST,537.099555038632
2024-12-03 00:00:00,SPCSECSP,SPCSECST,546.608078854527
2024-12-04 00:00:00,SPCSECSP,SPCSECST,548.007518652485
2024-12-05 00:00:00,SPCSECSP,SPCSECST,542.308075009018
2024-12-06 00:00:00,SPCSECSP,SPCSECST,543.12089613952
2024-12-09 00:00:00,SPCSECSP,SPCSECST,553.075501764724
2024-12-10 00:00:00,SPCSECSP,SPCSECST,553.025175436678
2024-12-11 00:00:00,SPCSECSP,SPCSECST,550.003108235644
2024-12-12 00:00:00,SPCSECSP,SPCSECST,557.260013586419
2024-12-13 00:00:00,SPCSECSP,SPCSECST,552.408884023427
2024-12-16 00:00:00,SPCSECSP,SPCSECST,551.7676650882
2024-12-17 00:00:00,SPCSECSP,SPCSECST,554.734942650533
2024-12-18 00:00:00,SPCSECSP,SPCSECST,553.848402938221
2024-12-19 00:00:00,SPCSECSP,SPCSECST,557.577007151721
2024-12-20 00:00:00,SPCSECSP,SPCSECST,561.772424667833
2024-12-23 00:00:00,SPCSECSP,SPCSECST,569.734365151674
2024-12-24 00:00:00,SPCSECSP,SPCSECST,592.046426913635
2024-12-26 00:00:00,SPCSECSP,SPCSECST,602.907393101973
2024-12-27 00:00:00,SPCSECSP,SPCSECST,602.247903386779
2024-12-30 00:00:00,SPCSECSP,SPCSECST,599.763742413113
2024-12-31 00:00:00,SPCSECSP,SPCSECST,594.419145065971
2024-10-01 00:00:00,SPCSEDFP,SPCSEDFT,2678.99626175799
2024-10-02 00:00:00,SPCSEDFP,SPCSEDFT,2650.68372540546
2024-10-03 00:00:00,SPCSEDFP,SPCSEDFT,2663.14319058858
2024-10-04 00:00:00,SPCSEDFP,SPCSEDFT,2668.40943499078
2024-10-07 00:00:00,SPCSEDFP,SPCSEDFT,2697.91672385513
2024-10-08 00:00:00,SPCSEDFP,SPCSEDFT,2677.7719975558
2024-10-09 00:00:00,SPCSEDFP,SPCSEDFT,2656.68219400971
2024-10-10 00:00:00,SPCSEDFP,SPCSEDFT,2637.96992828
2024-10-11 00:00:00,SPCSEDFP,SPCSEDFT,2679.71160516502
2024-10-14 00:00:00,SPCSEDFP,SPCSEDFT,2678.96128880029
2024-10-15 00:00:00,SPCSEDFP,SPCSEDFT,2679.13963186077
2024-10-16 00:00:00,SPCSEDFP,SPCSEDFT,2682.94448897989
2024-10-18 00:00:00,SPCSEDFP,SPCSEDFT,2734.95469075205
2024-10-21 00:00:00,SPCSEDFP,SPCSEDFT,2709.39860059058
2024-10-22 00:00:00,SPCSEDFP,SPCSEDFT,2697.80958937356
2024-10-23 00:00:00,SPCSEDFP,SPCSEDFT,2719.31808272538
2024-10-24 00:00:00,SPCSEDFP,SPCSEDFT,2727.91996540291
2024-10-25 00:00:00,SPCSEDFP,SPCSEDFT,2758.29446750775
2024-10-28 00:00:00,SPCSEDFP,SPCSEDFT,2830.97088605019
2024-10-29 00:00:00,SPCSEDFP,SPCSEDFT,2825.1417702906
2024-10-30 00:00:00,SPCSEDFP,SPCSEDFT,2818.53782896801
2024-11-01 00:00:00,SPCSEDFP,SPCSEDFT,2864.42414914431
2024-11-04 00:00:00,SPCSEDFP,SPCSEDFT,2851.5777675441
2024-11-05 00:00:00,SPCSEDFP,SPCSEDFT,2824.06951742939
2024-11-06 00:00:00,SPCSEDFP,SPCSEDFT,2795.62731657405
2024-11-07 00:00:00,SPCSEDFP,SPCSEDFT,2808.40541896652
2024-11-08 00:00:00,SPCSEDFP,SPCSEDFT,2808.59103368736
2024-11-11 00:00:00,SPCSEDFP,SPCSEDFT,2815.27486722566
2024-11-12 00:00:00,SPCSEDFP,SPCSEDFT,2853.31613947141
2024-11-13 00:00:00,SPCSEDFP,SPCSEDFT,2886.66028768375
2024-11-14 00:00:00,SPCSEDFP,SPCSEDFT,2894.32140970897
2024-11-18 00:00:00,SPCSEDFP,SPCSEDFT,2898.21685187468
2024-11-19 00:00:00,SPCSEDFP,SPCSEDFT,2865.93019706663
2024-11-20 00:00:00,SPCSEDFP,SPCSEDFT,2843.998799382
2024-11-21 00:00:00,SPCSEDFP,SPCSEDFT,2820.16940830508
2024-11-22 00:00:00,SPCSEDFP,SPCSEDFT,2816.35803717925
2024-11-25 00:00:00,SPCSEDFP,SPCSEDFT,2765.47275267724
2024-11-26 00:00:00,SPCSEDFP,SPCSEDFT,2789.92675668317
2024-11-27 00:00:00,SPCSEDFP,SPCSEDFT,2799.17229545958
2024-11-28 00:00:00,SPCSEDFP,SPCSEDFT,2829.72249077426
2024-11-29 00:00:00,SPCSEDFP,SPCSEDFT,2834.27036393064
2024-12-02 00:00:00,SPCSEDFP,SPCSEDFT,2857.50707243024
2024-12-03 00:00:00,SPCSEDFP,SPCSEDFT,2932.67390943018
2024-12-04 00:00:00,SPCSEDFP,SPCSEDFT,2964.95713761895
2024-12-05 00:00:00,SPCSEDFP,SPCSEDFT,2970.26406080091
2024-12-06 00:00:00,SPCSEDFP,SPCSEDFT,2968.74673775139
2024-12-09 00:00:00,SPCSEDFP,SPCSEDFT,3011.68809317416
2024-12-10 00:00:00,SPCSEDFP,SPCSEDFT,3115.18048745882
2024-12-11 00:00:00,SPCSEDFP,SPCSEDFT,3175.06003812862
2024-12-12 00:00:00,SPCSEDFP,SPCSEDFT,3141.36297558744
2024-12-13 00:00:00,SPCSEDFP,SPCSEDFT,3204.26624068898
2024-12-16 00:00:00,SPCSEDFP,SPCSEDFT,3302.98710554298
2024-12-17 00:00:00,SPCSEDFP,SPCSEDFT,3294.91122380202
2024-12-18 00:00:00,SPCSEDFP,SPCSEDFT,3328.38734898068
2024-12-19 00:00:00,SPCSEDFP,SPCSEDFT,3350.17526677755
2024-12-20 00:00:00,SPCSEDFP,SPCSEDFT,3400.88182027905
2024-12-23 00:00:00,SPCSEDFP,SPCSEDFT,3575.42185393141
2024-12-24 00:00:00,SPCSEDFP,SPCSEDFT,3620.83042166442
2024-12-26 00:00:00,SPCSEDFP,SPCSEDFT,3792.43139511578
2024-12-27 00:00:00,SPCSEDFP,SPCSEDFT,3861.921490726
2024-12-30 00:00:00,SPCSEDFP,SPCSEDFT,3840.23664840555
2024-12-31 00:00:00,SPCSEDFP,SPCSEDFT,3885.43565136792
2024-10-01 00:00:00,SPCSEEIP,SPCSEEIT,2827.91957747687
2024-10-02 00:00:00,SPCSEEIP,SPCSEEIT,2796.13728359717
2024-10-03 00:00:00,SPCSEEIP,SPCSEEIT,2790.14991647431
2024-10-04 00:00:00,SPCSEEIP,SPCSEEIT,2783.73417538134
2024-10-07 00:00:00,SPCSEEIP,SPCSEEIT,2793.44040711253
2024-10-08 00:00:00,SPCSEEIP,SPCSEEIT,2783.88257891973
2024-10-09 00:00:00,SPCSEEIP,SPCSEEIT,2783.09084227577
2024-10-10 00:00:00,SPCSEEIP,SPCSEEIT,2792.83035180548
2024-10-11 00:00:00,SPCSEEIP,SPCSEEIT,2910.92303247533
2024-10-14 00:00:00,SPCSEEIP,SPCSEEIT,2867.71792238247
2024-10-15 00:00:00,SPCSEEIP,SPCSEEIT,2865.22758671074
2024-10-16 00:00:00,SPCSEEIP,SPCSEEIT,2848.0989181072
2024-10-18 00:00:00,SPCSEEIP,SPCSEEIT,2888.71385913277
2024-10-21 00:00:00,SPCSEEIP,SPCSEEIT,2840.45464807764
2024-10-22 00:00:00,SPCSEEIP,SPCSEEIT,2820.39885150971
2024-10-23 00:00:00,SPCSEEIP,SPCSEEIT,2796.65746813195
2024-10-24 00:00:00,SPCSEEIP,SPCSEEIT,2811.83930077376
2024-10-25 00:00:00,SPCSEEIP,SPCSEEIT,2835.58068415151
2024-10-28 00:00:00,SPCSEEIP,SPCSEEIT,2795.17228393884
2024-10-29 00:00:00,SPCSEEIP,SPCSEEIT,2849.85565440949
2024-10-30 00:00:00,SPCSEEIP,SPCSEEIT,2854.83632575295
2024-11-01 00:00:00,SPCSEEIP,SPCSEEIT,2854.61449259575
2024-11-04 00:00:00,SPCSEEIP,SPCSEEIT,2845.99680458531
2024-11-05 00:00:00,SPCSEEIP,SPCSEEIT,2828.4313436891
2024-11-06 00:00:00,SPCSEEIP,SPCSEEIT,2806.49526675648
2024-11-07 00:00:00,SPCSEEIP,SPCSEEIT,2776.91491979428
2024-11-08 00:00:00,SPCSEEIP,SPCSEEIT,2765.59193697666
2024-11-11 00:00:00,SPCSEEIP,SPCSEEIT,2747.99319828193
2024-11-12 00:00:00,SPCSEEIP,SPCSEEIT,2761.83979456979
2024-11-13 00:00:00,SPCSEEIP,SPCSEEIT,2775.14976516944
2024-11-14 00:00:00,SPCSEEIP,SPCSEEIT,2819.08005630921
2024-11-18 00:00:00,SPCSEEIP,SPCSEEIT,2792.31171157152
2024-11-19 00:00:00,SPCSEEIP,SPCSEEIT,2782.65404998316
2024-11-20 00:00:00,SPCSEEIP,SPCSEEIT,2741.85742762068
2024-11-21 00:00:00,SPCSEEIP,SPCSEEIT,2722.99688219082
2024-11-22 00:00:00,SPCSEEIP,SPCSEEIT,2713.25737266111
2024-11-25 00:00:00,SPCSEEIP,SPCSEEIT,2681.52364892426
2024-11-26 00:00:00,SPCSEEIP,SPCSEEIT,2748.16646129628
2024-11-27 00:00:00,SPCSEEIP,SPCSEEIT,2724.25868892594
2024-11-28 00:00:00,SPCSEEIP,SPCSEEIT,2735.83678269929
2024-11-29 00:00:00,SPCSEEIP,SPCSEEIT,2712.53219161421
2024-12-02 00:00:00,SPCSEEIP,SPCSEEIT,2720.03647642793
2024-12-03 00:00:00,SPCSEEIP,SPCSEEIT,2731.90295895552
2024-12-04 00:00:00,SPCSEEIP,SPCSEEIT,2787.02312171881
2024-12-05 00:00:00,SPCSEEIP,SPCSEEIT,2807.11219608527
2024-12-06 00:00:00,SPCSEEIP,SPCSEEIT,2787.05639951735
2024-12-09 00:00:00,SPCSEEIP,SPCSEEIT,2850.71240234973
2024-12-10 00:00:00,SPCSEEIP,SPCSEEIT,2828.0664367145
2024-12-11 00:00:00,SPCSEEIP,SPCSEEIT,2838.01248705712
2024-12-12 00:00:00,SPCSEEIP,SPCSEEIT,2845.84685674615
2024-12-13 00:00:00,SPCSEEIP,SPCSEEIT,2845.66517540924
2024-12-16 00:00:00,SPCSEEIP,SPCSEEIT,2916.97386659374
2024-12-17 00:00:00,SPCSEEIP,SPCSEEIT,3006.29322928964
2024-12-18 00:00:00,SPCSEEIP,SPCSEEIT,3034.71160291228
2024-12-19 00:00:00,SPCSEEIP,SPCSEEIT,3108.97228153712
2024-12-20 00:00:00,SPCSEEIP,SPCSEEIT,3112.08109083843
2024-12-23 00:00:00,SPCSEEIP,SPCSEEIT,3040.48401089969
2024-12-24 00:00:00,SPCSEEIP,SPCSEEIT,3025.30217825787
2024-12-26 00:00:00,SPCSEEIP,SPCSEEIT,3045.11815621438
2024-12-27 00:00:00,SPCSEEIP,SPCSEEIT,3046.99843657909
2024-12-30 00:00:00,SPCSEEIP,SPCSEEIT,3054.82438794557
2024-12-31 00:00:00,SPCSEEIP,SPCSEEIT,3032.74832579707
2024-10-01 00:00:00,SPCSEFBP,SPCSEFBT,1840.74018766109
2024-10-02 00:00:00,SPCSEFBP,SPCSEFBT,1836.61271946185
2024-10-03 00:00:00,SPCSEFBP,SPCSEFBT,1840.33358339231
2024-10-04 00:00:00,SPCSEFBP,SPCSEFBT,1855.23329883967
2024-10-07 00:00:00,SPCSEFBP,SPCSEFBT,1865.66275891654
2024-10-08 00:00:00,SPCSEFBP,SPCSEFBT,1862.59091782236
2024-10-09 00:00:00,SPCSEFBP,SPCSEFBT,1871.42501450686
2024-10-10 00:00:00,SPCSEFBP,SPCSEFBT,1868.21634999523
2024-10-11 00:00:00,SPCSEFBP,SPCSEFBT,1891.34633134562
2024-10-14 00:00:00,SPCSEFBP,SPCSEFBT,1885.97547229808
2024-10-15 00:00:00,SPCSEFBP,SPCSEFBT,1886.09108109101
2024-10-16 00:00:00,SPCSEFBP,SPCSEFBT,1894.86722168316
2024-10-18 00:00:00,SPCSEFBP,SPCSEFBT,1899.09050031244
2024-10-21 00:00:00,SPCSEFBP,SPCSEFBT,1899.75931758136
2024-10-22 00:00:00,SPCSEFBP,SPCSEFBT,1903.91283042519
2024-10-23 00:00:00,SPCSEFBP,SPCSEFBT,1900.97947172792
2024-10-24 00:00:00,SPCSEFBP,SPCSEFBT,1910.54908822383
2024-10-25 00:00:00,SPCSEFBP,SPCSEFBT,1916.63276018624
2024-10-28 00:00:00,SPCSEFBP,SPCSEFBT,1950.00617153968
2024-10-29 00:00:00,SPCSEFBP,SPCSEFBT,1953.224186598
2024-10-30 00:00:00,SPCSEFBP,SPCSEFBT,1966.31356479411
2024-11-01 00:00:00,SPCSEFBP,SPCSEFBT,1988.95823523226
2024-11-04 00:00:00,SPCSEFBP,SPCSEFBT,1998.54208684466
2024-11-05 00:00:00,SPCSEFBP,SPCSEFBT,1996.14510357362
2024-11-06 00:00:00,SPCSEFBP,SPCSEFBT,1984.11562669924
2024-11-07 00:00:00,SPCSEFBP,SPCSEFBT,1993.38275139679
2024-11-08 00:00:00,SPCSEFBP,SPCSEFBT,2017.85213798643
2024-11-11 00:00:00,SPCSEFBP,SPCSEFBT,2038.6609477663
2024-11-12 00:00:00,SPCSEFBP,SPCSEFBT,2063.81252850975
2024-11-13 00:00:00,SPCSEFBP,SPCSEFBT,2081.71182562357
2024-11-14 00:00:00,SPCSEFBP,SPCSEFBT,2088.96496012332
2024-11-18 00:00:00,SPCSEFBP,SPCSEFBT,2100.78091148601
2024-11-19 00:00:00,SPCSEFBP,SPCSEFBT,2091.19307768972
2024-11-20 00:00:00,SPCSEFBP,SPCSEFBT,2101.85542292399
2024-11-21 00:00:00,SPCSEFBP,SPCSEFBT,2085.0696834642
2024-11-22 00:00:00,SPCSEFBP,SPCSEFBT,2077.00123447844
2024-11-25 00:00:00,SPCSEFBP,SPCSEFBT,2063.05996229147
2024-11-26 00:00:00,SPCSEFBP,SPCSEFBT,2062.85062738153
2024-11-27 00:00:00,SPCSEFBP,SPCSEFBT,2067.72180709706
2024-11-28 00:00:00,SPCSEFBP,SPCSEFBT,2088.86010186943
2024-11-29 00:00:00,SPCSEFBP,SPCSEFBT,2097.67955794922
2024-12-02 00:00:00,SPCSEFBP,SPCSEFBT,2109.86329975821
2024-12-03 00:00:00,SPCSEFBP,SPCSEFBT,2117.04318692464
2024-12-04 00:00:00,SPCSEFBP,SPCSEFBT,2151.65984309422
2024-12-05 00:00:00,SPCSEFBP,SPCSEFBT,2151.66905884771
2024-12-06 00:00:00,SPCSEFBP,SPCSEFBT,2181.55706263072
2024-12-09 00:00:00,SPCSEFBP,SPCSEFBT,2210.6892890138
2024-12-10 00:00:00,SPCSEFBP,SPCSEFBT,2216.72990611113
2024-12-11 00:00:00,SPCSEFBP,SPCSEFBT,2240.38986935715
2024-12-12 00:00:00,SPCSEFBP,SPCSEFBT,2288.8186279986
2024-12-13 00:00:00,SPCSEFBP,SPCSEFBT,2308.3339279488
2024-12-16 00:00:00,SPCSEFBP,SPCSEFBT,2312.88176188914
2024-12-17 00:00:00,SPCSEFBP,SPCSEFBT,2302.7138950116
2024-12-18 00:00:00,SPCSEFBP,SPCSEFBT,2299.32637816438
2024-12-19 00:00:00,SPCSEFBP,SPCSEFBT,2338.24577750323
2024-12-20 00:00:00,SPCSEFBP,SPCSEFBT,2368.41319532675
2024-12-23 00:00:00,SPCSEFBP,SPCSEFBT,2394.51379922046
2024-12-24 00:00:00,SPCSEFBP,SPCSEFBT,2396.75997516437
2024-12-26 00:00:00,SPCSEFBP,SPCSEFBT,2433.14828893472
2024-12-27 00:00:00,SPCSEFBP,SPCSEFBT,2438.44562935532
2024-12-30 00:00:00,SPCSEFBP,SPCSEFBT,2489.41632289766
2024-12-31 00:00:00,SPCSEFBP,SPCSEFBT,2488.90398378057
2024-10-01 00:00:00,SPCSEFRP,SPCSEFRT,2943.81866640818
2024-10-02 00:00:00,SPCSEFRP,SPCSEFRT,2943.81866640818
2024-10-03 00:00:00,SPCSEFRP,SPCSEFRT,2934.24268192104
2024-10-04 00:00:00,SPCSEFRP,SPCSEFRT,2963.19772076763
2024-10-07 00:00:00,SPCSEFRP,SPCSEFRT,3066.00334664369
2024-10-08 00:00:00,SPCSEFRP,SPCSEFRT,3088.92660706074
2024-10-09 00:00:00,SPCSEFRP,SPCSEFRT,3080.90346591477
2024-10-10 00:00:00,SPCSEFRP,SPCSEFRT,3067.14950966455
2024-10-11 00:00:00,SPCSEFRP,SPCSEFRT,3067.14950966455
2024-10-14 00:00:00,SPCSEFRP,SPCSEFRT,2945.97421959456
2024-10-15 00:00:00,SPCSEFRP,SPCSEFRT,2967.75131699073
2024-10-16 00:00:00,SPCSEFRP,SPCSEFRT,2973.482132095
2024-10-18 00:00:00,SPCSEFRP,SPCSEFRT,3035.41933627162
2024-10-21 00:00:00,SPCSEFRP,SPCSEFRT,3108.77376960614
2024-10-22 00:00:00,SPCSEFRP,SPCSEFRT,3108.36708928583
2024-10-23 00:00:00,SPCSEFRP,SPCSEFRT,3121.80242750141
2024-10-24 00:00:00,SPCSEFRP,SPCSEFRT,3111.48696031374
2024-10-25 00:00:00,SPCSEFRP,SPCSEFRT,3015.95167967631
2024-10-28 00:00:00,SPCSEFRP,SPCSEFRT,3035.97161094213
2024-10-29 00:00:00,SPCSEFRP,SPCSEFRT,3056.80971751283
2024-10-30 00:00:00,SPCSEFRP,SPCSEFRT,3079.58018363294
2024-11-01 00:00:00,SPCSEFRP,SPCSEFRT,3104.22950940072
2024-11-04 00:00:00,SPCSEFRP,SPCSEFRT,3086.10369166288
2024-11-05 00:00:00,SPCSEFRP,SPCSEFRT,3094.75598776968
2024-11-06 00:00:00,SPCSEFRP,SPCSEFRT,3086.10369166286
2024-11-07 00:00:00,SPCSEFRP,SPCSEFRT,3087.26485375843
2024-11-08 00:00:00,SPCSEFRP,SPCSEFRT,3086.10369166287
2024-11-11 00:00:00,SPCSEFRP,SPCSEFRT,3087.3770129205
2024-11-12 00:00:00,SPCSEFRP,SPCSEFRT,3149.19704557647
2024-11-13 00:00:00,SPCSEFRP,SPCSEFRT,3216.72787854223
2024-11-14 00:00:00,SPCSEFRP,SPCSEFRT,3216.72787854223
2024-11-18 00:00:00,SPCSEFRP,SPCSEFRT,3216.72787854223
2024-11-19 00:00:00,SPCSEFRP,SPCSEFRT,3218.82520435137
2024-11-20 00:00:00,SPCSEFRP,SPCSEFRT,3216.17151808586
2024-11-21 00:00:00,SPCSEFRP,SPCSEFRT,3220.40416419239
2024-11-22 00:00:00,SPCSEFRP,SPCSEFRT,3217.4448393435
2024-11-25 00:00:00,SPCSEFRP,SPCSEFRT,3217.4448393435
2024-11-26 00:00:00,SPCSEFRP,SPCSEFRT,3217.4448393435
2024-11-27 00:00:00,SPCSEFRP,SPCSEFRT,3215.7595158101
2024-11-28 00:00:00,SPCSEFRP,SPCSEFRT,3222.84716534962
2024-11-29 00:00:00,SPCSEFRP,SPCSEFRT,3229.28997648522
2024-12-02 00:00:00,SPCSEFRP,SPCSEFRT,3226.33065163633
2024-12-03 00:00:00,SPCSEFRP,SPCSEFRT,3222.84716534963
2024-12-04 00:00:00,SPCSEFRP,SPCSEFRT,3222.84716534963
2024-12-05 00:00:00,SPCSEFRP,SPCSEFRT,3217.44483934351
2024-12-06 00:00:00,SPCSEFRP,SPCSEFRT,3224.82381419269
2024-12-09 00:00:00,SPCSEFRP,SPCSEFRT,3228.26737710058
2024-12-10 00:00:00,SPCSEFRP,SPCSEFRT,3228.67937937634
2024-12-11 00:00:00,SPCSEFRP,SPCSEFRT,3228.67937937634
2024-12-12 00:00:00,SPCSEFRP,SPCSEFRT,3221.93740518492
2024-12-13 00:00:00,SPCSEFRP,SPCSEFRT,3143.26045344099
2024-12-16 00:00:00,SPCSEFRP,SPCSEFRT,3182.70850242262
2024-12-17 00:00:00,SPCSEFRP,SPCSEFRT,3244.25009348781
2024-12-18 00:00:00,SPCSEFRP,SPCSEFRT,3260.50636282578
2024-12-19 00:00:00,SPCSEFRP,SPCSEFRT,3222.71217510981
2024-12-20 00:00:00,SPCSEFRP,SPCSEFRT,3245.93541702119
2024-12-23 00:00:00,SPCSEFRP,SPCSEFRT,3245.93541702119
2024-12-24 00:00:00,SPCSEFRP,SPCSEFRT,3309.8841810611
2024-12-26 00:00:00,SPCSEFRP,SPCSEFRT,3309.8841810611
2024-12-27 00:00:00,SPCSEFRP,SPCSEFRT,3344.30704165243
2024-12-30 00:00:00,SPCSEFRP,SPCSEFRT,3352.84717859718
2024-12-31 00:00:00,SPCSEFRP,SPCSEFRT,3399.40582158204
2024-10-01 00:00:00,SPCSEHPP,SPCSEHPT,1547.81187681873
2024-10-02 00:00:00,SPCSEHPP,SPCSEHPT,1496.22667577312
2024-10-03 00:00:00,SPCSEHPP,SPCSEHPT,1496.22667577312
2024-10-04 00:00:00,SPCSEHPP,SPCSEHPT,1496.22667577312
2024-10-07 00:00:00,SPCSEHPP,SPCSEHPT,1502.67482590381
2024-10-08 00:00:00,SPCSEHPP,SPCSEHPT,1502.67482590381
2024-10-09 00:00:00,SPCSEHPP,SPCSEHPT,1496.22667577311
2024-10-10 00:00:00,SPCSEHPP,SPCSEHPT,1509.12297603452
2024-10-11 00:00:00,SPCSEHPP,SPCSEHPT,1547.81187681873
2024-10-14 00:00:00,SPCSEHPP,SPCSEHPT,1509.12297603452
2024-10-15 00:00:00,SPCSEHPP,SPCSEHPT,1586.50077760293
2024-10-16 00:00:00,SPCSEHPP,SPCSEHPT,1586.50077760293
2024-10-18 00:00:00,SPCSEHPP,SPCSEHPT,1586.50077760293
2024-10-21 00:00:00,SPCSEHPP,SPCSEHPT,1586.50077760293
2024-10-22 00:00:00,SPCSEHPP,SPCSEHPT,1586.50077760293
2024-10-23 00:00:00,SPCSEHPP,SPCSEHPT,1586.50077760293
2024-10-24 00:00:00,SPCSEHPP,SPCSEHPT,1534.91557655731
2024-10-25 00:00:00,SPCSEHPP,SPCSEHPT,1528.46742642661
2024-10-28 00:00:00,SPCSEHPP,SPCSEHPT,1522.01927629591
2024-10-29 00:00:00,SPCSEHPP,SPCSEHPT,1522.01927629591
2024-10-30 00:00:00,SPCSEHPP,SPCSEHPT,1509.1229760345
2024-11-01 00:00:00,SPCSEHPP,SPCSEHPT,1502.67482590381
2024-11-04 00:00:00,SPCSEHPP,SPCSEHPT,1541.36372668801
2024-11-05 00:00:00,SPCSEHPP,SPCSEHPT,1541.36372668801
2024-11-06 00:00:00,SPCSEHPP,SPCSEHPT,1534.91557655732
2024-11-07 00:00:00,SPCSEHPP,SPCSEHPT,1496.2266757731
2024-11-08 00:00:00,SPCSEHPP,SPCSEHPT,1528.4674264266
2024-11-11 00:00:00,SPCSEHPP,SPCSEHPT,1528.4674264266
2024-11-12 00:00:00,SPCSEHPP,SPCSEHPT,1560.7081770801
2024-11-13 00:00:00,SPCSEHPP,SPCSEHPT,1547.8118768187
2024-11-14 00:00:00,SPCSEHPP,SPCSEHPT,1560.7081770801
2024-11-18 00:00:00,SPCSEHPP,SPCSEHPT,1560.7081770801
2024-11-19 00:00:00,SPCSEHPP,SPCSEHPT,1560.7081770801
2024-11-20 00:00:00,SPCSEHPP,SPCSEHPT,1567.1563272108
2024-11-21 00:00:00,SPCSEHPP,SPCSEHPT,1567.1563272108
2024-11-22 00:00:00,SPCSEHPP,SPCSEHPT,1567.1563272108
2024-11-25 00:00:00,SPCSEHPP,SPCSEHPT,1567.1563272108
2024-11-26 00:00:00,SPCSEHPP,SPCSEHPT,1560.70817708009
2024-11-27 00:00:00,SPCSEHPP,SPCSEHPT,1560.70817708009
2024-11-28 00:00:00,SPCSEHPP,SPCSEHPT,1560.70817708009
2024-11-29 00:00:00,SPCSEHPP,SPCSEHPT,1560.70817708009
2024-12-02 00:00:00,SPCSEHPP,SPCSEHPT,1567.15632721079
2024-12-03 00:00:00,SPCSEHPP,SPCSEHPT,1567.15632721079
2024-12-04 00:00:00,SPCSEHPP,SPCSEHPT,1586.50077760291
2024-12-05 00:00:00,SPCSEHPP,SPCSEHPT,1644.53412877921
2024-12-06 00:00:00,SPCSEHPP,SPCSEHPT,1754.15268100114
2024-12-09 00:00:00,SPCSEHPP,SPCSEHPT,1728.36008047834
2024-12-10 00:00:00,SPCSEHPP,SPCSEHPT,1657.43042904062
2024-12-11 00:00:00,SPCSEHPP,SPCSEHPT,1728.36008047833
2024-12-12 00:00:00,SPCSEHPP,SPCSEHPT,1760.60083113185
2024-12-13 00:00:00,SPCSEHPP,SPCSEHPT,1831.53048256956
2024-12-16 00:00:00,SPCSEHPP,SPCSEHPT,1767.04898126254
2024-12-17 00:00:00,SPCSEHPP,SPCSEHPT,1734.80823060903
2024-12-18 00:00:00,SPCSEHPP,SPCSEHPT,1805.73788204674
2024-12-19 00:00:00,SPCSEHPP,SPCSEHPT,1818.63418230815
2024-12-20 00:00:00,SPCSEHPP,SPCSEHPT,1870.21938335377
2024-12-23 00:00:00,SPCSEHPP,SPCSEHPT,1837.97863270027
2024-12-24 00:00:00,SPCSEHPP,SPCSEHPT,1818.63418230816
2024-12-26 00:00:00,SPCSEHPP,SPCSEHPT,1799.28973191606
2024-12-27 00:00:00,SPCSEHPP,SPCSEHPT,1754.15268100114
2024-12-30 00:00:00,SPCSEHPP,SPCSEHPT,1709.01563008624
2024-12-31 00:00:00,SPCSEHPP,SPCSEHPT,1728.36008047834
2024-10-01 00:00:00,SPCSEHSP,SPCSEHST,1369.28971231774
2024-10-02 00:00:00,SPCSEHSP,SPCSEHST,1359.05441233836
2024-10-03 00:00:00,SPCSEHSP,SPCSEHST,1352.51905758417
2024-10-04 00:00:00,SPCSEHSP,SPCSEHST,1363.73219016959
2024-10-07 00:00:00,SPCSEHSP,SPCSEHST,1352.58434425405
2024-10-08 00:00:00,SPCSEHSP,SPCSEHST,1347.99166269864
2024-10-09 00:00:00,SPCSEHSP,SPCSEHST,1355.68037535691
2024-10-10 00:00:00,SPCSEHSP,SPCSEHST,1360.58842368798
2024-10-11 00:00:00,SPCSEHSP,SPCSEHST,1360.86076112264
2024-10-14 00:00:00,SPCSEHSP,SPCSEHST,1358.74987349478
2024-10-15 00:00:00,SPCSEHSP,SPCSEHST,1416.08973557216
2024-10-16 00:00:00,SPCSEHSP,SPCSEHST,1408.14120334519
2024-10-18 00:00:00,SPCSEHSP,SPCSEHST,1401.52223433918
2024-10-21 00:00:00,SPCSEHSP,SPCSEHST,1392.59867722983
2024-10-22 00:00:00,SPCSEHSP,SPCSEHST,1406.45271200295
2024-10-23 00:00:00,SPCSEHSP,SPCSEHST,1394.44306018786
2024-10-24 00:00:00,SPCSEHSP,SPCSEHST,1408.05304894449
2024-10-25 00:00:00,SPCSEHSP,SPCSEHST,1396.65211434542
2024-10-28 00:00:00,SPCSEHSP,SPCSEHST,1393.85493294529
2024-10-29 00:00:00,SPCSEHSP,SPCSEHST,1394.49777606905
2024-10-30 00:00:00,SPCSEHSP,SPCSEHST,1394.54342686154
2024-11-01 00:00:00,SPCSEHSP,SPCSEHST,1402.75102463126
2024-11-04 00:00:00,SPCSEHSP,SPCSEHST,1396.35497041281
2024-11-05 00:00:00,SPCSEHSP,SPCSEHST,1382.81289840125
2024-11-06 00:00:00,SPCSEHSP,SPCSEHST,1386.3478118173
2024-11-07 00:00:00,SPCSEHSP,SPCSEHST,1377.85013340503
2024-11-08 00:00:00,SPCSEHSP,SPCSEHST,1382.3022080108
2024-11-11 00:00:00,SPCSEHSP,SPCSEHST,1394.65999090366
2024-11-12 00:00:00,SPCSEHSP,SPCSEHST,1384.25276453622
2024-11-13 00:00:00,SPCSEHSP,SPCSEHST,1378.96298369811
2024-11-14 00:00:00,SPCSEHSP,SPCSEHST,1393.46962739941
2024-11-18 00:00:00,SPCSEHSP,SPCSEHST,1389.76519753068
2024-11-19 00:00:00,SPCSEHSP,SPCSEHST,1389.07581552894
2024-11-20 00:00:00,SPCSEHSP,SPCSEHST,1391.66005021116
2024-11-21 00:00:00,SPCSEHSP,SPCSEHST,1395.80670964748
2024-11-22 00:00:00,SPCSEHSP,SPCSEHST,1419.04919421122
2024-11-25 00:00:00,SPCSEHSP,SPCSEHST,1416.35320218685
2024-11-26 00:00:00,SPCSEHSP,SPCSEHST,1407.25271991591
2024-11-27 00:00:00,SPCSEHSP,SPCSEHST,1397.58853024449
2024-11-28 00:00:00,SPCSEHSP,SPCSEHST,1385.85170098701
2024-11-29 00:00:00,SPCSEHSP,SPCSEHST,1394.1607350842
2024-12-02 00:00:00,SPCSEHSP,SPCSEHST,1412.35982875111
2024-12-03 00:00:00,SPCSEHSP,SPCSEHST,1453.74418567721
2024-12-04 00:00:00,SPCSEHSP,SPCSEHST,1442.55898043252
2024-12-05 00:00:00,SPCSEHSP,SPCSEHST,1429.95047755447
2024-12-06 00:00:00,SPCSEHSP,SPCSEHST,1404.44113174342
2024-12-09 00:00:00,SPCSEHSP,SPCSEHST,1441.7669242087
2024-12-10 00:00:00,SPCSEHSP,SPCSEHST,1424.15622119955
2024-12-11 00:00:00,SPCSEHSP,SPCSEHST,1442.76602147601
2024-12-12 00:00:00,SPCSEHSP,SPCSEHST,1463.71836610257
2024-12-13 00:00:00,SPCSEHSP,SPCSEHST,1450.66898256221
2024-12-16 00:00:00,SPCSEHSP,SPCSEHST,1451.20241352294
2024-12-17 00:00:00,SPCSEHSP,SPCSEHST,1435.48404162105
2024-12-18 00:00:00,SPCSEHSP,SPCSEHST,1443.3638066482
2024-12-19 00:00:00,SPCSEHSP,SPCSEHST,1455.04688352826
2024-12-20 00:00:00,SPCSEHSP,SPCSEHST,1444.78813457989
2024-12-23 00:00:00,SPCSEHSP,SPCSEHST,1471.05189082159
2024-12-24 00:00:00,SPCSEHSP,SPCSEHST,1474.53995819873
2024-12-26 00:00:00,SPCSEHSP,SPCSEHST,1501.83332788664
2024-12-27 00:00:00,SPCSEHSP,SPCSEHST,1492.42625385841
2024-12-30 00:00:00,SPCSEHSP,SPCSEHST,1472.37856180652
2024-12-31 00:00:00,SPCSEHSP,SPCSEHST,1488.05629736891
2024-10-01 00:00:00,SPCSEINP,SPCSEINT,2295.97184186816
2024-10-02 00:00:00,SPCSEINP,SPCSEINT,2294.18159687715
2024-10-03 00:00:00,SPCSEINP,SPCSEINT,2389.38322837148
2024-10-04 00:00:00,SPCSEINP,SPCSEINT,2394.56606626033
2024-10-07 00:00:00,SPCSEINP,SPCSEINT,2382.13080518899
2024-10-08 00:00:00,SPCSEINP,SPCSEINT,2389.25088647178
2024-10-09 00:00:00,SPCSEINP,SPCSEINT,2401.26640893701
2024-10-10 00:00:00,SPCSEINP,SPCSEINT,2457.5395577503
2024-10-11 00:00:00,SPCSEINP,SPCSEINT,2456.33161888896
2024-10-14 00:00:00,SPCSEINP,SPCSEINT,2453.31295523631
2024-10-15 00:00:00,SPCSEINP,SPCSEINT,2467.70422490353
2024-10-16 00:00:00,SPCSEINP,SPCSEINT,2455.65244184645
2024-10-18 00:00:00,SPCSEINP,SPCSEINT,2423.22218621291
2024-10-21 00:00:00,SPCSEINP,SPCSEINT,2417.80490263115
2024-10-22 00:00:00,SPCSEINP,SPCSEINT,2418.40170736438
2024-10-23 00:00:00,SPCSEINP,SPCSEINT,2417.85502393324
2024-10-24 00:00:00,SPCSEINP,SPCSEINT,2431.01039657583
2024-10-25 00:00:00,SPCSEINP,SPCSEINT,2412.94716458206
2024-10-28 00:00:00,SPCSEINP,SPCSEINT,2412.98866818972
2024-10-29 00:00:00,SPCSEINP,SPCSEINT,2429.27517119069
2024-10-30 00:00:00,SPCSEINP,SPCSEINT,2423.80548412318
2024-11-01 00:00:00,SPCSEINP,SPCSEINT,2456.92988227372
2024-11-04 00:00:00,SPCSEINP,SPCSEINT,2457.63495827584
2024-11-05 00:00:00,SPCSEINP,SPCSEINT,2450.75708676198
2024-11-06 00:00:00,SPCSEINP,SPCSEINT,2441.08763084209
2024-11-07 00:00:00,SPCSEINP,SPCSEINT,2442.49079952013
2024-11-08 00:00:00,SPCSEINP,SPCSEINT,2498.08985544683
2024-11-11 00:00:00,SPCSEINP,SPCSEINT,2498.46484955459
2024-11-12 00:00:00,SPCSEINP,SPCSEINT,2507.51851981421
2024-11-13 00:00:00,SPCSEINP,SPCSEINT,2510.24575434433
2024-11-14 00:00:00,SPCSEINP,SPCSEINT,2516.78547763795
2024-11-18 00:00:00,SPCSEINP,SPCSEINT,2497.0759273741
2024-11-19 00:00:00,SPCSEINP,SPCSEINT,2491.85222163712
2024-11-20 00:00:00,SPCSEINP,SPCSEINT,2503.60487892307
2024-11-21 00:00:00,SPCSEINP,SPCSEINT,2488.6455276458
2024-11-22 00:00:00,SPCSEINP,SPCSEINT,2511.23864025924
2024-11-25 00:00:00,SPCSEINP,SPCSEINT,2499.43091119654
2024-11-26 00:00:00,SPCSEINP,SPCSEINT,2501.40064874179
2024-11-27 00:00:00,SPCSEINP,SPCSEINT,2514.41507309926
2024-11-28 00:00:00,SPCSEINP,SPCSEINT,2547.65916367907
2024-11-29 00:00:00,SPCSEINP,SPCSEINT,2576.32043030731
2024-12-02 00:00:00,SPCSEINP,SPCSEINT,2567.24945467086
2024-12-03 00:00:00,SPCSEINP,SPCSEINT,2587.99916483662
2024-12-04 00:00:00,SPCSEINP,SPCSEINT,2578.09313787298
2024-12-05 00:00:00,SPCSEINP,SPCSEINT,2582.52917125173
2024-12-06 00:00:00,SPCSEINP,SPCSEINT,2577.10188254433
2024-12-09 00:00:00,SPCSEINP,SPCSEINT,2588.89766676378
2024-12-10 00:00:00,SPCSEINP,SPCSEINT,2606.71033908578
2024-12-11 00:00:00,SPCSEINP,SPCSEINT,2626.3520670617
2024-12-12 00:00:00,SPCSEINP,SPCSEINT,2621.74047791385
2024-12-13 00:00:00,SPCSEINP,SPCSEINT,2687.57172518643
2024-12-16 00:00:00,SPCSEINP,SPCSEINT,2917.55241952089
2024-12-17 00:00:00,SPCSEINP,SPCSEINT,2890.04591277275
2024-12-18 00:00:00,SPCSEINP,SPCSEINT,2914.89700220206
2024-12-19 00:00:00,SPCSEINP,SPCSEINT,2949.58780337548
2024-12-20 00:00:00,SPCSEINP,SPCSEINT,2984.75502897384
2024-12-23 00:00:00,SPCSEINP,SPCSEINT,2992.19446620269
2024-12-24 00:00:00,SPCSEINP,SPCSEINT,3002.12357095781
2024-12-26 00:00:00,SPCSEINP,SPCSEINT,3014.91320997238
2024-12-27 00:00:00,SPCSEINP,SPCSEINT,3005.94047859897
2024-12-30 00:00:00,SPCSEINP,SPCSEINT,3015.79901792787
2024-12-31 00:00:00,SPCSEINP,SPCSEINT,3030.73943278019
2024-10-01 00:00:00,SPCSEMIP,SPCSEMIT,2814.98864132994
2024-10-02 00:00:00,SPCSEMIP,SPCSEMIT,2788.7640739729
2024-10-03 00:00:00,SPCSEMIP,SPCSEMIT,2761.6788705849
2024-10-04 00:00:00,SPCSEMIP,SPCSEMIT,2785.24311059982
2024-10-07 00:00:00,SPCSEMIP,SPCSEMIT,2789.32644227242
2024-10-08 00:00:00,SPCSEMIP,SPCSEMIT,2815.80556685359
2024-10-09 00:00:00,SPCSEMIP,SPCSEMIT,2818.47811911397
2024-10-10 00:00:00,SPCSEMIP,SPCSEMIT,2816.55749828377
2024-10-11 00:00:00,SPCSEMIP,SPCSEMIT,2839.99151996385
2024-10-14 00:00:00,SPCSEMIP,SPCSEMIT,2847.71539139247
2024-10-15 00:00:00,SPCSEMIP,SPCSEMIT,2855.30769218362
2024-10-16 00:00:00,SPCSEMIP,SPCSEMIT,2872.20338939045
2024-10-18 00:00:00,SPCSEMIP,SPCSEMIT,2869.7820608584
2024-10-21 00:00:00,SPCSEMIP,SPCSEMIT,2856.07585791725
2024-10-22 00:00:00,SPCSEMIP,SPCSEMIT,2844.14343599127
2024-10-23 00:00:00,SPCSEMIP,SPCSEMIT,2854.57019987294
2024-10-24 00:00:00,SPCSEMIP,SPCSEMIT,2876.86607567078
2024-10-25 00:00:00,SPCSEMIP,SPCSEMIT,2882.48784816148
2024-10-28 00:00:00,SPCSEMIP,SPCSEMIT,2913.64223894993
2024-10-29 00:00:00,SPCSEMIP,SPCSEMIT,2938.79958839756
2024-10-30 00:00:00,SPCSEMIP,SPCSEMIT,2953.49825386643
2024-11-01 00:00:00,SPCSEMIP,SPCSEMIT,2958.20588230195
2024-11-04 00:00:00,SPCSEMIP,SPCSEMIT,2940.5168360329
2024-11-05 00:00:00,SPCSEMIP,SPCSEMIT,2939.88211794991
2024-11-06 00:00:00,SPCSEMIP,SPCSEMIT,2917.93333805244
2024-11-07 00:00:00,SPCSEMIP,SPCSEMIT,2944.91905728433
2024-11-08 00:00:00,SPCSEMIP,SPCSEMIT,2990.95035125837
2024-11-11 00:00:00,SPCSEMIP,SPCSEMIT,2982.7241638636
2024-11-12 00:00:00,SPCSEMIP,SPCSEMIT,2983.99179175881
2024-11-13 00:00:00,SPCSEMIP,SPCSEMIT,2982.82462579631
2024-11-14 00:00:00,SPCSEMIP,SPCSEMIT,2991.29690512289
2024-11-18 00:00:00,SPCSEMIP,SPCSEMIT,2976.5626298083
2024-11-19 00:00:00,SPCSEMIP,SPCSEMIT,2959.42656643368
2024-11-20 00:00:00,SPCSEMIP,SPCSEMIT,2964.44941251775
2024-11-21 00:00:00,SPCSEMIP,SPCSEMIT,2935.25515281592
2024-11-22 00:00:00,SPCSEMIP,SPCSEMIT,2970.8846741618
2024-11-25 00:00:00,SPCSEMIP,SPCSEMIT,2954.96631308363
2024-11-26 00:00:00,SPCSEMIP,SPCSEMIT,2960.12575779051
2024-11-27 00:00:00,SPCSEMIP,SPCSEMIT,2995.29443660088
2024-11-28 00:00:00,SPCSEMIP,SPCSEMIT,3015.42240974605
2024-11-29 00:00:00,SPCSEMIP,SPCSEMIT,3042.34803986263
2024-12-02 00:00:00,SPCSEMIP,SPCSEMIT,3067.08667760867
2024-12-03 00:00:00,SPCSEMIP,SPCSEMIT,3120.742478424
2024-12-04 00:00:00,SPCSEMIP,SPCSEMIT,3153.30917672937
2024-12-05 00:00:00,SPCSEMIP,SPCSEMIT,3159.40951145098
2024-12-06 00:00:00,SPCSEMIP,SPCSEMIT,3170.44984950695
2024-12-09 00:00:00,SPCSEMIP,SPCSEMIT,3199.35924148017
2024-12-10 00:00:00,SPCSEMIP,SPCSEMIT,3202.02187290089
2024-12-11 00:00:00,SPCSEMIP,SPCSEMIT,3251.44040603713
2024-12-12 00:00:00,SPCSEMIP,SPCSEMIT,3299.03009908208
2024-12-13 00:00:00,SPCSEMIP,SPCSEMIT,3309.53727029493
2024-12-16 00:00:00,SPCSEMIP,SPCSEMIT,3333.36952386645
2024-12-17 00:00:00,SPCSEMIP,SPCSEMIT,3362.54186677067
2024-12-18 00:00:00,SPCSEMIP,SPCSEMIT,3413.91413657058
2024-12-19 00:00:00,SPCSEMIP,SPCSEMIT,3486.01300843722
2024-12-20 00:00:00,SPCSEMIP,SPCSEMIT,3601.83870622
2024-12-23 00:00:00,SPCSEMIP,SPCSEMIT,3606.24317193629
2024-12-24 00:00:00,SPCSEMIP,SPCSEMIT,3632.09398435789
2024-12-26 00:00:00,SPCSEMIP,SPCSEMIT,3640.3987245345
2024-12-27 00:00:00,SPCSEMIP,SPCSEMIT,3643.6164565483
2024-12-30 00:00:00,SPCSEMIP,SPCSEMIT,3655.34094751426
2024-12-31 00:00:00,SPCSEMIP,SPCSEMIT,3654.90791420285
2024-10-01 00:00:00,SPCSERMP,SPCSERMT,1147.04599963427
2024-10-02 00:00:00,SPCSERMP,SPCSERMT,1143.22172871752
2024-10-03 00:00:00,SPCSERMP,SPCSERMT,1134.59828912224
2024-10-04 00:00:00,SPCSERMP,SPCSERMT,1134.35089600583
2024-10-07 00:00:00,SPCSERMP,SPCSERMT,1136.71103945581
2024-10-08 00:00:00,SPCSERMP,SPCSERMT,1137.53774103768
2024-10-09 00:00:00,SPCSERMP,SPCSERMT,1138.66910291271
2024-10-10 00:00:00,SPCSERMP,SPCSERMT,1131.04641634932
2024-10-11 00:00:00,SPCSERMP,SPCSERMT,1137.4315089708
2024-10-14 00:00:00,SPCSERMP,SPCSERMT,1144.4536109985
2024-10-15 00:00:00,SPCSERMP,SPCSERMT,1142.19351032484
2024-10-16 00:00:00,SPCSERMP,SPCSERMT,1147.36090333514
2024-10-18 00:00:00,SPCSERMP,SPCSERMT,1145.759368019
2024-10-21 00:00:00,SPCSERMP,SPCSERMT,1140.88661872337
2024-10-22 00:00:00,SPCSERMP,SPCSERMT,1143.1796296376
2024-10-23 00:00:00,SPCSERMP,SPCSERMT,1141.08731959037
2024-10-24 00:00:00,SPCSERMP,SPCSERMT,1149.49728413168
2024-10-25 00:00:00,SPCSERMP,SPCSERMT,1150.56729623007
2024-10-28 00:00:00,SPCSERMP,SPCSERMT,1163.24554002771
2024-10-29 00:00:00,SPCSERMP,SPCSERMT,1161.12135365284
2024-10-30 00:00:00,SPCSERMP,SPCSERMT,1161.13537901523
2024-11-01 00:00:00,SPCSERMP,SPCSERMT,1175.77529075083
2024-11-04 00:00:00,SPCSERMP,SPCSERMT,1176.11328944986
2024-11-05 00:00:00,SPCSERMP,SPCSERMT,1164.51158486617
2024-11-06 00:00:00,SPCSERMP,SPCSERMT,1162.34779964233
2024-11-07 00:00:00,SPCSERMP,SPCSERMT,1162.36588401394
2024-11-08 00:00:00,SPCSERMP,SPCSERMT,1170.00374764295
2024-11-11 00:00:00,SPCSERMP,SPCSERMT,1185.74753909667
2024-11-12 00:00:00,SPCSERMP,SPCSERMT,1200.80979445341
2024-11-13 00:00:00,SPCSERMP,SPCSERMT,1206.08171649049
2024-11-14 00:00:00,SPCSERMP,SPCSERMT,1204.81728157965
2024-11-18 00:00:00,SPCSERMP,SPCSERMT,1193.69952211818
2024-11-19 00:00:00,SPCSERMP,SPCSERMT,1192.68710050834
2024-11-20 00:00:00,SPCSERMP,SPCSERMT,1219.65253831923
2024-11-21 00:00:00,SPCSERMP,SPCSERMT,1180.10705332184
2024-11-22 00:00:00,SPCSERMP,SPCSERMT,1202.83343548801
2024-11-25 00:00:00,SPCSERMP,SPCSERMT,1180.55373482841
2024-11-26 00:00:00,SPCSERMP,SPCSERMT,1193.30826784502
2024-11-27 00:00:00,SPCSERMP,SPCSERMT,1195.04371820723
2024-11-28 00:00:00,SPCSERMP,SPCSERMT,1215.48347123133
2024-11-29 00:00:00,SPCSERMP,SPCSERMT,1204.57129169259
2024-12-02 00:00:00,SPCSERMP,SPCSERMT,1217.29788548769
2024-12-03 00:00:00,SPCSERMP,SPCSERMT,1223.20295548876
2024-12-04 00:00:00,SPCSERMP,SPCSERMT,1239.05305530962
2024-12-05 00:00:00,SPCSERMP,SPCSERMT,1237.14373300242
2024-12-06 00:00:00,SPCSERMP,SPCSERMT,1245.70414709021
2024-12-09 00:00:00,SPCSERMP,SPCSERMT,1273.57376588563
2024-12-10 00:00:00,SPCSERMP,SPCSERMT,1270.40866498443
2024-12-11 00:00:00,SPCSERMP,SPCSERMT,1306.26946629827
2024-12-12 00:00:00,SPCSERMP,SPCSERMT,1305.86897385493
2024-12-13 00:00:00,SPCSERMP,SPCSERMT,1293.8724159776
2024-12-16 00:00:00,SPCSERMP,SPCSERMT,1290.18817783652
2024-12-17 00:00:00,SPCSERMP,SPCSERMT,1294.06034627209
2024-12-18 00:00:00,SPCSERMP,SPCSERMT,1331.86110259671
2024-12-19 00:00:00,SPCSERMP,SPCSERMT,1329.20968933215
2024-12-20 00:00:00,SPCSERMP,SPCSERMT,1425.38181856243
2024-12-23 00:00:00,SPCSERMP,SPCSERMT,1464.21694497055
2024-12-24 00:00:00,SPCSERMP,SPCSERMT,1487.44509789869
2024-12-26 00:00:00,SPCSERMP,SPCSERMT,1519.61118913769
2024-12-27 00:00:00,SPCSERMP,SPCSERMT,1502.72422448909
2024-12-30 00:00:00,SPCSERMP,SPCSERMT,1522.12595348116
2024-12-31 00:00:00,SPCSERMP,SPCSERMT,1520.0042743966
2024-10-01 00:00:00,SPCSERP,SPCSERT,1244.02127950468
2024-10-02 00:00:00,SPCSERP,SPCSERT,1234.80009173674
2024-10-03 00:00:00,SPCSERP,SPCSERT,1242.35781296118
2024-10-04 00:00:00,SPCSERP,SPCSERT,1232.57353416768
2024-10-07 00:00:00,SPCSERP,SPCSERT,1228.82149254435
2024-10-08 00:00:00,SPCSERP,SPCSERT,1239.35714433591
2024-10-09 00:00:00,SPCSERP,SPCSERT,1242.26029867402
2024-10-10 00:00:00,SPCSERP,SPCSERT,1234.06421167989
2024-10-11 00:00:00,SPCSERP,SPCSERT,1269.39149923359
2024-10-14 00:00:00,SPCSERP,SPCSERT,1293.46663323404
2024-10-15 00:00:00,SPCSERP,SPCSERT,1277.52937196185
2024-10-16 00:00:00,SPCSERP,SPCSERT,1302.70773029373
2024-10-18 00:00:00,SPCSERP,SPCSERT,1311.21207927426
2024-10-21 00:00:00,SPCSERP,SPCSERT,1312.4256649392
2024-10-22 00:00:00,SPCSERP,SPCSERT,1295.7855765417
2024-10-23 00:00:00,SPCSERP,SPCSERT,1305.36627780162
2024-10-24 00:00:00,SPCSERP,SPCSERT,1327.66361552117
2024-10-25 00:00:00,SPCSERP,SPCSERT,1319.43378219257
2024-10-28 00:00:00,SPCSERP,SPCSERT,1319.83349129461
2024-10-29 00:00:00,SPCSERP,SPCSERT,1319.24020144393
2024-10-30 00:00:00,SPCSERP,SPCSERT,1318.04890969128
2024-11-01 00:00:00,SPCSERP,SPCSERT,1313.25696571843
2024-11-04 00:00:00,SPCSERP,SPCSERT,1313.09269870684
2024-11-05 00:00:00,SPCSERP,SPCSERT,1317.7935597999
2024-11-06 00:00:00,SPCSERP,SPCSERT,1335.4882849551
2024-11-07 00:00:00,SPCSERP,SPCSERT,1336.03069583154
2024-11-08 00:00:00,SPCSERP,SPCSERT,1350.27782828757
2024-11-11 00:00:00,SPCSERP,SPCSERT,1362.42778400508
2024-11-12 00:00:00,SPCSERP,SPCSERT,1362.17759727777
2024-11-13 00:00:00,SPCSERP,SPCSERT,1404.75718835522
2024-11-14 00:00:00,SPCSERP,SPCSERT,1413.75619823091
2024-11-18 00:00:00,SPCSERP,SPCSERT,1461.37039792334
2024-11-19 00:00:00,SPCSERP,SPCSERT,1470.91073241282
2024-11-20 00:00:00,SPCSERP,SPCSERT,1499.64645842334
2024-11-21 00:00:00,SPCSERP,SPCSERT,1490.45117864835
2024-11-22 00:00:00,SPCSERP,SPCSERT,1500.51355320954
2024-11-25 00:00:00,SPCSERP,SPCSERT,1467.21685268503
2024-11-26 00:00:00,SPCSERP,SPCSERT,1480.00140132061
2024-11-27 00:00:00,SPCSERP,SPCSERT,1483.4742726567
2024-11-28 00:00:00,SPCSERP,SPCSERT,1477.46430801128
2024-11-29 00:00:00,SPCSERP,SPCSERT,1495.90084586856
2024-12-02 00:00:00,SPCSERP,SPCSERT,1536.4719863304
2024-12-03 00:00:00,SPCSERP,SPCSERT,1571.6148400823
2024-12-04 00:00:00,SPCSERP,SPCSERT,1562.9732316875
2024-12-05 00:00:00,SPCSERP,SPCSERT,1560.54772490665
2024-12-06 00:00:00,SPCSERP,SPCSERT,1568.56675922736
2024-12-09 00:00:00,SPCSERP,SPCSERT,1571.84889180044
2024-12-10 00:00:00,SPCSERP,SPCSERT,1577.76337647308
2024-12-11 00:00:00,SPCSERP,SPCSERT,1606.8108837623
2024-12-12 00:00:00,SPCSERP,SPCSERT,1604.03826685678
2024-12-13 00:00:00,SPCSERP,SPCSERT,1646.22932221614
2024-12-16 00:00:00,SPCSERP,SPCSERT,1657.62351783906
2024-12-17 00:00:00,SPCSERP,SPCSERT,1617.54321750149
2024-12-18 00:00:00,SPCSERP,SPCSERT,1710.519375917
2024-12-19 00:00:00,SPCSERP,SPCSERT,1741.30312425875
2024-12-20 00:00:00,SPCSERP,SPCSERT,1754.99442121954
2024-12-23 00:00:00,SPCSERP,SPCSERT,1762.5212385792
2024-12-24 00:00:00,SPCSERP,SPCSERT,1770.16666953124
2024-12-26 00:00:00,SPCSERP,SPCSERT,1793.95619449634
2024-12-27 00:00:00,SPCSERP,SPCSERT,1782.55660747201
2024-12-30 00:00:00,SPCSERP,SPCSERT,1783.31153579876
2024-12-31 00:00:00,SPCSERP,SPCSERT,1764.00721529698
2024-10-01 00:00:00,SPCSESP,SPCSEST,603.089839874826
2024-10-02 00:00:00,SPCSESP,SPCSEST,606.673545442488
2024-10-03 00:00:00,SPCSESP,SPCSEST,613.793615817441
2024-10-04 00:00:00,SPCSESP,SPCSEST,601.297987090995
2024-10-07 00:00:00,SPCSESP,SPCSEST,610.209910249777
2024-10-08 00:00:00,SPCSESP,SPCSEST,613.793615817444
2024-10-09 00:00:00,SPCSESP,SPCSEST,620.937356572582
2024-10-10 00:00:00,SPCSESP,SPCSEST,631.617462135008
2024-10-11 00:00:00,SPCSESP,SPCSEST,660.145084395187
2024-10-14 00:00:00,SPCSESP,SPCSEST,676.200748309108
2024-10-15 00:00:00,SPCSESP,SPCSEST,660.168754775373
2024-10-16 00:00:00,SPCSESP,SPCSEST,678.063612233507
2024-10-18 00:00:00,SPCSESP,SPCSEST,683.439170585004
2024-10-21 00:00:00,SPCSESP,SPCSEST,678.063612233511
2024-10-22 00:00:00,SPCSESP,SPCSEST,679.879135397533
2024-10-23 00:00:00,SPCSESP,SPCSEST,678.087282613699
2024-10-24 00:00:00,SPCSESP,SPCSEST,667.359836290898
2024-10-25 00:00:00,SPCSESP,SPCSEST,665.591653887257
2024-10-28 00:00:00,SPCSESP,SPCSEST,660.192425155572
2024-10-29 00:00:00,SPCSESP,SPCSEST,669.15168907473
2024-10-30 00:00:00,SPCSESP,SPCSEST,670.96721223875
2024-11-01 00:00:00,SPCSESP,SPCSEST,660.239765915949
2024-11-04 00:00:00,SPCSESP,SPCSEST,660.263436296139
2024-11-05 00:00:00,SPCSESP,SPCSEST,660.239765915947
2024-11-06 00:00:00,SPCSESP,SPCSEST,662.03161869978
2024-11-07 00:00:00,SPCSESP,SPCSEST,663.82347148361
2024-11-08 00:00:00,SPCSESP,SPCSEST,663.799801103421
2024-11-11 00:00:00,SPCSESP,SPCSEST,662.055289079967
2024-11-12 00:00:00,SPCSESP,SPCSEST,653.143365921183
2024-11-13 00:00:00,SPCSESP,SPCSEST,649.559660353518
2024-11-14 00:00:00,SPCSESP,SPCSEST,662.102629840344
2024-11-18 00:00:00,SPCSESP,SPCSEST,665.662665027817
2024-11-19 00:00:00,SPCSESP,SPCSEST,653.167036301371
2024-11-20 00:00:00,SPCSESP,SPCSEST,685.420386410349
2024-11-21 00:00:00,SPCSESP,SPCSEST,703.291573488292
2024-11-22 00:00:00,SPCSESP,SPCSEST,688.980421597826
2024-11-25 00:00:00,SPCSESP,SPCSEST,692.540456785298
2024-11-26 00:00:00,SPCSESP,SPCSEST,687.164898433799
2024-11-27 00:00:00,SPCSESP,SPCSEST,697.916015136792
2024-11-28 00:00:00,SPCSESP,SPCSEST,714.019019811091
2024-11-29 00:00:00,SPCSESP,SPCSEST,744.480517136235
2024-12-02 00:00:00,SPCSESP,SPCSEST,731.961218029602
2024-12-03 00:00:00,SPCSESP,SPCSEST,737.313106000907
2024-12-04 00:00:00,SPCSESP,SPCSEST,748.064222703898
2024-12-05 00:00:00,SPCSESP,SPCSEST,765.93540978184
2024-12-06 00:00:00,SPCSESP,SPCSEST,762.375374594366
2024-12-09 00:00:00,SPCSESP,SPCSEST,830.418439619602
2024-12-10 00:00:00,SPCSESP,SPCSEST,833.931134046699
2024-12-11 00:00:00,SPCSESP,SPCSEST,823.274698864458
2024-12-12 00:00:00,SPCSESP,SPCSEST,828.626586835769
2024-12-13 00:00:00,SPCSESP,SPCSEST,841.193226702783
2024-12-16 00:00:00,SPCSESP,SPCSEST,851.802321124643
2024-12-17 00:00:00,SPCSESP,SPCSEST,839.306692398199
2024-12-18 00:00:00,SPCSESP,SPCSEST,848.194945176793
2024-12-19 00:00:00,SPCSESP,SPCSEST,853.546833148102
2024-12-20 00:00:00,SPCSESP,SPCSEST,857.035857195011
2024-12-23 00:00:00,SPCSESP,SPCSEST,846.119840220176
2024-12-24 00:00:00,SPCSESP,SPCSEST,867.356489324078
2024-12-26 00:00:00,SPCSESP,SPCSEST,865.508801502281
2024-12-27 00:00:00,SPCSESP,SPCSEST,867.271434346107
2024-12-30 00:00:00,SPCSESP,SPCSEST,870.62659007783
2024-12-31 00:00:00,SPCSESP,SPCSEST,874.06680078752
2024-10-01 00:00:00,SPCSETIP,SPCSETIT,1475.21480826787
2024-10-02 00:00:00,SPCSETIP,SPCSETIT,1471.54264086791
2024-10-03 00:00:00,SPCSETIP,SPCSETIT,1461.26057214804
2024-10-04 00:00:00,SPCSETIP,SPCSETIT,1445.83746906821
2024-10-07 00:00:00,SPCSETIP,SPCSETIT,1448.04076950819
2024-10-08 00:00:00,SPCSETIP,SPCSETIT,1457.1793345992
2024-10-09 00:00:00,SPCSETIP,SPCSETIT,1516.8263961741
2024-10-10 00:00:00,SPCSETIP,SPCSETIT,1504.75009716312
2024-10-11 00:00:00,SPCSETIP,SPCSETIT,1536.98146346498
2024-10-14 00:00:00,SPCSETIP,SPCSETIT,1562.36127193357
2024-10-15 00:00:00,SPCSETIP,SPCSETIT,1643.39061124597
2024-10-16 00:00:00,SPCSETIP,SPCSETIT,1651.30196589035
2024-10-18 00:00:00,SPCSETIP,SPCSETIT,1678.39229783228
2024-10-21 00:00:00,SPCSETIP,SPCSETIT,1705.80799310531
2024-10-22 00:00:00,SPCSETIP,SPCSETIT,1704.33912614533
2024-10-23 00:00:00,SPCSETIP,SPCSETIT,1672.84219332346
2024-10-24 00:00:00,SPCSETIP,SPCSETIT,1654.15599299256
2024-10-25 00:00:00,SPCSETIP,SPCSETIT,1649.7493921126
2024-10-28 00:00:00,SPCSETIP,SPCSETIT,1652.68712603257
2024-10-29 00:00:00,SPCSETIP,SPCSETIT,1643.54856094157
2024-10-30 00:00:00,SPCSETIP,SPCSETIT,1647.54609167263
2024-11-01 00:00:00,SPCSETIP,SPCSETIT,1654.89042647255
2024-11-04 00:00:00,SPCSETIP,SPCSETIT,1648.6895953015
2024-11-05 00:00:00,SPCSETIP,SPCSETIT,1622.33369683957
2024-11-06 00:00:00,SPCSETIP,SPCSETIT,1613.19513174856
2024-11-07 00:00:00,SPCSETIP,SPCSETIT,1606.58523042863
2024-11-08 00:00:00,SPCSETIP,SPCSETIT,1628.53452801061
2024-11-11 00:00:00,SPCSETIP,SPCSETIT,1651.21825907257
2024-11-12 00:00:00,SPCSETIP,SPCSETIT,1635.46979266164
2024-11-13 00:00:00,SPCSETIP,SPCSETIT,1630.73782845057
2024-11-14 00:00:00,SPCSETIP,SPCSETIT,1623.06813031955
2024-11-18 00:00:00,SPCSETIP,SPCSETIT,1634.40999585053
2024-11-19 00:00:00,SPCSETIP,SPCSETIT,1617.19266247962
2024-11-20 00:00:00,SPCSETIP,SPCSETIT,1615.72379551963
2024-11-21 00:00:00,SPCSETIP,SPCSETIT,1595.24336489763
2024-11-22 00:00:00,SPCSETIP,SPCSETIT,1618.6615294396
2024-11-25 00:00:00,SPCSETIP,SPCSETIT,1578.76046500671
2024-11-26 00:00:00,SPCSETIP,SPCSETIT,1586.43016313774
2024-11-27 00:00:00,SPCSETIP,SPCSETIT,1599.2408956287
2024-11-28 00:00:00,SPCSETIP,SPCSETIT,1592.30563097767
2024-11-29 00:00:00,SPCSETIP,SPCSETIT,1580.55469529782
2024-12-02 00:00:00,SPCSETIP,SPCSETIT,1579.08582833783
2024-12-03 00:00:00,SPCSETIP,SPCSETIT,1600.7097625887
2024-12-04 00:00:00,SPCSETIP,SPCSETIT,1609.11389419972
2024-12-05 00:00:00,SPCSETIP,SPCSETIT,1624.53699727955
2024-12-06 00:00:00,SPCSETIP,SPCSETIT,1620.53946654848
2024-12-09 00:00:00,SPCSETIP,SPCSETIT,1622.33369683957
2024-12-10 00:00:00,SPCSETIP,SPCSETIT,1643.54856094156
2024-12-11 00:00:00,SPCSETIP,SPCSETIT,1635.46979266166
2024-12-12 00:00:00,SPCSETIP,SPCSETIT,1660.35682416361
2024-12-13 00:00:00,SPCSETIP,SPCSETIT,1668.76095577462
2024-12-16 00:00:00,SPCSETIP,SPCSETIT,1677.89952086563
2024-12-17 00:00:00,SPCSETIP,SPCSETIT,1668.02652229463
2024-12-18 00:00:00,SPCSETIP,SPCSETIT,1677.89952086563
2024-12-19 00:00:00,SPCSETIP,SPCSETIT,1677.16508738564
2024-12-20 00:00:00,SPCSETIP,SPCSETIT,1687.77251943663
2024-12-23 00:00:00,SPCSETIP,SPCSETIT,1700.2578885965
2024-12-24 00:00:00,SPCSETIP,SPCSETIT,1703.52098584757
2024-12-26 00:00:00,SPCSETIP,SPCSETIT,1753.05339233812
2024-12-27 00:00:00,SPCSETIP,SPCSETIT,1752.31895885812
2024-12-30 00:00:00,SPCSETIP,SPCSETIT,1769.45258541127
2024-12-31 00:00:00,SPCSETIP,SPCSETIT,1751.50081856037
2024-10-01 00:00:00,SPCSETP,SPCSETT,26057.8530703964
2024-10-02 00:00:00,SPCSETP,SPCSETT,26332.146260611
2024-10-03 00:00:00,SPCSETP,SPCSETT,27155.0258312551
2024-10-04 00:00:00,SPCSETP,SPCSETT,26918.0613202942
2024-10-07 00:00:00,SPCSETP,SPCSETT,27277.6689780066
2024-10-08 00:00:00,SPCSETP,SPCSETT,27135.1509096924
2024-10-09 00:00:00,SPCSETP,SPCSETT,27400.3121247582
2024-10-10 00:00:00,SPCSETP,SPCSETT,27067.2043624626
2024-10-11 00:00:00,SPCSETP,SPCSETT,26931.3112680028
2024-10-14 00:00:00,SPCSETP,SPCSETT,26795.4181735428
2024-10-15 00:00:00,SPCSETP,SPCSETT,26795.4181735428
2024-10-16 00:00:00,SPCSETP,SPCSETT,29173.547326592
2024-10-18 00:00:00,SPCSETP,SPCSETT,30444.656802399
2024-10-21 00:00:00,SPCSETP,SPCSETT,31674.3196263928
2024-10-22 00:00:00,SPCSETP,SPCSETT,31273.265316867
2024-10-23 00:00:00,SPCSETP,SPCSETT,31748.8911474768
2024-10-24 00:00:00,SPCSETP,SPCSETT,32231.1419519407
2024-10-25 00:00:00,SPCSETP,SPCSETT,34751.7891733042
2024-10-28 00:00:00,SPCSETP,SPCSETT,37456.4011147948
2024-10-29 00:00:00,SPCSETP,SPCSETT,36288.0598641767
2024-10-30 00:00:00,SPCSETP,SPCSETT,35159.4684566837
2024-11-01 00:00:00,SPCSETP,SPCSETT,35981.4519972977
2024-11-04 00:00:00,SPCSETP,SPCSETT,35751.1124601908
2024-11-05 00:00:00,SPCSETP,SPCSETT,35282.1116034351
2024-11-06 00:00:00,SPCSETP,SPCSETT,33658.0194437698
2024-11-07 00:00:00,SPCSETP,SPCSETT,34725.2892778869
2024-11-08 00:00:00,SPCSETP,SPCSETT,34861.1823723467
2024-11-11 00:00:00,SPCSETP,SPCSETT,35540.6478446463
2024-11-12 00:00:00,SPCSETP,SPCSETT,35262.236681872
2024-11-13 00:00:00,SPCSETP,SPCSETT,34751.7891733032
2024-11-14 00:00:00,SPCSETP,SPCSETT,34602.646131135
2024-11-18 00:00:00,SPCSETP,SPCSETT,35226.4134947998
2024-11-19 00:00:00,SPCSETP,SPCSETT,35635.5007349217
2024-11-20 00:00:00,SPCSETP,SPCSETT,37527.0758328791
2024-11-21 00:00:00,SPCSETP,SPCSETT,37430.7376720764
2024-11-22 00:00:00,SPCSETP,SPCSETT,36827.2433153751
2024-11-25 00:00:00,SPCSETP,SPCSETT,36134.1684668589
2024-11-26 00:00:00,SPCSETP,SPCSETT,36834.0009843631
2024-11-27 00:00:00,SPCSETP,SPCSETT,36536.4980379933
2024-11-28 00:00:00,SPCSETP,SPCSETT,36695.3860146598
2024-11-29 00:00:00,SPCSETP,SPCSETT,38012.2282268409
2024-12-02 00:00:00,SPCSETP,SPCSETT,37457.7683480278
2024-12-03 00:00:00,SPCSETP,SPCSETT,37430.7376720766
2024-12-04 00:00:00,SPCSETP,SPCSETT,37741.755956422
2024-12-05 00:00:00,SPCSETP,SPCSETT,38837.1603760727
2024-12-06 00:00:00,SPCSETP,SPCSETT,39792.2190310461
2024-12-09 00:00:00,SPCSETP,SPCSETT,42280.530816717
2024-12-10 00:00:00,SPCSETP,SPCSETT,43528.0655440464
2024-12-11 00:00:00,SPCSETP,SPCSETT,45412.882973016
2024-12-12 00:00:00,SPCSETP,SPCSETT,46438.9799078149
2024-12-13 00:00:00,SPCSETP,SPCSETT,46799.0326700485
2024-12-16 00:00:00,SPCSETP,SPCSETT,44954.7612550056
2024-12-17 00:00:00,SPCSETP,SPCSETT,45779.6934042371
2024-12-18 00:00:00,SPCSETP,SPCSETT,48621.300283154
2024-12-19 00:00:00,SPCSETP,SPCSETT,48386.3471526482
2024-12-20 00:00:00,SPCSETP,SPCSETT,48033.0520594024
2024-12-23 00:00:00,SPCSETP,SPCSETT,47720.3029800829
2024-12-24 00:00:00,SPCSETP,SPCSETT,47755.8221199959
2024-12-26 00:00:00,SPCSETP,SPCSETT,47914.7100966624
2024-12-27 00:00:00,SPCSETP,SPCSETT,48558.7504672902
2024-12-30 00:00:00,SPCSETP,SPCSETT,48475.9276444629
2024-12-31 00:00:00,SPCSETP,SPCSETT,47498.8651875524
2024-10-01 00:00:00,SPCSEUIP,SPCSEUIT,1765.74289842007
2024-10-02 00:00:00,SPCSEUIP,SPCSEUIT,1756.52677654093
2024-10-03 00:00:00,SPCSEUIP,SPCSEUIT,1766.9382224479
2024-10-04 00:00:00,SPCSEUIP,SPCSEUIT,1768.26362499133
2024-10-07 00:00:00,SPCSEUIP,SPCSEUIT,1771.67257883324
2024-10-08 00:00:00,SPCSEUIP,SPCSEUIT,1772.30036568067
2024-10-09 00:00:00,SPCSEUIP,SPCSEUIT,1763.90646993298
2024-10-10 00:00:00,SPCSEUIP,SPCSEUIT,1785.23277201057
2024-10-11 00:00:00,SPCSEUIP,SPCSEUIT,1798.22946282741
2024-10-14 00:00:00,SPCSEUIP,SPCSEUIT,1782.70404899129
2024-10-15 00:00:00,SPCSEUIP,SPCSEUIT,1795.80757592009
2024-10-16 00:00:00,SPCSEUIP,SPCSEUIT,1802.98419946398
2024-10-18 00:00:00,SPCSEUIP,SPCSEUIT,1804.8157913236
2024-10-21 00:00:00,SPCSEUIP,SPCSEUIT,1812.79529118652
2024-10-22 00:00:00,SPCSEUIP,SPCSEUIT,1833.02627485577
2024-10-23 00:00:00,SPCSEUIP,SPCSEUIT,1842.18868703023
2024-10-24 00:00:00,SPCSEUIP,SPCSEUIT,1869.54903564812
2024-10-25 00:00:00,SPCSEUIP,SPCSEUIT,1869.96470434642
2024-10-28 00:00:00,SPCSEUIP,SPCSEUIT,1859.28049952103
2024-10-29 00:00:00,SPCSEUIP,SPCSEUIT,1895.59227466675
2024-10-30 00:00:00,SPCSEUIP,SPCSEUIT,1891.59302353984
2024-11-01 00:00:00,SPCSEUIP,SPCSEUIT,1911.26055737201
2024-11-04 00:00:00,SPCSEUIP,SPCSEUIT,1911.50395432468
2024-11-05 00:00:00,SPCSEUIP,SPCSEUIT,1916.20541827684
2024-11-06 00:00:00,SPCSEUIP,SPCSEUIT,1886.44669927841
2024-11-07 00:00:00,SPCSEUIP,SPCSEUIT,1872.33162876475
2024-11-08 00:00:00,SPCSEUIP,SPCSEUIT,1892.76250829202
2024-11-11 00:00:00,SPCSEUIP,SPCSEUIT,1902.17077888089
2024-11-12 00:00:00,SPCSEUIP,SPCSEUIT,1891.73498672655
2024-11-13 00:00:00,SPCSEUIP,SPCSEUIT,1941.53497732492
2024-11-14 00:00:00,SPCSEUIP,SPCSEUIT,1937.15760136262
2024-11-18 00:00:00,SPCSEUIP,SPCSEUIT,1919.1279209388
2024-11-19 00:00:00,SPCSEUIP,SPCSEUIT,1941.2264083862
2024-11-20 00:00:00,SPCSEUIP,SPCSEUIT,1942.19013033196
2024-11-21 00:00:00,SPCSEUIP,SPCSEUIT,1931.07689852144
2024-11-22 00:00:00,SPCSEUIP,SPCSEUIT,1937.98235033306
2024-11-25 00:00:00,SPCSEUIP,SPCSEUIT,1917.04054788437
2024-11-26 00:00:00,SPCSEUIP,SPCSEUIT,1922.6957530248
2024-11-27 00:00:00,SPCSEUIP,SPCSEUIT,1924.64079346722
2024-11-28 00:00:00,SPCSEUIP,SPCSEUIT,1938.30171396382
2024-11-29 00:00:00,SPCSEUIP,SPCSEUIT,1923.4608164541
2024-12-02 00:00:00,SPCSEUIP,SPCSEUIT,1946.25130077053
2024-12-03 00:00:00,SPCSEUIP,SPCSEUIT,1952.31582642286
2024-12-04 00:00:00,SPCSEUIP,SPCSEUIT,2003.97918588135
2024-12-05 00:00:00,SPCSEUIP,SPCSEUIT,1994.60724903367
2024-12-06 00:00:00,SPCSEUIP,SPCSEUIT,1985.66280504696
2024-12-09 00:00:00,SPCSEUIP,SPCSEUIT,1989.16415082674
2024-12-10 00:00:00,SPCSEUIP,SPCSEUIT,1983.76539068213
2024-12-11 00:00:00,SPCSEUIP,SPCSEUIT,2008.65938632142
2024-12-12 00:00:00,SPCSEUIP,SPCSEUIT,2025.98758551951
2024-12-13 00:00:00,SPCSEUIP,SPCSEUIT,2009.49223380201
2024-12-16 00:00:00,SPCSEUIP,SPCSEUIT,2013.17016543181
2024-12-17 00:00:00,SPCSEUIP,SPCSEUIT,2005.48475160419
2024-12-18 00:00:00,SPCSEUIP,SPCSEUIT,2025.00069825156
2024-12-19 00:00:00,SPCSEUIP,SPCSEUIT,2024.05074199287
2024-12-20 00:00:00,SPCSEUIP,SPCSEUIT,2071.81273027192
2024-12-23 00:00:00,SPCSEUIP,SPCSEUIT,2085.18986525408
2024-12-24 00:00:00,SPCSEUIP,SPCSEUIT,2077.39630022505
2024-12-26 00:00:00,SPCSEUIP,SPCSEUIT,2102.7814232843
2024-12-27 00:00:00,SPCSEUIP,SPCSEUIT,2101.52735756905
2024-12-30 00:00:00,SPCSEUIP,SPCSEUIT,2092.26895458964
2024-12-31 00:00:00,SPCSEUIP,SPCSEUIT,2118.07904508035
