Monthly Summarised Trading Statistics,,,,,,,,,,,,,,,,,,,,,,,,,,,,,,,,,,,,,,,,,,,,,,,,,,,,,,,,,,,,,,,,,,,,,,,,,,,,,,,,,,,,,,,,,,,,,,,,,,,,,,,,,,,,,,,,,,,,,,,,,,,,,,,,,,,,,,,,,,,,,,,,,,,,,,,,,,,,,,,,,,,,,,,,,,,,,,,,,,,,,,,,,,,,,,,,,,,,,,,,,,,,,,,,,,,,,,,,,,,,,,,,,,,,,,,,,,,,,,,,,,,,,,,,,,,,,,,,,,,,,,,,,,,,,,,,,,,,,,,,,,,,,,,,,,,,,,,,,,,,,,,,,,,,,,,,,,,,,,,,,,,,,,,,,,,,,,,,,,,,,,,,,,,,,,,,,,,,,,,,,,,,,,,,,,,,,,,,,,,,,,,,,,,,,,,,,,,,
,1993-01-31 00:00:00,1993-02-28 00:00:00,1993-03-31 00:00:00,1993-04-30 00:00:00,1993-05-31 00:00:00,1993-06-30 00:00:00,1993-07-31 00:00:00,1993-08-31 00:00:00,1993-09-30 00:00:00,1993-10-31 00:00:00,1993-11-30 00:00:00,1993-12-31 00:00:00,1994-01-31 00:00:00,1994-02-28 00:00:00,1994-03-31 00:00:00,1994-04-29 00:00:00,1994-05-31 00:00:00,1994-06-30 00:00:00,1994-07-29 00:00:00,1994-08-31 00:00:00,1994-09-30 00:00:00,1994-10-31 00:00:00,1994-11-30 00:00:00,1994-12-30 00:00:00,1995-01-31 00:00:00,1995-02-28 00:00:00,1995-03-31 00:00:00,1995-04-28 00:00:00,1995-05-31 00:00:00,1995-06-30 00:00:00,1995-07-31 00:00:00,1995-08-31 00:00:00,1995-09-29 00:00:00,1995-10-31 00:00:00,1995-11-30 00:00:00,1995-12-29 00:00:00,1996-01-31 00:00:00,1996-02-29 00:00:00,1996-03-29 00:00:00,1996-04-30 00:00:00,1996-05-30 00:00:00,1996-06-28 00:00:00,1996-07-31 00:00:00,1996-08-30 00:00:00,1996-09-30 00:00:00,1996-10-31 00:00:00,1996-11-29 00:00:00,1996-12-31 00:00:00,1997-01-31 00:00:00,1997-02-28 00:00:00,1997-03-31 00:00:00,1997-04-30 00:00:00,1997-05-30 00:00:00,1997-06-30 00:00:00,1997-07-31 00:00:00,1997-08-29 00:00:00,1997-09-30 00:00:00,1997-10-31 00:00:00,1997-11-28 00:00:00,1997-12-31 00:00:00,1998-01-30 00:00:00,1998-02-27 00:00:00,1998-03-31 00:00:00,1998-04-30 00:00:00,1998-05-29 00:00:00,1998-06-30 00:00:00,1998-07-31 00:00:00,1998-08-31 00:00:00,1998-09-30 00:00:00,1998-10-30 00:00:00,1998-11-30 00:00:00,1998-12-31 00:00:00,1999-01-29 00:00:00,1999-02-26 00:00:00,1999-03-30 00:00:00,1999-04-28 00:00:00,1999-05-28 00:00:00,1999-06-30 00:00:00,1999-07-30 00:00:00,1999-08-31 00:00:00,1999-09-30 00:00:00,1999-10-31 00:00:00,1999-11-30 00:00:00,1999-12-31 00:00:00,2000-01-31 00:00:00,2000-02-29 00:00:00,2000-03-31 00:00:00,2000-04-30 00:00:00,2000-05-31 00:00:00,2000-06-30 00:00:00,2000-07-31 00:00:00,2000-08-31 00:00:00,2000-09-30 00:00:00,2000-10-31 00:00:00,2000-11-30 00:00:00,2000-12-31 00:00:00,2001-01-31 00:00:00,2001-02-28 00:00:00,2001-03-31 00:00:00,2001-04-30 00:00:00,2001-05-31 00:00:00,2001-06-30 00:00:00,2001-07-31 00:00:00,2001-08-31 00:00:00,2001-09-30 00:00:00,2001-10-31 00:00:00,2001-11-30 00:00:00,2001-12-31 00:00:00,2002-01-31 00:00:00,2002-02-28 00:00:00,2002-03-31 00:00:00,2002-04-30 00:00:00,2002-05-31 00:00:00,2002-06-30 00:00:00,2002-07-31 00:00:00,2002-08-31 00:00:00,2002-09-30 00:00:00,2002-10-31 00:00:00,2002-11-30 00:00:00,2002-12-31 00:00:00,2003-01-03 00:00:00,2003-02-03 00:00:00,2003-03-03 00:00:00,2003-04-03 00:00:00,2003-05-03 00:00:00,2003-06-03 00:00:00,2003-07-03 00:00:00,2003-08-03 00:00:00,2003-09-03 00:00:00,2003-10-03 00:00:00,2003-11-03 00:00:00,2003-12-03 00:00:00,2004-01-03 00:00:00,2004-02-03 00:00:00,2004-03-03 00:00:00,2004-04-03 00:00:00,2004-05-03 00:00:00,2004-06-03 00:00:00,2004-07-03 00:00:00,2004-08-03 00:00:00,2004-09-03 00:00:00,2004-10-03 00:00:00,2004-11-03 00:00:00,2004-12-03 00:00:00,2005-01-03 00:00:00,2005-02-03 00:00:00,2005-03-03 00:00:00,2005-04-03 00:00:00,2005-05-03 00:00:00,2005-06-03 00:00:00,2005-07-03 00:00:00,2005-08-03 00:00:00,2005-09-03 00:00:00,2005-10-03 00:00:00,2005-11-03 00:00:00,2005-12-03 00:00:00,2006-01-03 00:00:00,2006-02-03 00:00:00,2006-03-03 00:00:00,2006-04-03 00:00:00,2006-05-03 00:00:00,2006-06-03 00:00:00,2006-07-03 00:00:00,2006-08-03 00:00:00,2006-09-03 00:00:00,2006-10-03 00:00:00,2006-11-03 00:00:00,2006-12-03 00:00:00,2007-01-03 00:00:00,2007-02-03 00:00:00,2007-03-03 00:00:00,2007-04-03 00:00:00,2007-05-03 00:00:00,2007-06-03 00:00:00,2007-07-03 00:00:00,2007-08-03 00:00:00,2007-09-03 00:00:00,2007-10-03 00:00:00,2007-11-03 00:00:00,2007-12-03 00:00:00,2008-01-03 00:00:00,2008-02-03 00:00:00,2008-03-08 00:00:00,2008-04-03 00:00:00,2008-05-03 00:00:00,2008-06-03 00:00:00,2008-07-03 00:00:00,2008-08-03 00:00:00,2008-09-03 00:00:00,2008-10-03 00:00:00,2008-11-03 00:00:00,2008-12-03 00:00:00,2009-01-03 00:00:00,2009-02-03 00:00:00,2009-03-03 00:00:00,2009-04-03 00:00:00,2009-05-03 00:00:00,2009-06-03 00:00:00,2009-07-03 00:00:00,2009-08-03 00:00:00,2009-09-03 00:00:00,2009-10-03 00:00:00,2009-11-03 00:00:00,2009-12-03 00:00:00,2010-01-03 00:00:00,2010-02-03 00:00:00,2010-03-03 00:00:00,2010-04-03 00:00:00,2010-05-03 00:00:00,2010-06-03 00:00:00,2010-07-03 00:00:00,2010-08-03 00:00:00,2010-09-03 00:00:00,2010-10-03 00:00:00,2010-11-03 00:00:00,2010-12-03 00:00:00,2011-01-03 00:00:00,2011-02-03 00:00:00,2011-03-03 00:00:00,2011-04-03 00:00:00,2011-05-03 00:00:00,2011-06-03 00:00:00,2011-07-03 00:00:00,2011-08-03 00:00:00,2011-09-03 00:00:00,2011-10-03 00:00:00,2011-11-03 00:00:00,2011-12-03 00:00:00,2012-01-03 00:00:00,2012-02-03 00:00:00,2012-03-03 00:00:00,2012-04-03 00:00:00,2012-05-03 00:00:00,2012-06-03 00:00:00,2012-07-03 00:00:00,2012-08-03 00:00:00,2012-09-03 00:00:00,2012-10-03 00:00:00,2012-11-03 00:00:00,2012-12-03 00:00:00,2013-01-03 00:00:00,2013-02-03 00:00:00,2013-03-03 00:00:00,2013-04-03 00:00:00,2013-05-03 00:00:00,2013-06-03 00:00:00,2013-07-03 00:00:00,2013-08-03 00:00:00,2013-09-03 00:00:00,2013-10-03 00:00:00,2013-11-03 00:00:00,2013-12-03 00:00:00,2014-01-03 00:00:00,2014-02-03 00:00:00,2014-03-03 00:00:00,2014-04-03 00:00:00,2014-05-03 00:00:00,2014-06-03 00:00:00,2014-07-03 00:00:00,2014-08-03 00:00:00,2014-09-03 00:00:00,2014-10-03 00:00:00,2014-11-03 00:00:00,2014-12-03 00:00:00,2015-01-03 00:00:00,2015-02-03 00:00:00,2015-03-03 00:00:00,2015-04-03 00:00:00,2015-05-03 00:00:00,2015-06-03 00:00:00,2015-07-03 00:00:00,2015-08-03 00:00:00,2015-09-03 00:00:00,2015-10-03 00:00:00,2015-11-03 00:00:00,2015-12-03 00:00:00,2016-01-03 00:00:00,2016-02-03 00:00:00,2016-03-03 00:00:00,2016-04-03 00:00:00,2016-05-03 00:00:00,2016-06-03 00:00:00,2016-07-03 00:00:00,2016-08-03 00:00:00,2016-09-03 00:00:00,2016-10-03 00:00:00,2016-11-03 00:00:00,2016-12-03 00:00:00,2017-01-03 00:00:00,2017-02-03 00:00:00,2017-03-03 00:00:00,2017-04-03 00:00:00,2017-05-03 00:00:00,2017-06-03 00:00:00,2017-07-03 00:00:00,2017-08-03 00:00:00,2017-09-03 00:00:00,2017-10-03 00:00:00,2017-11-03 00:00:00,2017-12-03 00:00:00,2018-01-03 00:00:00,2018-02-03 00:00:00,2018-03-03 00:00:00,2018-04-03 00:00:00,2018-05-03 00:00:00,2018-06-03 00:00:00,2018-07-03 00:00:00,2018-08-03 00:00:00,2018-09-03 00:00:00,2018-10-03 00:00:00,2018-11-03 00:00:00,2018-12-03 00:00:00,2019-01-03 00:00:00,2019-02-03 00:00:00,2019-03-03 00:00:00,2019-04-03 00:00:00,2019-05-03 00:00:00,2019-06-03 00:00:00,2019-07-03 00:00:00,2019-08-03 00:00:00,2019-09-03 00:00:00,2019-10-03 00:00:00,2019-11-03 00:00:00,2019-12-03 00:00:00,2020-01-03 00:00:00,2020-02-03 00:00:00,2020-03-03 00:00:00,2020-04-03 00:00:00,2020-05-03 00:00:00,2020-06-03 00:00:00,2020-07-03 00:00:00,2020-08-03 00:00:00,2020-09-03 00:00:00,2020-10-03 00:00:00,2020-11-03 00:00:00,2020-12-03 00:00:00,2021-01-03 00:00:00,2021-02-03 00:00:00,2021-03-03 00:00:00,2021-04-03 00:00:00,2021-05-03 00:00:00,2021-06-03 00:00:00,2021-07-03 00:00:00,2021-08-03 00:00:00,2021-09-03 00:00:00,2021-10-03 00:00:00,2021-11-03 00:00:00,2021-12-03 00:00:00,2022-01-03 00:00:00,2022-02-03 00:00:00,2022-03-03 00:00:00,2022-04-03 00:00:00,2022-05-03 00:00:00,2022-06-03 00:00:00,2022-07-03 00:00:00,2022-08-03 00:00:00,2022-09-03 00:00:00,2022-10-03 00:00:00,2022-11-03 00:00:00,2022-12-03 00:00:00,2023-01-03 00:00:00,2023-02-03 00:00:00,2023-03-03 00:00:00,2023-04-03 00:00:00,2023-05-03 00:00:00,2023-06-03 00:00:00,2023-07-03 00:00:00,2023-08-03 00:00:00,2023-09-03 00:00:00,2023-10-03 00:00:00,2023-11-03 00:00:00,2023-12-03 00:00:00,2024-01-03 00:00:00,2024-02-03 00:00:00,2024-03-03 00:00:00,2024-04-03 00:00:00,2024-05-03 00:00:00,2024-06-03 00:00:00,2024-07-03 00:00:00,2024-08-03 00:00:00,2024-09-03 00:00:00,2024-10-03 00:00:00,2024-11-03 00:00:00,2024-12-03 00:00:00,2025-01-03 00:00:00,2025-02-03 00:00:00,2025-03-03 00:00:00,2025-04-03 00:00:00,2025-05-03 00:00:00,2025-06-03 00:00:00,2025-07-03 00:00:00,2025-08-03 00:00:00,2025-09-03 00:00:00,2025-10-03 00:00:00,2025-11-03 00:00:00,2025-12-03 00:00:00
,,,,,,,,,,,,,,,,,,,,,,,,,,,,,,,,,,,,,,,,,,,,,,,,,,,,,,,,,,,,,,,,,,,,,,,,,,,,,,,,,,,,,,,,,,,,,,,,,,,,,,,,,,,,,,,,,,,,,,,,,,,,,,,,,,,,,,,,,,,,,,,,,,,,,,,,,,,,,,,,,,,,,,,,,,,,,,,,,,,,,,,,,,,,,,,,,,,,,,,,,,,,,,,,,,,,,,,,,,,,,,,,,,,,,,,,,,,,,,,,,,,,,,,,,,,,,,,,,,,,,,,,,,,,,,,,,,,,,,,,,,,,,,,,,,,,,,,,,,,,,,,,,,,,,,,,,,,,,,,,,,,,,,,,Market Closed Due To COVID - 19,,,,,,,,,,,,,,,,,,,,,,,,,,,,,,,,,,,,,,,,,,,,,,,,,,,,,,,,,,,,,,,,,,,,
Total Turnover (Rs) Equity,362815478,306253479,494343549,366443070,515711354,1266061686,2227014514,2016141361,1912551398,1931176609,3971463368,3209381089,4499872568,5510333057,5467949550,2106191713,1583832190,2334655915,2082472274,2223613570,3959376431,1678659250,1580485112,1494752299,905688447,967855344,1607543254,702654462,1229726017,1197969612,843651857,1268506872,553152299,382484458,789582265,799895873,877704537,908035813,940891069,463540161,300596271,376806469,246658931,306318937,505873836,807498757,886480645,782282323,752681453,445288372,996538120,2242607707,1997176264,2159351302,2068800305,1802924172,1573115390,1668989664,1278303274,1329654521,1398693210,1707980939,1496987299,1796464403,2800108212,1983622855,1563003165,1300875681,937255691,742399216,1821194367,697043194,976362446,647892177,720218334,495351286,1899784533,1043345739,2121198464,1413697217,1223747628,1217615764,1539520229,1544025332,801737658,1364839661,1193664205,666258217,1093177701,1863331754,1586509724,562455280,501663284,527441536,458023328,430319814,648296230,361987506,440555598,394962837,545924495,657819164,298852750,1425561261,527856811,2394573221,1968815548,4391755388,1331861777,1386013415,2467850990,1284868945,3286219149,5204769778,1993992579,3052224352,5083819002,2933403947,1386273048,1111995965,1941586254,996705106,1559893620,2332639492,4822491205,10515258282,5257550072,5109527666,16530883903,13590846694,7489068018,3691319583,4554443287,3936855824,4023444402,3486620514,3725724202,5158274634,9445732905,5855777817,5565708616,5615476824,3609866660,4231164967,6361926842,8052171201,13213364888,8426045615,10293357243,4711638831,7924258216,12142674809,13352585819,13565499311,11577809566,4977879116,7896887862,7367145922,11362000205,6225496954,4178082560,7208153152,6338235163,5692604016,7304440687,10173041195,24236109049,7171572492,14935475445,14272054061,9730723729,4235093260,12536833620,5291994923,2500484521,7839670960,8528356674,10703933141,8310319772,6100454856,3418573568,7625300667,9654400208,46315028918,5438849469,5863170916,13582837631,6341445273,4083528906,3497844402,3293965470,1338946061,2684529483,4270666374,10250688565,2643935441,13531409289,16197669571,9410909488,8975871103,19041485845,19108908058,12388540176,23958034342,27776479555,28376654019,32723292614,26660612366,34462260714,53231150768,55470330406,54187398368,87164514121,90150130011,31097038242,43169091885,75392362700,60487855267,52817839702,31105810954,49633535991,61186069302,34531868289,59243596120,58037094399,25241113149,20663667149,17915029477,19101832681,29456683794,33151343867,9008104594,8373906554,17762024357,8911200081,13339432900,33490256734,14763582928,14121642367,12347187753,24479863419,15833415797,17286968798,16622206381,28504639625,17543473975,10898292859,13886323206,12334783161,17624551844,12626868679,12826414058,22263158168,17900634331,12476134930,21007320954,23566334202,18527771356,34316512592,40534933329,46148986004,39045246479,40807938867,24322150657,24852649611,24142152757,17271652395,13321015095,27325020230,16072239178,25519620177,34205188163,15840860991,20719869378,13489490802,20491251526,14216363407,12729615691,17909343841,14256871277,17204385271,11061236455,11993452317,20731617079,15281753530,9851567938,8269457362,23429783565,13608531723,12554155550,19398213389,26161539979,17496681368,21312109334,14530717076,13938768396,26573043152,23828901198,20245853324,10942722872,17458107734,19513211583,33433501111,11661269803,15741874279,11586681344,8649347572,12027045341,10916220749,17608355736,24788102852,16685120345,12157123626,14194236729,11404224851,7823613598,8375893260,9834174336,25026064669,14680609138,14815098579,16547769919,25375166358,11173982931,37802703573,8396750380,6324628808,,22809292981,29071926748,26579280946,36859609526,49955620139,58170955064,53350179621,67560566262,185769684426,97739735682,40944856932,52996395635,37023805020,46472628826,53813320592,143510249018,134726825453,77677159159,153390647821,149091810887,164202797782,86582102091,52140986755,17740404113,29956439913,22944178458,20594324530,77160723868,95759679517,39698931129,32077681837,47743827012,37138412057,37383582987,42719532052,15426252512,13995849293,29273864293,73098734076,68871649725,26779052086,19591107977,23731301181,22620009835,14302265146,32831868137,35482381814,51726688741,37070833697,32898907565,23210288196,14776284568,31416406703,57895289509,73004942522,133019214394,140432059107,58416394173,40353115432,48267820413,79997536967,98276776371,157486015804,131900936229,148756908586,157219938172,94686257277,76855184173
  Domestic (Rs),157392044,154997355,235124647,122481338,179682855,652188903,1180282133,1358106365,693883560,736082330,2034475502,1779594601,2183423216,3331730662,1934670872,905497160,691150511,877299350,735956517,1003791442,2017134707,709593292,789239676,685557878,467375310,397722474,724474226,289002119,336780112,350145364,404284882,488009998,319326900,222026736,267271650,313441184,245919152,390096811,435554637,199818210,148634866,152460017,131776386,175903757,178657834,414623563,396360124,480288154,500413627,245267941,620561783,1227020270,1179401930,1406315198,1318260091,1086141826,950057934,832305929,601956026,687447095,943175088,1053643501,885770190,1276368921,2018987038,1141527779,891341571,950057934,626784027,467052808,1028944690,501839124,635328953,434212995,353249763,258862262,1322661364,580686343,1424118126,908387469,771887350,789513706,801902982,1035479374,580255311,1003996509,763140535,452431035,775535959,1432047411,1133454442,353716726,402599727,402242339,318060694,304366243,457319715,294403916,310558146,243639176,358158756,470467264,221335721,902265534,443275085,2093206172,1619248557,4018757538,971227988,1164971544,1868677662,871754954,2637836643,3914865863,1735451536,2008568686,4475753393,2633149322,1076418366,907167789,1434794151,844210321,945677949,2139834512,3766406951,9115611069,4048077125,3998699182,12400481865,11613801879,6540299749,3150413251,4015376056,3162038986,3505924890,2824269690,2713626995,3937249639,7527628692,5331027989,4236838492,4833582362,3080187016,3314921359,4994744280,6704280071,11588350083,6782536001,9033833585,3807503241,5732370362,9024940844,10675416055,10142769430,7832848639,3638472142,4173851695,5699044521,7327338959,4384208878,2843684172,5985590776,4685809124,3135391574,5836331695,7203961208,15038633762,4361076676,11244867785,9918051324,6738771760,1564104912,2737670807,2330580074,1562237364,5593685895,5066460104,7575189369,5497477267,3986620294,2351226165,5048718937,5787936311,5791817943,4477300239,5362105583,8977026196,3977555943,3058119054,2621464399,2444205287,899467908,2313852539,3240378012,5775861251,2009190869,8653049726,11453878224,6796871512,6479175919,15038319687,15094900070,8477598606,13677752224,18238948950,23901939432,23503725819,21225201947,25727577825,42466525758,46186945660,45781126070,76448310697,76497119337,25244257148,36582870376,69291358161,53547818860,44796783829,27252694263,44079996086,56748215335,29800029753,55472818693,51921534917,20917333099,18530864039,14599977088,15592287897,24162423531,21679980712,7012623102,5913908524,15815011793,6211049114,10244438595,28327146213,9988928433,7995354430,7594263601,12323390499,7533037872,11022188693,11365205387,22002145663,10152414395,7444053711,8234191150,7671292839,13007063886,8621097981,8827636167,14661636257,11511180660,7849317713,13160701433,15313038528,12757831392,26402755814,29188547575,34764761718,28411966178,33763252061,19004514605,17985979930,15977758901,12702707365,8319529890,20245032080,11661776940,16364823599,25361662392,10135983861,12656968293,8823320126,5912948672,8920686052,7495501527,10586919512,9648667211,8901291849,7163783973,8000417331,13441280695,9921298562,6227972401,5199273002,7025799139,7272395555,6858676833,8874044977,12616313944,12583190124,10462802611,8102163256,8172637294,14047907259,12728129068,10334312621,5043714514,8776778371,11814092721,18594595793,6282674108,8479153935,5609415890,4996031661,6358837447,6248077834,7963480414,17519554827,8734948092,6484749035,7366411788,5371112132,3610030526,6016677388,8176036986,15477117617,10733398704,7649447160,10556114191,19113378887,8446805347,9090221088,6008994177,4273104376,,15647738546,20945713690,20186983159,31142195129,43511957908,53564423770,50222423633,63693124173,178067380225,92687852025,29923190322,49028351104,32579172902,43382669648,47678819817,139738912606,128808785270,76027360607,149265564148,145627615500,147506864371,84552824564,50182330402,16600421725,28628760131,21634945499,19325472778,73212501095,84776287593,37677261859,30170940050,40152464553,35723782093,32915637989,37494304161,13555603221,12491855230,27249671723,68044484704,61996403813,25040002123,16674619287,19510427452,20668446676,11674878481,18428693020,31777981480,47337235711,33713816570,29799380421,17127278906,13609432250,29659747569,54801004047,69204453890,127248798361,131968610410,52379502073,37259817282,44764087406,73768517637,93495821759,148575649160,125246250048,136127173748,148757934081,89923647137,74135566171
  Foreign (Rs),205423434,151256124,259218902,243961732,336028499,613872783,1046732381,658034996,1218667838,1195094279,1936987866,1429786488,2316449352,2178602395,3533278678,1200694553,892681679,1457356565,1346515757,1219822128,1942241724,969065958,791245436,809194421,438313137,570132870,883069029,413652343,892945904,847824248,439366975,780496874,233825399,160414222,520152865,486454689,631785385,517939002,505336432,263721951,151961405,224346452,114882545,130415180,327216002,392875193,490120521,301994169,252267826,200020431,375976337,1015587437,817774334,753036104,750540214,716782346,350817747,836683735,676347248,642207426,455518122,654337438,611217109,520095482,781121174,842095076,671661594,350817747,310471664,275346408,792249677,195204070,341033493,213679182,366968571,236489024,577123169,462659396,697080338,505309748,451860278,428102058,737617247,508545958,221482347,360843152,430523670,213827182,317641742,431284343,453055282,208738554,99063557,125199197,139962634,125953571,190976515,67583590,129997452,151323661,187765739,187351901,77517029,523295727,84581726,301367049,349566991,372997850,360633789,221041871,599173328,412112991,648382506,1289903915,258541043,1043655666,608065609,300254625,309854682,204828176,506792103,152494785,614215671,192804980,1056084254,1399647213,1209472947,1110828484,4130402038,1977044815,948768269,540906332,539067231,774816838,517519512,662350824,1012097207,1221024995,1918104213,524749828,1328870124,781894462,529679644,916243608,1367182562,1347891130,1625014805,1643509614,1259523658,904135590,2191887855,3117733964,2667169764,3422729881,3744960927,1339406973,3723036167,1668101401,4034661247,1841288076,1334398387,1222562377,1652426039,2557212442,1468108992,2969079987,9197475287,2810495817,3690607660,4354002737,2991951969,2670988348,9799162813,2961414849,938247158,2245985066,3461896570,3128743772,2812842504,2113834561,1067347403,2576581730,3866463896,40523210975,961549177,501065333,4605811435,2363889330,1025409852,876380003,849760184,439478153,370676944,1030288361,4474827314,634744572,4878359564,4743791347,2614037976,2496695184,4003166159,4014007987,3910941570,10280282117,9537530606,4474714587,9219566795,5435410420,8734682888,10764625011,9283384746,8406135298,10716203423,13653010674,5852781094,6586221509,6101004539,6940036408,8021055873,3853116691,5553539905,4437853967,4731838536,3770777426,6115559482,4323780050,2132803110,3315052389,3509544784,5294260263,11471363155,1995481492,2459998029,1947012564,2700150967,3094994305,5163110520,4774654495,6126287937,4752924152,12156472919,8300377925,6264780105,5257000995,6502493962,7391059580,3454239148,5652132056,4663490323,4617487958,4005770697,3998777891,7601521911,6389453670,4626817217,7846619521,8253295675,5769939964,7913756778,11346385754,11384224286,10633280300,7044686807,5317636052,6866669681,8164393856,4568945029,5001485205,7079988150,4410462238,9154796578,8843525772,5704877130,8062901085,4666170676,14578302854,5295677355,5226080335,7322424329,4608204066,8303093422,3897452483,3993034986,7290336384,5360454968,3623595537,3070184360,16403984426,6336136168,5695478716,10524168412,13545226035,4913491244,10849306724,6428553820,5766131101,12525135892,11100772129,9911540704,5899008358,8681329362,7699118863,14838905318,5378595695,7262720344,5977265454,3653315911,5668207893,4668142916,9644875323,7268548026,7950172253,5672374591,6827824940,6033112718,4213583071,2359215872,1658137350,9548947053,3947210434,7165651420,10556114191,6261787472,2727177584,28712482486,2387756203,2051524432,,7161554435,8126213057,6392297787,5717414397,6443662231,4606531294,3127755988,3867442089,7702304201,5051883657,11021666610,3968044531,4444632118,3089959178,6134500776,3771336412,5918040182,1649798552,4125083673,3464195387,16695933411,2029277527,1958656353,1139982389,1327679782,1309232960,1268851752,3948222773,10983391924,2021669270,1906741787,7591362459,1414629964,4467944998,5225227891,1870649291,1503994063,2024192570,5054249372,6875245913,1739049964,2916488690,4220873728,1951563159,2627386665,14403175116,3704400333,4389453031,3357017128,3099527144,6083009291,1166852319,1756659134,3094285462,3800488632,5770416032,8463448696,6036892100,3093298151,3503733008,6229019329,4780954612,8910366644,6654686180,12629734838,8462004091,4762610140,2719618003
Market Days (No),18,19,23,17,17,21,22,20,21,21,22,20,19,18,23,16,18,21,20,20,20,19,20,20,20,18,22,18,21,21,20,22,19,20,21,18,20,20,20,18,19,20,21,21,20,23,21,19,20,18,20,19,19,20,22,20,20,22,19,21,19,17,21,19,18,21,21,20,22,21,20,21,19,19,21,17,20,20,21,20,22,21,21,20,18,20,23,15,20,20,21,22,20,21,22,19,20,18,21,19,20,20,21,22,20,21,21,17,20,18,18,19,20,19,22,21,20,23,19,19,20,18,20,18,18,21,23,20,21,21,19,21,19,17,23,17,18,21,21,22,21,20,20,21,18,18,21,18,19,21,20,22,22,20,19,20,19,19,22,16,20,22,20,22,20,20,22,19,20,17,22,16,20,21,22,22,19,22,21,19,20,19,18,19,19,20,22,21,22,20,19,19,20,17,21,18,18,22,22,20,20,22,20,20,17,19,22,17,19,20,22,21,20,20,19,22,20,17,22,17,19,21,20,22,21,19,20,21,21,18,21,18,21,20,21,21,20,22,20,19,20,18,19,20,21,20,22,20,20,21,21,20,20,17,21,19,19,20,22,21,21,20,19,22,18,17,21,19,19,21,21,21,21,21,19,21,19,19,20,18,20,22,19,22,20,21,21,19,21,18,23,17,20,20,21,22,19,20,21,19,20,18,20,19,21,19,21,22,19,22,19,20,21,18,19,19,21,19,22,20,20,23,19,20,20,18,10,,14,21,23,20,21,20,21,21,18,18,22,18,18,18,20,22,21,19,20,23,19,18,21,11,17,21,20,22,22,19,21,20,20,22,20,16,21,20,20,21,19,22,22,19,20,19,19,19,20,18,23,21,19,21,20,21,20,19,19,19,19,20,22,20,21,21,19,21
Daily Average Turnover (Rs) Equity,20156415,16118604,21493197,21555474,30335962,60288651,101227932,100807068,91073876,91960790,180521062,160469054,236835398,306129614,237736936,131636982,87990677,111174091,104123614,111180678,197968822,88350486,79024256,74737615,45284422,56932667,73070148,39036359,58558382,57046172,42182593,57659403,29113729,19124223,37599155,44438660,43885227,45401791,47044553,25752231,15820856,18840323,11745663,14586616,25293692,35108642,42213364,41172754,37637073,24738243,49826906,118031985,105114540,107967565,94036378,90146209,65043784,75863167,67279120,63316882,73615432,100469467,71285109,94550758,155561567,94458231,74428722,65043784,42602531,35352344,91059718,33192533,51387497,34099588,34296111,29138311,94989227,52167287,101009451,70684861,55624892,57981703,73310487,77201267,44540981,68241983,51898444,44417214,54658885,93166588,75548082,25566149,25083164,25116264,20819242,22648411,32414812,20110417,20978838,20787518,27296224.75,32890958.2,14231083.333333334,64798239.13636363,26392840.55,114027296.23809524,93753121.33333333,258338552,66593089,77000745,137102833,67624681,164310957,273935251,90636026,145344017,254190950,127539302,72961739,58526103.421052635,97079313,55372506,77994681,129591083,267916178,500726585,228589134,255476383,787184948,647183176,394161475,175777123,239707541,231579754,174932365,205095324,206984678,245632125,449796805,266171719,265033744,280773841,180493333,201484046,353440380,447342845,629207852,468113645,541755644,224363754,396212911,551939764,606935719,678274966,609358398,248893956,415625677,387744522,516454555,389093560,208904128,327643325,316911758,258754728,365222034,508652060,1101641320,377451184,746773772,839532592,442305624,264693329,626841681,251999758,113658387,356348680,448860878,486542415,395729513,321076571,170928678,401331614,536355567,2437633101,286255235,293158546,617401711,301973584,185614950,174892220,173366604,70470845,134226474,251215669,488128027,146885302,751744961,736257708,427768613,448793555,952074292,868586730,619427009,1197901717,1633910562,1493508106,1487422392,1568271316,1813803195,2661557538,2521378655,2580352303,4358225706,4507506501,1636686223,1962231449,3769618135,3558109133,2400810896,1829753586,2612291368,2913622348,1726593414,2692890733,2763671162,1328479639,1033183357,853096642,909611080,1636482433,1578635422,500450255,398757455,888101218,424342861,635211090,1674512837,671071951,706082118,649851987,1223993171,879634211,909840463,831110319,1357363792,877173699,495376948,694316160,616739158,839264374,601279461,641320703,1113157908,1052978490,594101663,1105648471,1240333379,926388568,1559841481,1930234920,2197570762,1952262324,2147786256,1105552303,1380702756,1420126633,822459638,701106058,1438158959,765344723,1215220008,1628818484,754326714,986660447,709973200,975773882,748229653,669979773,895467192,792048404,860219264,502783475,631234332,942346231,764087677,469122283,393783684,1233146503,648025320,697453086,843400582,1538914116,874834068,1065605467,691938908,633580382,1398581219,1191445060,964088254,575932783,872905387,1084067310,1671675056,613751042,749613061,609825334,411873694,546683879,574537934,800379806,1304636992,834256017,578910649,788568707,600222361,411769137,398852060,517588123,1137548394,734030457,740754929,719468257,1335535071,558699147,1890135179,466486132,632462881,,1629235213,1384377464,1155620911,"1,842,980,47","2,378,839,05",2908547753,2540484744,3217169822,10320538024,5429985316,1861129861,2944244202,2056878057,2212982325,2690666030,6523193137,6415563117,4088271535,7669532391,6482252647,8642252515,4810116783,2482904131,1612764010,1762143524,1092579927,1029716226,3507305630,4352712705,2089417428,1527508659,2387191351,1856920603,1941796911,1869179149,964140782,666469014,1463693215,3654936704,3279602368,1409423794,890504908,1078695508,1190526833,715113257,1727993060,1867493780,2722457302,1853541685,1827717087,1009142965,703632598,1653495090,2756918548,3650247126,6334248304,7021602955,3436258481,2123848181,2540411601,4210396682,4913838819,7158455264,6595046811,7083662314,7486663722,4983487225,3659770675
Trades (No) Equity,6003,6626,10224,9382,9960,17985,30214,25069,18327,20025,42899,34978,43481,52397,46558,20146,23328,28156,28114,3103,52440,28026,28566,22201,21120,18792,24432,12112,19735,18590,14060,16348,11644,9607,12498,7342,7553,7716,10977,5710,6168,6609,6242,7087,7254,13404,12432,7041,13676,8077,9951,20487,15493,17227,24603,22908,33908,14836,22268,21852,13395,13338,28739,29832,39304,37230,44190,33908,24526,15451,25507,23656,20767,17041,12919,7792,15179,11941,18749,26688,26538,17907,10510,19729,19156,17326,15158,7575,14543,15030,17396,11863,10598,11613,12103,7948,7659,5624,7353,4869,5707,8266,6188,8929,6582,25938,30454,42154,18587,17283,16761,10196,22280,30864,21288,23936,54807,39410,16788,10926,24408,12121,11567,19566,20482,62970,38138,36737,67382,93865,65846,29872,39056,33230,36576,31545,46957,54654,96118,77697,73521,77022,39790,39937,58945,84821,143284,85919,122357,54699,64712,99252,111205,106868,100209,68180,65784,87096,102773,76185,54845,82978,81685,57707,91406,88353,113115,50460,95083,94062,73370,33623,46158,38697,37061,69804,86423,116134,112901,73612,60121,100678,87041,70924,68345,63906,55558,83870,57114,59376,46610,22701,79869,35651,37394,53868,113911,170154,107885,105990,189762,191809,72185,107821,183566,236947,174924,210289,210697,308817,381291,361401,529329,305140,179330,273394,624682,418449,335730,254386,412175,485625,348878,555141,486586,252046,220425,185229,218569,218342,113799,86128,112004,149449,101993,139406,407993,141396,91771,76534,122645,86337,85807,154025,224538,114751,93908,91461,118529,152472,101443,75387,177056,91147,79012,102601,116771,127421,223593,255768,264350,207630,233968,103392,147116,132291,100581,108322,158055,124085,136032,188097,120118,142128,87992,61973,88074,64658,83010,106605,109940,81370,103124,133176,112244,76149,54791,43708,50722,47075,65508,89494,104904,100413,101594,71791,95563,129101,74562,51250,60946,108986,100869,66048,80737,61406,66773,64747,65284,70099,81202,58560,82896,55363,57216,52715,66238,54926,158594,122378,95928,155223,183313,112415,97094,79992,76943,,138473,201301,244701,257526,432743,549189,484627,507432,962957,575089,331453,396672,333058,484399,451149,951075,804206,646015,1091782,1103653,1120079,819556,497155,173440,311049,266294,276457,717297,763750,426457,338209,347490,381483,404090,314245,198068,205899,250576,538908,515259,251092,235648,181790,141902,154754,167432,293409,366816,292835,193500,173656,157203,241872,347741,376399,758450,772389,384823,258621,326872,392155,641100,828098,808199,852384,877355,693454,657545
  Domestic (No),0,0,0,0,0,0,0,0,0,0,0,0,0,0,37436,16868,17741,22160,22636,24493,43924,23944,23184,18003,17333,15329,19112,9880,15468,13905,12370,13896,10591,8585,11410,6469,6736,6617,9506,5134,5538,5957,5673,6488,6571,12144,11176,6239,12358,7364,9142,18486,14543,15973,22924,22271,32637,13574,20764,19420,12346,11953,27510,28038,37358,35373,42057,32637,23135,14676,23979,22611,19669,15974,12007,7168,14244,11215,16998,25296,25538,17223,9746,18540,18048,16383,13995,6887,13473,14150,16057,11331,10046,11020,11215,7269,7330,5261,6949,4565,5188,7721,5960,8215,6262,25068,29221,41100,17943,16738,16114,9771,21466,29844,20152,22655,53446,38314,16218,10506,22899,11439,11120,18914,19465,60317,35814,34753,64286,89971,63363,28570,37124,31444,34517,29647,44652,52219,91649,74969,68663,72938,37630,37221,55052,80172,137485,81624,117280,52559,57117,91370,104679,102306,94107,64784,61423,83210,97891,72893,52059,79490,78563,55317,88459,84722,106840,47360,90249,88597,69554,31963,42435,35719,34742,66335,82091,111166,108591,70225,56616,94028,81120,66218,64925,61581,52522,78640,53553,55413,44289,21513,75410,33060,35137,50033,103765,159965,101679,100039,180772,182098,67727,101141,172994,227350,167270,200588,202935,296012,369068,349685,509607,292929,172596,264010,608337,406570,324588,247295,401571,473085,340085,545070,476899,245725,214637,179544,212147,212073,108657,82059,107098,145182,98840,135434,397340,136982,88171,72886,116317,81197,80928,148172,215011,109493,89170,86244,113999,147205,96537,71092,169036,86507,74332,97933,111387,121307,215638,248079,254299,198218,224301,98519,138992,123684,94769,103469,151476,118886,130137,180103,114892,136377,81688,57277,82955,60420,78297,101828,104102,76437,98578,126644,108211,73069,51383,40544,47356,44086,61390,83507,100468,94970,95758,67552,91206,123475,70472,48000,57442,103483,96922,62200,76043,57574,62898,60510,61117,67003,77868,55713,80299,53163,54930,50409,63204,52153,152211,118315,92904,148455,177067,107369,93023,76157,72271,,123857,188792,233983,246888,420898,539157,473822,499230,947442,564521,322002,388359,325590,475391,441866,940401,795134,638509,1078480,1092119,1106222,810820,490645,170350,305639,261749,272017,706691,753626,420512,332676,342391,377001,395813,307955,193282,202537,246702,529226,504255,246079,229161,175804,136226,149350,162266,286939,359354,287362,188953,167920,153012,235925,340969,368970,744523,759226,376379,254026,320375,384133,632024,819441,799102,841311,865904,682827,649639
  Foreign (No),0,0,0,0,0,0,0,0,0,0,0,0,0,0,9122,3278,5587,5996,5478,6510,8516,4082,5382,4198,3787,3463,5320,2232,4267,4685,1690,2452,1053,1020,1087,873,817,1099,1471,576,630,652,569,599,683,1260,1256,802,1318,713,809,2001,950,1254,1679,1637,1271,1262,1504,2432,1049,1385,1229,1794,1946,1857,2133,1271,1391,775,1528,1045,1098,1067,912,624,935,726,1751,1392,1000,684,764,1189,1108,943,1163,688,1070,880,1339,532,522,593,888,679,329,363,404,304,519,545,228,714,320,870,1233,1054,644,545,647,425,814,1020,1136,1281,1361,1096,569,420,1509,682,447,652,1017,2653,2324,1984,3096,3894,2483,1302,1932,1786,2059,1898,2305,2435,4469,2728,4858,4084,2160,2716,3893,4649,5799,4295,5077,2140,7595,7882,6526,4562,6102,3396,4361,3886,4882,3292,2786,3488,3122,2390,2947,3631,6275,3100,4834,5465,3816,1660,3723,2978,2319,3469,4332,4968,4310,3387,3505,6650,5921,4706,3420,2325,3036,5230,3561,3963,2321,1188,4459,2591,2257,3835,10146,10189,6206,5951,8990,9711,4458,6680,10572,9597,7654,9701,7762,12805,12223,11716,19722,12211,6734,9384,16345,11879,11142,7091,10604,12540,8793,10071,9687,6321,5788,5685,6422,6269,5142,4069,4906,4267,3153,3972,10653,4414,3600,3648,6328,5140,4879,5853,9527,5258,4738,5217,4530,5267,4906,4295,8020,4640,4680,4668,5384,6114,7955,7689,10051,9412,9667,4873,8124,8607,5812,4853,6579,5199,5895,7994,5226,5751,6304,4696,5119,4238,4713,4777,5838,4933,4546,6532,4033,3080,3408,3164,3366,2989,4118,5987,4436,5443,5836,4239,4357,5626,4090,3250,3504,5503,3947,3848,4694,3832,3875,4237,4167,3096,3334,2847,2597,2200,2286,2306,3034,2773,6383,4063,3024,6768,6246,5046,4071,3835,4672,,14616,12509,10718,10638,11845,10032,10805,8202,15515,10568,9451,8313,7468,9008,9283,10674,9072,7506,13302,11534,13857,8736,6510,3090,5410,4545,4440,10606,10124,5945,5533,5099,4482,8277,6290,4786,3362,3874,9682,11004,5013,6487,5986,5676,5404,5166,6470,7462,5473,4547,5736,4191,5947,6772,7429,13927,13163,8444,4595,6497,8022,9076,8657,9097,11073,11451,10627,7906
Shares traded (No) Equity,6207967,7103780,9809809,13884246,12002564,24643853,49199773,38264006,30092175,36455073,69048435,54446328,67233443,68571988,63733185,28964391,26326204,30474484,29858275,35396067,66676020,30519165,25453274,32903854,19245349,26839622,35897809,17036588,42659676,30494103,20507063,22961414,18246643,16581684,24002244,43028761,22654648,18317024,23561940,15136421,10674722,10452163,11766454,11829822,14324791,31698811,30448395,25686942,24168068,16666273,37626753,65149697,53431989,42808834,60533634,63218669,42482054,41758804,33546709,27887035,35813317,47754589,46900429,57482036,63725295,70537248,64169249,42482054,42696508,45956709,86044502,30671685,28673806,32802456,29271569,16211823,78223219,24718350,56143739,54076028,43981962,39201261,38404108,44114002,21059112,46016282,40589407,23724500,39562317,42386991,89101077,35370636,35904422,27471737,25927766,21473800,27825627,15396926,21165055,25121102,22122815,44257480,20684895,117166321,34429700,101472761,127501112,189817966,72005457,75993546,114294177,41376948,88468364,196466759,82213222,75827357,235535905,143077653,51829124,42955694,80144899,47740044,39566589,87647533,87880400,274393812,124099571,137268808,483693546,496318007,270251743,126492546,132034288,104435425,109463021,128926007,228824223,269667563,486390023,422777727,282973737,278125226,150900382,157517817,238300535,553152040,932382531,310252941,436073517,175732504,362597978,654793848,394589143,414625317,422312224,233465661,283475235,217292556,362569687,261260899,166190973,290136739,626577044,275154815,328704977,306215786,646549778,148219261,337627585,337941455,245807745,81569117,427532234,192688731,107155533,211384005,278015898,257309480,315617690,146110023,126076817,310853763,324148518,1042796082,171380172,225311362,227452868,239785189,165111555,163586631,129255600,63376851,173332836,195387516,193270748,130009416,577524438,537432344,367096212,300698648,829870323,940797734,312398689,371180762,713665339,973002943,963564849,970867065,1118381530,1644658010,2963712632,1616816278,2187963625,1420372613,1545066425,2347692630,3742823625,1490200558,1423174666,873553034,1976601265,4364160681,1615412185,2258586436,3735655729,1230253031,1181740861,651538711,969441177,978235586,629779989,529793137,524138141,725683110,488281137,603236493,2061722613,647731512,1048908015,484285724,784827893,544304991,625016632,815544118,919851475,518168104,472288232,612914410,835374163,1160887506,1004593055,760423243,1397631813,869477709,422858098,614853604,1338508821,1105794476,1911800728,2349049424,1995990695,1819608641,1984135113,911815087,994349572,931690407,652305812,631628339,804425805,697916408,813352834,1360549617,502446644,651212823,492052901,882729886,591697848,687063810,839324386,598560027,534183555,483733728,838242324,714414934,733035382,478898750,296688758,399961943,669550669,430839433,668695966,997868058,800584789,835255807,769848427,774794475,850230994,752360688,584320361,333923944,427188620,721889360,873167172,407356711,605193001,338387154,430202901,349869064,336522846,433711283,714732353,362516841,328378096,350405534,267910499,230327492,420179314,648751496,3351149390,697289492,1002774114,957495147,1025343878,575011551,746165616,287743951,312790721,,878186767,1091331900,1126640466,1601334066,3442643309,3884782143,2333664737,5643444979,10216515699,5348966628,2085939291,2129973259,2285237152,1812491877,3149756597,6191641412,6428200070,3794973940,6393891243,9934101370,7045262943,3248893381,2405224841,914116528,1946122875,1193665278,1133300459,2797241880,3594930060,1553359104,1285414687,1930286206,1986189894,2120690903,1398392054,772923542,786691387,1263675141,2825467412,2160953482,970460937,921063530,715649569,1066669539,627538779,863547379,2217047167,2469852706,2018574383,1057342645,937938008,626988502,1302754144,2091216730,2681732353,6355161272,5883566722,2004212343,1481363137,1863653053,2898334661,4472882851,5942149181,4778985811,5169330485,6670584189,3016117404,2465153312
  Domestic (No) ,0,0,0,0,0,0,0,0,0,0,0,0,0,0,29961130,15025878,12963776,15932572,12729116,19154409,36224346,15228568,14901054,15342806,11724950,12333320,15051092,7745717,14185263,11228211,12478547,12838704,12345052,11131458,13297523,19308167,11990629,8650170,13613428,7844958,6420428,6629519,7240655,8256611,8165403,19578553,17948622,15970437,17720824,9101971,22549739,37034495,36094734,28718850,43015319,45698244,30752373,25805275,22394109,18883965,25864454,30897991,28392146,40096640,50263714,39856348,32517483,30752373,30567934,32051189,58149844,25969723,23953921,25755644,16831186,9789280,52772472,17436681,38793389,41872208,36588157,30070322,29724284,33374569,17244079,36974604,34821692,19911408,34705266,35036446,57398413,26852863,29699392,21402919,19543417,16308658,21512847,12157670,16875458,15521976,17327180,32756533,16230797,71171663,26048556,92804490,106746518,177517354,63145442,67828589,102474268,34526595,75843327,121245741,73078573,59743059,217446267,135639215,44745387,39249193,58396794,43203099,31277657,79950634,73115191,236971935,103124602,111493591,381349890,448890427,244747782,119926231,120790628,90911868,98167822,110904545,202167212,243607045,446071001,405417536,243289152,249517836,133892190,134745268,199815799,490497915,867127741,264408400,396166128,157944515,255410464,531789423,330825015,304010268,330314186,184905069,199922982,175185213,282692191,202745801,127983024,253359544,571152997,231133206,302492944,264391042,449423208,117698547,295424887,275640180,199676152,56696055,108401929,116132005,78021305,182701224,191326397,188974914,229584519,117993080,95480647,219524965,243170939,231452754,152958914,209160308,185513290,186711356,144414181,136717202,107139759,53404384,149226684,91204342,138342029,102821849,315605294,450136457,268861578,259587518,744138978,865946496,264742976,287334638,601233910,820232155,818749916,842330479,991053709,1424048944,2800922751,1459988507,1998200206,1304399569,1450980954,2160596723,3581359544,1398112537,1276544480,814336589,1868994099,4146887656,1530198051,2163305105,3577413059,1112277729,1107774167,574381237,904302950,899407182,546890387,488517538,482776192,668492371,407057693,561948026,1911143827,446555127,677799717,294646816,633986433,369576838,556591277,653037591,826256838,457886211,412812216,540367071,770065620,1041317217,910174438,689451066,1278921413,749812027,349653052,552545086,946320289,1015761658,1801797264,2137920713,1809302918,1515155690,1740594716,828333929,894119329,805143753,568133745,524577782,716480670,593214392,596289256,1193785854,428858886,518530766,388953649,465069722,440227713,462558123,726817246,515126238,410343392,415667306,711835721,583084493,640612898,422538718,259099388,188187713,269122269,296565009,495771514,833688685,702015986,701574038,653560524,697196717,636931049,611954807,362583533,267410827,360564024,613647906,697579010,332863605,466228053,243365450,381065746,283059668,274716578,310249247,638002630,219481245,268085261,242045128,185997649,143580476,359427431,604942655,1927941668,608909560,654565074,702728239,874340670,518790872,491683361,246298425,264388800,,702330278,807853727,971282459,1498436564,3240780155,3785267107,2271065445,5527881184,10047654543,5281681705,1463731588,2046090148,2122556006,1739911888,2958674851,6094752833,6323383919,3739463615,6282788363,9804509673,6771603411,3194711220,2347856574,896721922,1910277550,1151042598,1094237060,2703120344,3484802239,1518773678,1219183118,1930286206,1942427353,1774477930,1325572982,705289991,750642691,1216782315,2708960331,2022911933,919090642,860848483,651175050,1011265185,564046949,720751736,1816159442,2295348404,1886059396,963406812,713322693,597827687,1224493908,2003536488,2556411860,6036774293,5609178322,1854507381,1402935355,1753015000,2699820212,4336045242,5504479490,4664231366,4825972466,6508856403,2901325040,2377262827
  Foreign (No),0,0,0,0,0,0,0,0,0,0,0,0,0,0,33772055,13938513,13362428,14541912,17129159,16241658,30451674,15290597,10552220,17561048,7520399,16506302,20846717,9090871,28474413,19265892,8028516,10106362,5901591,5444226,10070221,23720594,10664019,9666854,9948512,7291463,4254294,3822644,4525799,3573211,6159388,12120258,12499773,9716505,6447244,7564302,15077014,28115202,17337255,14089984,17518315,17520425,11729681,15953529,11152600,9003070,9948863,16856598,18508283,17385396,13461581,30680900,31651766,11729681,12128574,13905520,27894658,4701962,4719885,7046812,12440383,6422543,25450747,7281669,17350350,12203820,7393805,9130939,8679824,10739433,3815033,9041678,5767715,3813092,4857051,7350545,31702664,8517773,6205030,6068818,6384349,5165142,6312780,3239256,4289597,9599126,4795635,11500947,4454098,45994658,8381144,8668271,20754594,12300612,8860015,8164957,11819909,6850353,12625037,75221018,9134649,16084298,18089638,7438438,7083737,3706501,21748105,4536945,8288932,7696899,14765209,37421877,20974969,25775217,102343656,47427580,25503961,6566315,11243660,13523557,11295199,18021462,26657011,26060518,40319022,17360191,39684585,28607390,17008192,22772549,38484736,62654125,65254790,45844541,39907389,17787989,107187978,123004425,63764128,110615049,91998038,48560592,83552253,42107343,79877496,58515098,38207949,36777195,55424047,44021609,26212033,41824744,197126570,30520714,42202698,62301275,46131593,24873062,319130305,76556726,29134228,28682781,86689501,68334566,86033171,28116943,30596170,91328798,80977579,811343328,18421258,16151054,41939578,53073833,20697374,26896429,22115841,9972467,24106152,104183174,54928719,27187567,261919144,87295887,98234634,41111130,85731345,74851238,47655713,83846124,112431429,152770788,144814933,128536586,127327821,220609066,162789881,156827771,189763419,115973044,94085471,187095907,161464081,92088021,146630186,59216445,107607166,217273025,85214134,95281331,158242670,117975302,73966694,77157474,65138227,78828404,82889602,41275599,41361949,57190739,81223444,41288467,150578786,201176385,371108298,189638908,150841460,174728153,68425355,162506527,93594637,60281893,59476016,72547339,65308543,119570289,94418617,70972177,118710400,119665682,73205046,62308518,392188532,90032818,110003464,211128711,186687777,304452951,243540397,83481158,100230243,126546654,84172067,107050557,87945135,104702016,217063578,166763763,73587758,132682057,103099252,417660164,151470135,224505687,112507140,83433789,123840163,68066422,126406603,131330441,92422484,56360032,37589370,211774230,400428400,134274424,172924452,164179373,98568803,133681769,116287903,77597758,213299945,140405881,221736828,66513117,66624596,108241454,175588162,74493106,138964948,95021704,49137155,66809396,61806268,123462036,76729723,143035596,60292835,108360406,81912850,86747016,60751883,43808841,1423207722,88379932,348209040,254766908,151003208,56220679,254482255,41445526,48401921,,175856489,283478173,155358007,102897502,201863154,99515036,62599292,115563795,168861156,67284923,622207723,83883111,162681146,72579989,191081746,96888579,104816151,55510325,111102880,129591697,273659532,54182161,57368267,17394606,35845325,42622680,39063399,94121536,"110,127,82",34585426,66231569,80237600,43762541,346212973,72819072,67633551,36048696,46892826,116507081,138041549,51370295,60215047,64474519,55404354,63491830,142795643,400887725,174504302,132514987,93935833,224615315,29160815,78260236,87680242,125320493,318386979,274388400,149704962,78427782,110638053,198514449,136837609,437669691,114754445,343358019,161727786,114792364,87890485
Companies Traded,129,134,137,132,132,148,145,158,149,158,155,156,169,162,164,148,152,156,167,160,166,176,172,172,175,167,178,149,152,159,167,168,161,161,165,172,183,152,157,155,157,162,160,159,163,159,197,169,174,164,175,171,178,178,187,194,184,177,172,179,175,178,197,179,171,179,176,185,180,183,175,183,191,189,183,172,184,191,197,192,185,182,183,182,176,186,190,172,180,183,193,205,180,177,190,175,179,165,197,189,179,184,191,181,180,188,188,193,189,188,189,189,190,200,200,200,207,204,202,200,201,190,191,194,204,206,205,200,211,207,205,207,199,191,214,196,210,218,220,220,218,218,218,217,221,226,224,216,218,233,220,221,223,223,223,220,218,221,221,217,157,221,225,225,225,229,224,225,225,227,228,223,226,225,222,225,225,226,225,222,226,226,228,227,227,227,227,227,228,225,226,215,221,217,223,220,220,224,221,221,221,222,220,222,225,225,226,226,227,229,231,232,231,232,231,237,232,239,236,239,244,250,254,256,257,261,263,260,263,264,268,267,267,273,275,276,279,273,275,276,276,276,277,275,275,276,277,277,276,277,276,276,277,278,279,276,279,280,281,282,281,279,277,277,274,276,272,275,274,276,275,275,274,275,273,272,272,270,269,269,270,269,270,271,270,269,269,271,271,273,274,275,276,277,277,276,276,274,276,271,275,278,276,276,275,274,275,275,273,272,273,271,267,267,264,265,265,265,266,264,265,266,264,265,260,261,257,,261,262,261,261,261,265,266,265,265,265,265,260,261,262,262,263,265,265,268,275,277,276,277,274,270,272,273,271,275,275,274,271,268,270,269,269,270,265,265,266,267,267,267,268,268,267,267,268,268,268,269,270,270,271,271,271,269,268,269,269,269,270,270,270,270,271,272,273
Companies Listed,191,182,194,196,196,196,195,195,195,197,197,200,201,201,201,202,203,206,207,208,212,212,213,215,217,221,222,224,225,224,224,224,224,224,224,226,230,231,232,232,232,232,232,233,234,235,235,235,236,236,235,235,235,235,235,236,236,236,237,239,239,239,240,240,241,243,244,244,243,243,243,240,240,237,238,238,239,239,239,239,239,239,239,237,238,238,237,237,237,237,238,238,237,237,238,239,240,238,238,237,237,237,237,237,237,237,238,238,239,240,239,240,242,242,241,240,240,239,238,238,238,238,239,240,240,240,240,239,240,241,244,244,245,244,241,241,241,241,238,238,240,240,241,242,241,241,241,242,242,243,241,240,237,237,237,239,237,237,235,235,236,236,236,236,236,236,237,237,237,237,237,237,237,237,237,237,237,236,235,235,235,235,236,234,234,233,234,234,234,234,234,235,236,236,235,235,234,234,232,232,231,231,231,232,231,231,232,233,234,235,235,237,237,239,240,241,243,244,246,247,250,259,264,266,267,269,272,272,276,277,278,279,281,284,285,285,287,287,287,287,287,287,287,286,287,287,288,288,288,288,288,289,290,291,293,293,293,294,295,295,293,292,293,294,294,295,296,297,297,297,297,296,296,294,294,294,295,295,294,294,294,294,294,295,295,295,294,295,295,295,295,295,296,296,295,295,295,295,296,296,298,299,299,299,299,298,297,297,297,297,297,297,297,297,297,296,291,291,290,290,290,290,289,289,289,290,289,,289,289,287,286,285,285,285,283,283,283,282,283,284,285,285,287,287,288,290,296,297,298,296,294,294,295,294,294,294,292,292,290,290,289,289,289,289,289,289,290,291,290,290,290,286,286,284,284,284,284,285,286,284,284,284,284,284,284,284,285,286,286,286,286,286,284,284,285
All Share Price Index,565.65,564.37,572.83,541.85,558.99,613.55,724.79,738.55,730.82,807.02,952.54,978.97,1127.17,1375.12,1190.33,1050.85,1014.93,981.73,976.47,1048.58,1143.23,1093.65,1079.03,986.73,959.98,812.42,834.88,745.14,693.8,739.07,744.45,721.09,654.83,655.16,655.87,663.73,666.6,671.02,677.17,650.89,647.52,594.47,555.16,559.24,580.7,608.49,606.87,602.97,621.63,620.5,637.5,739.6,732,791.9,869.7,814.8,779.9,728.5,671.4,702.2,662.1,694.9,712.8,782,682.3,580.9,596.3,496,499.1,498.9,575.3,597.3,572.7,569.1,534.6,548.7,546.8,517.6,571.1,561.4,568.7,531.3,554.5,572.5,555.5,541.5,494.5,476.5,478.5,513.6,510.7,496.7,523.3,494,434.3,447.6,439.5,442.2,423.6,416.4,420.8,428,418.3,407.3,403.6,505.6,537.5,621,562.2,603.9,617.6,617.2,684.7,711.4,700,752.1,856.5,820.3,802.4,815.1,793.5,748.5,739,824.4,858.7,1048.9,1045.8,1082.6,1292.4,1416.4,1206.3,1062.1,1211.1,1224.9,1284.2,1212.3,1319.3,1358.5,1454.4,1370.4,1450.8,1534.4,1499.4,1506.9,1650.7,1715.1,1751.9,1829.6,1936.1,1897.8,2047.21,2145.02,2434.4,2516.47,2292.46,1922.21,2138.97,2212.69,2264.4,2263.44,2203.82,2114.37,2196,2200,2383.4,2454.3,2777.73,2722.36,2924.25,2982.89,2789.81,2811.29,2508.3,2572.2,2442.1,2526.59,2556.62,2615.23,2560.16,2540.99,2446.13,2530.86,2550.47,2632.96,2538.37,2457.84,2463.41,2408.64,2142.26,1821.53,1639.94,1503.02,1821.24,1694.14,1638.1,1838.45,2215.96,2432.15,2525.7,2607.65,2938.64,2976.93,2913.39,3385.55,3636.4,3807.9,3724.6,4188.88,4237.16,4612.46,5161.18,5658.01,6997.22,6678.05,6434.85,6635.9,7174.87,7797.96,7226.12,7356.97,7418.07,6825.94,6845.38,6879.29,6783.55,6319.25,6087.4,6074.42,5693.92,5458.09,5420.2,5419.2,4832.15,4965.77,4944.86,5180.15,5971.99,5513.64,5351.25,5643,5816.89,5635.9,5735.68,5953.19,6463.06,6121.01,6037.22,5834.04,5803.32,5954.62,5775.09,5912.78,6248.08,5940.31,5968.31,6223.67,6263.46,6378.62,6813.9,7034.09,7252.14,7326.81,7153.9,7298.95,7180.05,7301.29,6820.34,7179,7220.29,7020.8,7332.05,7306.94,7050.87,7042.06,6909.15,6894.5,6340.05,6191.81,6071.88,6516.26,6550.51,6283.27,6393.87,6528.21,6534.77,6409.23,6241.1,6228.26,6132.68,6134.28,6061.94,6610.46,6674.32,6747.07,6637.39,6390.74,6438.24,6617.36,6411.84,6369.26,6476.41,6551.78,6476.78,6531.06,6398.44,6194.63,6147.27,6080.26,5862.18,5953.47,6019.33,6052.37,5989.9,5816.29,5557.24,5478.41,5310.95,5372.28,5935.34,5889.86,5738.24,5990.24,6211.97,6129.21,5929.76,5592.92,4571.63,,4846.76,5149.57,5124.26,5329.33,5984.84,5726.59,6243.76,6774.22,8668.07,7476.34,7121.28,7208.2,7403.44,7837.76,8120.48,8997.6,9459.94,10162.93,11440.53,12226.01,13009.5,11577.94,8903.87,7624.26,8108.09,7342.33,7731.15,9071.32,9931.07,8602.16,8651.23,8489.66,8865.05,9188.48,9301.09,8983.21,8555.17,9442.95,11386.72,11114.17,11335.61,10647.33,10593.9,10654.16,10311.15,10651.77,11444.38,12362.95,12106.49,12144.54,11406.56,10869.07,11855.05,12770.58,13188.99,15944.61,17122.73,16478.67,15814.82,15799.94,16854.86,18026.72,19642.48,20997.36,21778.6,22804.84,22712.82,22624.31
Sensitive / Milanka (since 1999),762.24,756.48,781.7,755.24,762.27,837.62,960.39,995.31,999.42,1130.61,1385.78,1442.44,1734.43,2093.75,1755.91,1555.88,1479.04,1458.04,1455.12,1537.13,1682.63,1600.98,1589.57,1438.82,1387.36,1160.47,1203.31,1040.77,988.38,1091.64,1097.77,1060.61,964,983.91,964.56,990.53,1031.59,1056.31,1062.33,994.12,978.37,881.2,809.73,815.84,849.62,904.91,908.88,897.72,949.37,955.1,977.5,1172.9,1142,1267,1411.2,1273.9,1227.2,1119.2,1024.1,1068,1016.4,1075.9,1111.5,1236.6,1024.1,842,893.5,701,710.6,723.1,881.4,923,940.3,928.3,855.6,890.1,889.3,829.6,962.6,918.6,924.5,849.5,908.2,937.5,909.3,887,796.1,765.1,773.6,853.2,834.9,802.6,859.3,796.7,663.2,698.5,682.6,687.6,645.1,629.1,637,641.1,622.8,618.2,607.5,835.9,878.5,1031,909.8,988.4,1006.7,1026.2,1177.8,1222,1214.1,1327.1,1463.9,1384.3,1339.1,1374.6,1345.3,1245.2,1259.6,1427.6,1524.3,2062.5,2026.7,2093.5,2394.8,2584.2,2187.9,1897.8,2169.7,2089.9,2021,1836.8,1988.9,2069.1,2192.4,2054.6,2138.5,2194.6,2129.4,2073.7,2266.6,2329.9,2392.2,2575.2,2694.1,2681.6,2734.35,2804.2,3208.9,3320.57,2944.35,2451.06,2773.08,2800.5,2877.7,2861.42,2817.27,2729,2814,2798.02,3006.2,3135.1,3785.92,3711.8,4040.35,4188.26,3837.56,3869.4,3549.7,3584,3357.9,3452.95,3459.85,3529.59,3372.97,3291.87,3113.07,3172.21,3181.3,3237.28,3066.88,2988.78,2955.43,2788.98,2397.19,2031.57,1842.53,1631.34,1964.98,1773.93,1736.2,1963.09,2519.79,2721.64,2838.36,2975.68,3297.43,3333.84,3326.08,3849.38,4181.8,4354.7,4270.7,4712.43,4757.4,5278.35,5854.73,5889.16,7552.7,7241.77,6988.54,7061.5,7134.27,7140.92,6874.74,6822.77,6853.61,6301.02,6210.07,6233.82,6045.11,5631.28,5273.58,5229.16,4925.91,4751.06,4891.58,4851.24,4315.09,4383.2,4357.02,4811.99,5645.95,5037.77,4868.83,5119.09,-,-,-,-,-,-,-,-,-,-,-,-,-,-,-,-,-,-,-,-,-,-,-,0,0,0,0,-,-,-,-,-,-,-,-,-,-,-,-,-,-,-,-,-,-,-,-,-,-,,,,,,,,,,,,,,,,,,,,,,,,,,,,,,,,,,,,,,,,,,, , ,,,,,,,,,,,,,,,,,,,,,,,,,,,,,,,,,,,,,,,,,,,,,,,,,,,,,,,,,,,,,,,
S&P Sri Lanka 20,,,,,,,,,,,,,,,,,,,,,,,,,,,,,,,,,,,,,,,,,,,,,,,,,,,,,,,,,,,,,,,,,,,,,,,,,,,,,,,,,,,,,,,,,,,,,,,,,,,,,,,,,,,,,,,,,,,,,,,,,,,,,,,,,,,,,,,,,,,,,,,,,,,,,,,,,,,,,,,,,,,,,,,,,,,,,,,,,,,,,,,,,,,,,,,,,,,,,,,,,,,,,,,,,,,,,,,,,,,,,,,,,,,,,,,,,,2817.35,2785.73,2877.88,3240.98,2988.05,2942.02,3085.33,3197.61,3194.39,3293.57,3365.79,3646.32,3431.74,3428.96,3261.33,3214.37,3282.07,3174.63,3263.87,3443.25,3223.66,3279.92,3418.19,3454.61,3534.43,3772.51,3872.51,4038.3,4087.38,3971.12,4089.14,3962.24,4115.88,3852.43,4053.45,4000.66,3908.03,4107.97,4026.26,3826.15,3803,3657.69,3625.69,3302.01,3249.46,3204.44,3435.55,3425.57,3300.2,3414.39,3585.14,3617.32,3559.92,3467.1,3496.44,3489.61,3543.82,3438.88,3786.39,3818.9,3933.51,3811.01,3685.96,3687.97,3899.63,3724.96,3671.72,3747.3,3710.14,3650.1,3660.1,3567.04,3388.88,3333.42,3229.21,3002,3084.08,3178.51,3135.18,3073.71,2978.91,2738.95,2627.46,2469.82,2496.56,2983.45,2908.44,2759.72,2980.11,3072.15,2936.96,2835.04,2631.99,1947.42,,2016.08,2268.77,2179.65,2359.75,2463.27,2282.2,2453.87,2638.1,3514.18,2966.63,2850.12,2869.25,2978.81,2968.26,3062.17,3364.59,3534.82,3708.52,3875.96,4233.25,4397.57,3936.81,3031.16,2509.24,2679.33,2334.36,2448.36,2928.97,3165.33,2590.61,2730.08,2635.63,2764.51,2796.71,2682.83,2617.79,2421.49,2713.65,3309.6,3131.07,3197.72,2994.35,3010.03,3068.36,2896.48,3037.38,3317.62,3689.97,3569.04,3588.54,3265.55,3058.6,3453.41,3864.32,3905.17,4862.1,5114.35,4931.17,4734.72,4643.66,4981.57,5352.51,5762.17,6076.79,6126.53,6213.91,6267.03,6157.38
Market Capitalization (Rs Bn),62.1,62,63.59,65.14,67.9,74.94,88.41,88.37,88.69,97.27,115.96,123.79,145.68437514525,175.83885915599998,154.5860344625,137.28779793574998,133.7715997995,133.1402334015,134.25243815624998,145.1065302865,163.96259918375,158.42285722475,153.87120996275,143.2133235935,142.47082239749997,123.6433038295,129.10465183275,116.29131906725,108.914838027,113.3956951725,114.4384865075,113.561458718,102.97076690175,102.88849719325,104.09808194874999,104.920835501,101.85764268624999,102.5833352855,106.68200322975,103.21223389375,103.62202135525001,96.388606667,89.56105255075,90.2811538095,94.94205112975,100.48984718325,102.2913768265,106.03470647424999,110.09027269175,108.3043,111.63589999999999,129.6123,128.2191,139.289,152.9999,148.8546,142.7543,133.352,123.18610000000001,129.4281,122.33919999999999,128.8801,134.7656,147.88479999999998,129.6988,111.1207,114.41969999999999,96.1904,97.2712,97.3118,112.2105,116.6652,112.13489999999999,111.27839999999999,104.9235,107.6936,108.73389999999999,102.934,113.5959,111.6665,113.1099,106.26219999999999,110.982,112.78269999999999,109.7831,107,97.7,94.2,94.32,101.38,100.59,98.14,103.49,97.72,85.99,88.8,87.29,87.53,83.86,82.46,83.34,85.21,83.45,81.17,80.43,100.74,107.13,124,112.4,121.06,124.65,124.58,138.57,143.98,142.28,152.9,174.28,166.01,159.86,162.58,186.22,176.04,173.6,194.04,202.13,247.7,247.1,256.03,308.02,345.4,298.42,262.83,300.94,299.54,314.02,296.5,322.7,332.3,356.12,335.79,357.94,379.3,365.11,382.06,422.06,438.5,448.941,469.5,497.1,489.1,619.7,649.6,734.8,761.5,696.3,584,649.8,672.2,688.245985402,688.2,672.5,645.3,670.3,673.076,729.46,751.9,851.65,834.762,909.97,928.44,869.26,884.65,804.32,828.47,787.11,814.62,824.35,843.37,825.32,820.65,791.61,819.92,827.73,851.63,821.27,794.68,801.38,784.05,699.25,594.35,535.02,488.81,592.74,551.99,533.749,599.04,712.07,781.774,807.46,834.92,941.51,958.69,939.25,1092.137,1171.241,1226.966,1210.84,1363.35,1380.19,1503.91,1692.57,1862.74,2308.76,2209.1,2132,2210.452080971,2387.64,2599.87,2425.05,2487.16,2515.22,2351.75,2444.7,2466.61,2435.5,2270.98,2218.45,2213.87,2084.13,2001.18,2012.87,2016.91,1807.42,1894.22,1889.71,1980.81,2284.88,2112.11,2054.91,2167.58,2234.51,2165.24,2199.96,2280.76,2481.84,2350.74,2323.35,2402.88,2390.16,2476.3,2402.71,2459.9,2608.27,2480.83,2498,2606.26,2623.33,2673.02,2856.87,2952.42,3066.35,3109.56,3039.2,3104.86,3042.26,3094.62,2891.17,3048.67,3067.26,2983.02,3115.26,3104.34,2990.81,2990.46,2943.29,2938,2706.66,2646.08,2586.15,2776.54,2791.18,2677.6,2724.76,2782.79,2785.68,2732.38,2659.52,2745.41,2701.6,2698.4,2662.86,2908.77,2952.54,3041.23,3010.15,2897.75,2919.7,3008.75,2922.66,2899.29,2961.47,3046.35,3032.71,3049.25,2989.02,2893.76,2878.59,2848.52,2752.86,2793.05,2823.95,2839.45,2799.4,2718.58,2605.9,2572.51,2502.27,2523.38,2797.91,2780.49,2709.22,2781.67,2889.79,2851.31,2761.11,2599.15,2128.27,,2265.99,2404.67,2411.67,2316.19,2595.84,2494.26,2728.11,2960.65,3789.15,3269.43,3111.26,3178.8,3268.27,3470.24,3598.61,4009.46,4215.63,4529.29,5105.73,5489.17,5815.46,5251.75,3826.5,3226.43,3611.19,3184.16,3321.54,3964.04,4341.13,3779.4,3888.16,3847.15,3881.14,3906.11,3903.54,3823.37,3598.3,3901.28,4537.3,4441.26,4537.14,4296.24,4260.86,4248.93,4045.8,4186.09,4534.65,4893.87,4780.99,4760,4504.26,4320.98,4381.83,4677.87,4782.14,5695.56,6113.93,5812.11,5606.37,5666.75,6080.19,6437.95,6895.69,7425.45,7752.26,8122.47,8122.78,8068.62
Market PER ,11.6,11.9,12.28,11.46,11.84,12.46,14.15,14.08,14.21,15.24,18.53,19.56,24.58,30.18,27.76,24.62,20.54,20.22,20.39,21.82,23.89,18.01,17.36,16.31,16.3,13.8,13.6,12.2,11.5,11.2,11.3,11.5,10.2,10.7,10.9,11.2,11.4,11.5,11.4,10.8,10.6,9.8,9.3,9.4,9.8,10.6,10.6,10.7,11.2,11.2,11,13,12.8,13.8,15.2,14.7,13.8,12.9,11.9,12.5,11.9,12.5,13.1,14.3,12.6,10.8,9.7,8.2,8.3,8.3,9.6,9,8.7,8.6,8.1,8.3,8.5,6,6.6,6.5,6.6,6.2,6.5,6.6,6.4,6.2,5.7,5.5,5.5,5.9,5.9,5.7,6,5.7,5,5.2,5.2,5.2,4.8,4.7,4.7,5.1,5,4.8,4.8,6,6.3,7.5,6.7,7.2,7.8,7.9,8.7,9.9,10,10.8,12.5,12.6,12.1,12.1,12,11.4,9.8,10.7,10.5,12.7,11.2,11.6,13.7,15.2,13.1,11.1,12.6,12.5,11.9,11.2,11.4,10.8,10.6,10,10.4,11,10.3,10.8,11.9,12.3,12.6,13.2,14,13.8,16.33,16.53,16.98,17.5,15,12.39,13.91,14.39,14.8,14.13,13.59,11.79,12.3,12.3,13.3,13.74,14.84,13.95,15.2,15.3,13.2,13.2,12,12.4,11.8,12.19,12.31,12.23,11.92,11.62,10.89,11.28,10.36,9.83,9.65,8.68,8.65,8.44,7.37,6.48,5.83,5.38,6.53,6.08,5.8,6.52,8.69,9.9,10.73,11.14,13.88,14.44,14.24,16.55,17.8,18.6,18.4,20.67,20.93,23.31,21.62,23.79,27.84,25.15,24.27,25.2,27.11,29.52,25.73,26.23,26.46,22.79,21.58,20,17.58,16.26,15.86,15.82,14.9,14.3,14.39,13.92,12.47,13.62,13.53,14.02,16.17,14.59,14.19,15.93,16.46,15.23,15.51,16.08,17.55,16.58,15.98,16.59,16.5,15.75,14.98,15.92,16.88,15.75,15.93,16.62,16.72,17.19,18.39,19.01,19.72,19.6,19.25,19.66,19.38,19.94,18.38,19.43,19.47,17.84,18.98,19.4,18.38,18.26,17.97,17.98,16.57,16.2,15.29,16.42,14.04,12.98,13.1,13.45,13.43,13.28,12.95,12.37,12.07,12.03,11.87,12.62,11.7,11.48,10.75,10.75,10.71,10.99,10.71,10.6,10.69,11.05,11.19,10.74,10.73,10.39,9.79,9.46,9.18,9.36,9.49,9.65,9.37,9.1,8.72,8.61,8.37,8.6,9.53,9.97,10.18,10.56,10.97,10.83,10.91,10.23,8.38,,8.92,9.5,9.5,8.98,10.1,9.7,10.61,11.25,14.41,13.17,14.9,14.56,14.22,10.59,10.49,10.91,11.47,12.32,13.89,13.63,14.45,12.04,8.77,6.39,6.27,4.74,4.9,5.49,5.69,4.96,5.1,4.95,4.99,5.02,5.02,4.92,4.63,5.02,5.84,5.91,6.06,11.08,11.13,11.1,10.81,9.12,9.87,10.66,10.02,9.73,9.2,8.68,8.02,8.55,8.54,8.89,9.54,9.01,8.3,8.39,9.01,8.54,9.14,9.81,9.59,10.06,11.16,10.73
Dividend Yield,2.1,2.5,2.4,2.44,2.35,2.22,2.02,2.02,2.01,1.84,1.51,1.41,1.25,1.16,1.25,1.41,1.48,1.49,1.48,1.37,1.21,1.48,1.55,1.65,1.7,1.9,1.9,2.2,2.5,2.4,2.5,2.6,2.9,3.8,3.9,4.3,4.2,3.7,3.9,4,4.2,4.6,4.7,4.6,4.3,4.1,4.1,4.1,3.9,4,3.9,3.2,3.2,3,2.7,2.7,2.9,3.1,3.4,3.2,3.4,3.2,3.1,2.8,3.3,3.9,4.4,5.2,5.1,5.1,4.4,4.5,4.7,4.7,5,4.9,4.9,5.8,5.2,5.3,5.2,5.6,5.3,5.1,5.3,5.4,5.9,6.1,6.1,5.6,5.6,5.8,5.5,5.8,6.7,6.5,6.7,8,8.5,8.5,8.7,9.1,9.7,10.2,10.4,8.1,7.7,6.8,7.5,7,6.8,6.7,5.9,5.1,5.2,4.8,4.2,4.3,4.4,4.3,4.4,4.6,4.9,4.4,3.9,3.2,3.3,3.1,2.6,2.3,2.7,3.1,2.8,2.8,3.1,3.3,3.2,3.2,3.2,3.3,3.3,3.1,3.2,3.2,3,2.8,2.8,2.7,2.5,2.5,3.07,2.8,2.01,2,2.2,2.67,2.4,2.32,2.3,2.04,2.11,2.71,2.6,2.61,2.41,2.33,2.01,2.2,2,2,2.3,2.2,2.5,2.4,2.6,2.48,2.45,2.44,2.49,2.49,2.7,2.6,2.77,3.2,3.26,3.19,3.44,3.53,4,4.73,5.21,5.58,4.72,5.03,5.4,4.9,4.26,3.92,3.86,3.76,3.46,3.4,3.47,3,2.9,2.75,2.7,2.49,2.44,1.93,1.52,1.35,1.12,1.15,1.2,1.2,1.08,0.95,1.3,1.28,1.27,1.45,1.42,1.48,1.55,1.66,1.76,1.75,1.86,1.92,1.9,1.89,2.43,2.53,2.54,2.47,2.18,2.38,2.43,2.36,2.29,2.35,2.32,2.25,2.07,2.26,2.59,2.67,2.7,2.79,3.01,2.93,2.77,2.92,2.94,2.82,2.81,3.01,2.83,2.75,2.67,2.77,2.13,2.09,2.15,2.11,2.24,2.07,2.07,2.26,2.13,2.07,2.13,2.14,2.17,2.18,2.37,2.42,2.48,2.31,2.64,3.06,3.03,3.02,3.03,3.05,3.12,2.75,2.95,2.94,2.98,2.71,2.58,2.58,2.89,2.89,2.94,2.9,3.08,3.19,3.07,2.97,2.91,2.96,3.01,3.12,3.34,3.22,3.34,3.29,3.22,3.09,3.33,3.42,3.56,3.61,3.73,3.73,3.36,3.41,3.37,3.25,3.13,3.17,3.13,3.32,4.05,,3.81,3.58,3.57,3.12,2.94,3.06,2.8,2.66,2.08,2.42,2.31,2.48,2.48,2.6,2.72,2.92,2.82,2.63,2.33,2.17,2.05,2.37,3.25,3.96,3.8,4.56,4.32,4.03,3.61,4.14,4.03,4.1,4.06,4.04,4.04,4.13,4.38,4.04,3.48,4.23,4.12,3.02,3.3,0.3,3.3,3.54,3.49,3.23,3.78,3.93,4.15,4.42,4.54,4.25,4.28,3.57,3.33,3.35,3.47,3.43,3.2,2.7,2.52,2.3,2.47,2.36,2.37,2.62
Market PBV,,,,,,,,,,,,,,,,,,,,,,,,,,,,,,,,,,,,,1.4,1.4,1.4,1.3,1.3,1.1,1.1,1.1,1.1,1.1,1.1,1.1,1.2,1.2,1.2,1.4,1.3,1.4,1.6,1.5,1.5,1.4,1.3,1.3,1.3,1.3,1.4,1.5,1.3,1.2,1.1,0.9,1,1,1.1,1.1,1.1,1.1,1,1,1,0.9,1,0.9,1,0.9,0.9,1,1,0.9,0.9,0.8,0.8,0.9,0.9,0.9,0.9,0.9,0.9,0.8,0.8,0.6,0.6,0.6,0.6,0.6,0.6,0.5,0.5,0.7,0.7,0.8,0.7,0.8,0.8,0.8,0.9,0.9,0.9,0.9,1,0.9,0.9,0.9,0.9,0.8,0.7,0.7,0.9,1.1,1,1.1,1.3,1.4,1.2,1.1,1.2,1.2,1.2,1.2,1.3,1.2,1.3,1.2,1.3,1.3,1.3,1.3,1.5,1.5,1.6,1.6,1.6,1.7,1.95,1.98,2.2,2.3,2,1.65,12.1,1.91,2,1.57,1.52,1.36,1.4,1.42,1.53,1.58,1.75,2,2.2,2.2,2.2,2.1,1.8,1.9,1.8,1.87,1.89,1.87,1.83,1.79,1.66,1.72,1.65,1.41,1.39,1.28,1.28,1.25,1.11,0.93,0.84,0.76,0.93,0.86,0.8,0.91,1.11,1.17,1.22,1.26,1.43,1.46,1.43,1.67,1.8,1.9,1.9,2.08,2.11,2.27,2.41,2.65,3.14,2.98,2.88,3,3.22,3.51,3.15,3.23,3.25,2.86,2.76,2.52,2.23,2.05,2.01,2,1.88,1.81,1.82,1.79,1.58,1.77,1.76,1.84,2.12,1.97,1.92,2.08,2.14,2.08,2.12,2.19,2.39,2.27,2.15,2.22,2.2,2.08,1.96,1.96,2.07,1.96,1.96,2.04,2.05,2.04,2.14,2.21,2.3,2.2,2.16,2.2,2.17,2.2,2.02,2.08,2.09,1.98,2.1,2.11,2.02,2.01,1.98,1.99,1.83,1.79,1.74,1.87,1.52,1.45,1.48,1.5,1.5,1.47,1.43,1.42,1.39,1.37,1.35,1.47,1.49,1.51,1.42,1.42,1.38,1.4,1.33,1.31,1.32,1.35,1.35,1.32,1.29,1.25,1.21,1.19,1.15,1.17,1.18,1.18,1.18,1.14,1.1,1.08,1.03,1.01,1.12,1.11,1.07,1.11,1.15,1.14,1.1,1.03,0.85,,0.9,0.96,0.95,0.9,1,0.96,1.05,1.13,1.44,1.22,1.12,1.12,1.14,1.12,1.15,1.26,1.32,1.42,1.6,1.67,1.77,1.57,1.14,0.92,0.98,0.8,0.83,0.96,1.03,0.9,0.93,0.91,0.92,0.93,0.92,0.91,0.85,0.92,1.07,1.02,1.04,0.99,0.94,0.93,0.9,0.9,0.98,1.06,1.02,1.01,0.96,0.92,0.95,1.01,1.02,1.17,1.26,1.18,1.1,1.11,1.19,1.22,1.31,1.41,1.43,1.5,1.5,1.45
,,,,,,,,,,,,,,,,,,,,,,,,,,,,,,,,,,,,,,,,,,,,,,,,,,,,,,,,,,,,,,,,,,,,,,,,,,,,,,,,,,,,,,,,,,,,,,,,,,,,,,,,,,,,,,,,,,,,,,,,,,,,,,,,,,,,,,,,,,,,,,,,,,,,,,,,,,,,,,,,,,,,,,,,,,,,,,,,,,, ,,,,,,,,,,,,,,,,,,,,,,,,,,,,,,,,,,,,,,,,,,,,,,,,,,,,,,,,,,,,,,,,,,,,,,,,,,,,,,,,,,,,,,,,,,,,,,,,,,,,,,,,,,,,,,,,,,,,,,,,,,,,,,,,,,,,,,,,,,,,,,,,,,,,,,,,,, ,,,,,,,,,,,,,,,,,,,,,,,,,,,,,,,,,,,,,,,,,,,,,,,,,,,,,,,,,,,,,,,
Turnover to Market Capitalization (%),0.584243925925926,0.49395722419354837,0.7773919625727316,0.5625469296898987,0.7595159852724594,1.689433795036029,2.5189622373034726,2.281477154011542,2.1564453692637273,1.9853774123573558,3.4248563021731635,2.592601251312707,3.0887818707486954,3.1337402229795894,3.537156230840784,1.5341434159980387,1.1839823941508398,1.7535314873300325,1.5511616046602523,1.5324007579877155,2.4148046266104846,1.0596067255740336,1.0271480365837202,1.0437243278025858,0.6357010030257905,0.7827802347748976,1.2451474297630338,0.6042191864671022,1.129071152541356,1.0564506969842398,0.737209904418571,1.1170223474761827,0.5371935313716685,0.37174656879437146,0.7584983798152308,0.762380388204568,0.8616972804913375,0.8851689316523418,0.8819585689384744,0.4491135822883004,0.29008917898779274,0.39092428247435695,0.27540870051770555,0.3392944419456091,0.5328237909129024,0.8035625285880589,0.8666230453653889,0.737760634240991,0.6836947848312531,0.41114560733045685,0.8926681470745522,1.7302429684528395,1.5576277356493688,1.5502669284724566,1.3521579458548667,1.211198157127828,1.1019740841431747,1.2515670286159937,1.037700904566343,1.0273306345376312,1.143291120098873,1.3252479932898873,1.1108081728571684,1.2147728522471546,2.158931471995115,1.7851065148077718,1.3660262743216423,1.3523965811557077,0.9635490165639984,0.7629077008132621,1.623015998502814,0.5974731059476176,0.8707034527163265,0.5822263592934478,0.6864223305551187,0.45996353172333354,1.747186970208923,1.0136065235976452,1.8673195634701605,1.2659993973125332,1.0819102731060677,1.1458597356350613,1.387180109387108,1.3690267496699406,0.7302924202359015,1.2755510850467289,1.2217647952917092,0.7072804851380042,1.1590094370229007,1.837967798382324,1.577204219107267,0.5731152231506011,0.4847456604502851,0.5397477855096193,0.5326472008373067,0.48459438513513514,0.7426924389964487,0.4135582154689821,0.5253465275459098,0.47897506306087806,0.6550569894408447,0.7719976106090835,0.3581219292989814,1.7562661833189601,0.6562934365286585,2.376983542783403,1.837781711938766,3.541738216129032,1.18493040658363,1.144897914257393,1.9798243000401121,1.0313605273719697,2.3715228036371507,3.6149255299347134,1.4014566903289287,1.9962225977763244,2.9170409697039252,1.7670043653996748,0.8671794370073813,0.6839684862836757,1.0426303587154977,0.5661810418086798,0.898556232718894,1.2021436260564833,2.385836444367486,4.2451587735163505,2.1277013646297043,1.9956753763230872,5.366821603467308,3.9348137504342793,2.509573090945647,1.4044513879694098,1.5134057576261049,1.3143005354877477,1.281270110820967,1.1759259743676225,1.1545473201115588,1.5522945031597952,2.652401691845445,1.7438809425533814,1.5549278136000446,1.4804842668072764,0.9887065980115581,1.1074608613830288,1.5073512870208026,1.8362990196123148,2.9432297090263533,1.794684902023429,2.0706814007242005,0.9633283236556942,1.278724901726642,1.8692541270012315,1.817172811513337,1.7814181629678265,1.6627616782995838,0.8523765609589042,1.215279757156048,1.0959752933650697,1.6508632735959266,0.9046057765184538,0.6212762171003717,1.1170235784906246,0.9455818533492467,0.8457594708472742,1.0013490372330216,1.3529779485303897,2.8457827803675215,0.8591158308595744,1.641315147202655,1.5372080113954592,1.1194261474127418,0.47873093991974236,1.558687291127909,0.6387672363513464,0.3176791707639339,0.9623715302840589,1.0345553070904348,1.269185901917308,1.0069209242475645,0.7433686536282215,0.4318507305365015,0.9300054477266075,1.166370701557271,5.43839800359311,0.6622486477041655,0.7378027528061609,1.6949309479897179,0.8088062334034819,0.5839869726135145,0.5885159252965424,0.615671464618145,0.2739195313107342,0.4529016909606235,0.7736854606061705,1.9205073105523385,0.4413620861712073,1.9002920062634292,2.0719120322497293,1.1654954410125578,1.075057622646481,2.022441168442183,1.993231186097696,1.31898218536066,2.193683973897048,2.3715426248739586,2.312749825097028,2.702528212976116,1.9555222331756335,2.4969214900846985,3.539517043440099,3.2772842722014452,2.9090156633776045,3.775382201744659,4.080853289167535,1.4585852833958723,1.952953074921978,3.1576101380442614,2.3265723004227135,2.178010338013649,1.2506558063815758,1.9733278198726159,2.601725068651005,1.4125196665848572,2.4018225872756536,2.3829642537056044,1.111463471673022,0.9314461515472514,0.8092177714590288,0.9165374847538301,1.4719657299193476,1.6469689481685357,0.4466289816600642,0.4633071756426287,0.9376959570166085,0.47156442422382266,0.6734332369081336,1.4657337249220965,0.6989968764884404,0.6872146403978763,0.5696300829957833,1.095536087061593,0.731254539773882,0.7857855960108365,0.7288012057822831,1.148528495994907,0.7462958036618258,0.4690766720037876,0.5779033162704754,0.5160651655537706,0.7117292672131809,0.5255261217125662,0.5214201413878613,0.853560335701442,0.7215582821475071,0.49944495316253,0.8060332029037778,0.8983366256628026,0.6931400197529386,1.201192654618516,1.3729392609791289,1.5050136482788985,1.2556518117997402,1.3427197574032639,0.7833574028136535,0.816914057674229,0.7801330294834262,0.5973931797507583,0.4369451300075115,0.8908609061507664,0.5387908622134615,0.8191810692205466,1.1018505757423478,0.5296511978694735,0.6928656252884171,0.458313343299505,0.6974558041524846,0.5252363949295442,0.4810744834245374,0.6925098637356688,0.5134761709537771,0.6163839405197802,0.41310264621302656,0.4401654573980827,0.7449939477646534,0.5485825195284455,0.36054896968942823,0.31093796482071956,0.8534165594574218,0.503721191997335,0.46524442447376224,0.7284728971481789,0.8994021520780262,0.5925976063999133,0.7007726917727366,0.4827240196003521,0.4810203915451644,0.9101292308113847,0.7919867452596594,0.6927201016881882,0.3774276761551966,0.5895081744539029,0.6405439815845192,1.1024298766120069,0.38243075520209885,0.5266567061779446,0.4004022912750193,0.3004716743961453,0.4222208494586662,0.39654107905959624,0.6304346766438123,0.8777812231802972,0.587618036767684,0.43427604579552764,0.5221195156662669,0.43763094711999695,0.30412373899421186,0.3347317939311105,0.38972229057850977,0.8944556711616886,0.5279864030440679,0.5468399974531416,0.5948861625929747,0.8780972443672378,0.39188944488673627,1.3691125515825158,0.323057552661447,0.2971722952444944,,1.0065928349639672,1.2089778118411256,1.102111024559745,1.5913897187191035,1.9244491239444648,2.3321929174985763,1.955572891892189,2.2819504589194937,4.902674331340802,2.9895038487442767,1.3160217060612098,1.66718244730716,1.1328257769400938,1.3391762191087648,1.4953918482969812,3.5792912017578424,3.1958882884171524,1.7149963715946648,3.004284359357036,2.7161084624269245,2.8235564818948116,1.6486333525205883,1.362628688226839,0.5498462422243781,0.8295448290729649,0.7205724102432038,0.6200233786135347,1.9465172871111291,2.2058698891072135,1.0504030038895062,0.8250093061242336,1.241018078629635,0.9568944190882059,0.957054025283466,1.094379257084595,0.4034726566353766,0.3889572657365978,0.7503656311005619,1.6110623956097236,1.5507232119938934,0.5902187740735353,0.4560059023006164,0.5569603596691748,0.5323695573944499,0.35350895115922687,0.7843087018434864,0.7824723366522224,1.05696899878828,0.7753798626853434,0.6911535202731093,0.515296368238068,0.3419660486278576,0.7169700034688703,1.2376421214997424,1.5266165884311205,2.3354896514829093,2.296919642635751,1.0050806707546829,0.7197726056610606,0.8517725400449995,1.315707847402795,1.5265228274683713,2.283832594040626,1.776335928852797,1.9188844103009963,1.9356173451179262,1.1656878221126263,0.9525195655886632
Price Indices,,,,,,,,,,,,,,,,,,,,,,,,,,,,,,,,,,,,,,,,,,,,,,,,,,,,,,,,,,,,,,,,,,,,,,,,,,,,,,,,,,,,,,,,,,,,,,,,,,,,,,,,,,,,,,,,,,,,,,,,,,,,,,,,,,,,,,,,,,,,,,,,,,,,,,,,,,,,,,,,,,,,,,,,,,,,,,,,,,,,,,,,,,,,,,,,,,,,,,,,,,,,,,,,,,,,,,,,,,,,,,,,,,,,,,,,,,,,,,,,,,,,,,,,,,,,,,,,,,,,,,,,,,,,,,,,,,,,,,,,,,,,,,,,,,,,,,,,,,,,,,,,,,,,,,,,,,,,,,,,,,,,,,,,,,,,,,,,,,,,,,,,,,,,,,,,,,,,,,,,,,,,,,,,,,,,,,,,,,,,,,,,,,,,,,,,,,,,
y-o-y Change % - ASPI,,,,,,,,,,,,,99.26986652523648,143.65575774757693,107.79812509819664,93.93743655993354,81.56496538399612,60.00814929508599,34.724540901502515,41.97820052806174,56.43113215292411,35.51708755669006,13.279232368194513,0.7926698468798831,-14.832722659403643,-40.92006515794985,-29.861466988146137,-29.091687681400764,-31.640605756061994,-24.717590376172673,-23.76109865126425,-31.2317610482748,-42.72106225343981,-40.09418003931789,-39.21670389145807,-32.73438529283593,-30.561053355278233,-17.40479062553851,-18.890139900344963,-12.648629787690904,-6.670510233496681,-19.56512914879511,-25.42682517294648,-22.445187147235437,-11.320495395751568,-7.12345076011966,-7.470992727217284,-9.154324800747291,-6.74617461746175,-7.528836696372684,-5.858203996042348,13.629031019066208,13.046701260192737,33.21109559775934,56.65754016860006,45.6977326371504,34.30342689857068,19.722591990008052,10.633249295565768,16.456871817835054,6.510303556778152,11.99033037872683,11.811764705882347,5.732828555976201,-6.789617486338804,-26.644778381108726,-31.436127400252968,-39.12616593028964,-36.00461597640723,-31.516815374056282,-14.313375037235632,-14.93876388493308,-13.502492070684182,-18.103324219312125,-24.999999999999993,-29.83375959079283,-19.85929942840393,-10.89688414529178,-4.226060707697457,13.185483870967737,13.945101182127834,6.494287432351168,-3.615504953937069,-4.152017411685913,-3.003317618299292,-4.849762783342123,-7.500935278713061,-13.158374339347557,-12.4908558888076,-0.7727975270479134,-10.576081246716868,-11.52475952974706,-7.9831193951116735,-7.020515716167882,-21.677186654643823,-21.81659388646288,-20.882088208820882,-18.33795013850416,-14.337714863498478,-12.612801678908715,-12.058516196447227,-16.66666666666667,-18.092813785000974,-17.99879202738071,-22.874068412000753,2.3481781376518263,23.76237623762376,38.73994638069705,27.91808873720138,36.56716417910448,45.797922568460805,48.222862632084556,62.7138783269962,66.21495327102802,67.34401147501794,84.65504542106555,112.21506442021801,62.24287974683543,49.283720930232555,31.256038647343,41.141942369263596,23.94436164927969,19.656735751295333,33.570965651328564,25.412589455235867,47.441664323868444,49.39999999999999,43.94362451801621,50.89316987740807,72.66853590149947,50.33649052841476,30.30303030303029,52.627599243856324,63.647294589178365,73.77537212449256,47.05240174672489,53.63922207988819,29.516636476308502,39.07056798623065,26.584149270275283,12.256267409470741,8.3309799491669,24.29743844814724,41.87929573486491,36.29758071174967,40.01959343619885,36.41956081607226,50.91973933844758,46.752065489274614,39.6981965403018,40.75976347634763,56.525102159953285,67.79707747449685,64.00351929092803,52.89182339602507,27.560554781339167,29.57957230265946,29.012302489650757,29.25395285119013,23.712286838653267,13.82779815092197,11.411634524185898,7.2679402699283395,2.5631462643704963,-2.094972067039106,-2.4705241866582806,21.16809017387435,41.62656525561724,36.71299737724233,34.80831024680366,23.203055997173635,24.204308486197995,13.816010381973118,21.653258417400924,11.206739526411653,14.845000000000006,7.267768733741705,6.557063113718772,-7.832654721661219,-6.6622342379406225,-16.350175258613316,-15.154095524809826,-8.57907886200136,-6.343351272903185,1.198819917872651,-4.445999533473279,0.87260963924491,-4.668347456453175,-16.20733624864077,-30.349147111343935,-35.943847259546274,-40.849039154030514,-25.546066644045904,-33.060698734817414,-35.772622300987656,-30.175543874574625,-12.701458022274132,-1.0452267031214422,2.528608717184714,8.262338913245658,37.17475936627672,63.430193299039814,77.65223117918947,125.24983034157896,99.66616151632954,124.76890929911342,127.37317624076674,127.84845929995379,91.21103269012075,89.64537549082088,104.34651779704639,116.97735508983185,138.1108267770125,124.32673929182079,120.8715619947896,96.00655728020557,97.30695193048068,104.78373906877806,94.01063201417601,75.630956246061,75.07174616960417,47.989142453267874,32.63207251054991,21.584974222385604,-3.053641303260439,-5.372825899776135,-5.3995042619486195,-8.461248662577791,-20.640792097975293,-30.006181103775855,-24.99155840201934,-26.3392402035077,-34.859741145607956,-27.251484777188185,-27.763542710558077,-24.699351241189138,-11.963647352787264,-12.748506547454202,-12.093011794854942,-7.102241860128211,2.159672071261982,3.2577330164947718,5.820449429910345,9.853668438145847,33.75122874910756,23.264065794428653,22.090817535784645,12.622993542658039,-2.8243516817677206,7.997983183523036,7.920392431674845,4.780790359737724,7.412723981371482,5.401266878404528,4.055839935282305,4.543446454757878,-3.088320393126481,4.208619165791261,12.864861641616496,20.569793830690227,24.96536465333638,23.044123722420583,23.87512575561592,23.443625502724608,14.916102226604016,22.910925524088803,14.275900548061339,15.349946253577068,15.27638078633854,10.067694893252776,7.604308839284412,3.878966575633798,-2.775318733504875,-3.8864116853036994,-3.4212108080906916,-5.5412079819700075,-11.699082875467441,-15.195670901991285,-10.973939715615352,-9.23164786181919,-9.276358705813752,-10.504928213309022,-12.795602866865343,-10.657402414690685,-7.3196640981892935,-8.986432947177398,-9.669062040916746,-9.663354848067298,-3.270794394365973,-0.9291305773271572,-0.1637054750752734,1.4456145089361048,1.8900818409558873,7.381506763198132,3.80864797063438,-2.1057839744738645,-1.4771751721942876,3.247347965356215,2.735735687619166,2.2638746616229892,5.604890520946789,6.806014723814368,6.843353777833501,-1.2011266992009577,-4.133454793896608,-8.187850429890302,-7.384227836544182,-4.858279322895307,-8.947476328934608,-10.032550745312323,-6.121643709138097,-4.97530325343918,-7.512032128910928,-11.225804285247671,-14.197487022872478,-16.117598062182868,-16.996174067428935,-13.275207720235112,-3.447546634522321,-3.1314450368898785,-2.114230542221503,0.6176229996959677,3.200356185821351,1.2695853029474429,-1.0040234394564087,-3.840420611764542,-17.735602565302194,,-8.740244212429031,-4.145539696367279,-13.665266016774101,-9.516864577426285,4.297484943118454,-4.401326157215731,0.5117539202539607,10.523542185697671,46.17910337011952,33.675074916143984,55.771136334305254,,52.75029091599335,52.20222270985734,58.471271949510744,68.83172931681844,58.065044345379334,77.46913957520968,83.23141824797878,80.47849051256085,50.08531310891583,54.86106838372787,25.031876291902595,5.772037401847902,9.517872772657043,-6.321066223002494,-4.7944210194471255,0.8193295990041716,4.980264145438546,-15.357480569087857,-24.38086347398242,-30.560665335624623,-31.857104423690387,-20.63804096410934,4.461206194609752,17.82402488897282,5.513998981264391,28.609719258055698,47.28365120324919,22.519875828435115,14.142886919536373,23.775075097417396,22.455419633971125,25.49572067668199,16.312372744654574,15.925267291216837,23.043428243356413,37.622854191319156,41.510805746700534,28.609597636331866,0.17423805977489695,-2.205292882869349,4.582373599656292,19.941619166495265,24.49607793163991,49.6561906335178,66.06033274658986,54.70358447469292,38.18852572179533,27.800727172721718,39.22169018435567,48.43476986365889,72.20336367844469,93.18451348643445,83.70736521566758,78.57325195879906,72.2104573587515,41.893153862026104
y-o-y Change % - MILANKA,,,,,,,,,,,,,127.54381821998322,176.77532783417936,124.62709479339901,106.01133414543722,94.03098639589646,74.069387072897,51.51344766188735,54.437310988536254,68.3606491765224,41.60320534932472,14.70579745702781,-0.25096364493497947,-20.01060867258985,-44.5745671641791,-31.470861262820993,-33.10730904697021,-33.17422111639983,-25.129626073358747,-24.558112045741925,-31.000631046170472,-42.70873572918587,-38.54326724881011,-39.31943859031059,-31.15678125130315,-25.643668550340212,-8.975673649469618,-11.716016654062546,-4.482258327968713,-1.0127683684412867,-19.277417463632702,-26.238647439809792,-23.078228566579597,-11.865145228215766,-8.029189661656046,-5.772580243841746,-9.369731355940752,-7.970220727226894,-9.581467561605962,-7.9852776444231015,17.983744417172986,16.72475648272126,43.781207444394,74.28031566077581,56.14581290449108,44.44104423153881,23.680808036158304,12.677141096734434,18.96805239941184,7.060471681220174,12.647890273269821,13.70843989769821,5.430983033506677,-10.323992994746067,-33.5438042620363,-36.685090702947846,-44.97213282047257,-42.095827900912646,-35.39135096497498,-13.934186114637237,-13.57677902621723,-7.487209759937035,-13.71874709545498,-23.022941970310388,-28.02037845705967,-13.162777072551505,-1.4726840855106862,7.73363178511472,31.041369472182602,30.10132282578103,17.48029318213248,3.040617199909243,1.570964247020585,-3.296820163777518,-4.448992782505651,-6.9541841982234684,-14.043365913942255,-13.010232767345096,2.8447444551591157,-13.26615416580096,-12.627912040060963,-7.052460789616014,-6.215420835785752,-26.976436908170005,-25.493333333333332,-24.931265808863955,-22.480270574971815,-18.96746639869363,-17.775454188994903,-17.657704239917273,-24.85935302390999,-25.40424002874596,-22.97533017692499,-29.302920982194806,4.920296221915392,32.463811821471644,47.60200429491768,33.284500439496036,43.74636416521233,56.05332506588126,63.121920203465265,84.89795918367346,90.60988925284666,94.94219653179191,114.67162730507923,140.97119341563788,65.60593372412968,52.43027888446214,33.32686711930164,47.86766322268631,25.98138405503845,25.121684712426728,39.115182225686986,29.4192562404483,68.78068739770868,66.93023638909483,57.74998116193204,63.590409180954985,86.67918803727515,63.38585617205588,38.06198166739416,61.280011893258,67.83649212977835,60.447761194029866,28.663491173998324,30.47956439021191,0.31999999999999557,8.175852370849165,-1.8581323143061903,-10.702355102722573,-15.076232489745372,-2.6737967914438503,9.268626831067545,4.466055215006687,11.483803052777644,18.367144977733787,40.20034843205575,35.45678515762481,29.60224252090281,24.719485495347556,36.483987150783605,50.05377601122282,51.30638840791034,38.2713440405748,18.19742489270387,22.345363098914675,20.19829177217906,20.295125825599868,11.114476545511039,4.571842173638695,1.7676014319809104,2.9129409183169708,-0.2203837101490563,-6.316806382249378,-5.585486829068511,28.582539439944306,51.43652134178683,45.69900615921647,49.55400821281915,33.35510998366752,35.22656583095107,25.997863179602945,31.330157566874313,19.328358208955226,23.406909171485545,15.09047967533764,12.58301170616568,-10.907520496999416,-11.31337895360742,-22.95048696276312,-24.259477682856367,-17.100970408280254,-16.336382901741867,-13.60171282080175,-16.607700892857135,-11.985764912594188,-19.229065002389255,-30.714048296891477,-42.44175669128709,-45.37366178768266,-50.44336501745208,-36.87967183519805,-44.079048991081926,-45.424826328859275,-39.35989472643701,-17.838650354757934,-8.938095142499625,-3.961183313426463,6.694203615658765,37.553969439218406,64.1016553699848,80.51700650735673,135.96429928770215,112.8164154342538,145.48319268516792,145.97972583803707,140.05165326093046,88.80144773969258,93.94005085169238,106.27157936273056,97.90972147542747,129.04807683559622,117.22008254745279,110.11340677313837,83.44512622811985,70.60285044717585,63.98190460881347,60.97454749806823,44.78241586612427,44.06209273973179,19.374804626445766,6.0692807354053935,5.8524475476978015,-19.960941120394033,-22.2389001583867,-24.539603407864874,-25.948311265311908,-30.954253203200892,-33.46711628193566,-28.84705457951864,-28.896328030990357,-37.03916622042981,-30.43665946148402,-29.839438202789974,-22.808326194853233,-6.603022939202097,-10.539522097995471,-7.675051862302269,-2.1049269863610927,0,0,0,0,0,0,0,0,0,0,0,0,0,0,0,0,0,0,0,0,0,0,0,0,0,0,0,0,0,0,0,0,0,0,0,0,,,,,,,,,,,,,,,,,,,,,,,,,,,,,,,,,,,,,,,,,,,,,,,,,,,,,,,,,,,,,,,,,,,,,,,,,,,,,,,,,,,,,,,,,,,,,,,,,,,,,,,,,,,,,,,,,,,,,,,,
y-o-y Change % - S&P SL20,,,,,,,,,,,,,,,,,,,,,,,,,,,,,,,,,,,,,,,,,,,,,,,,,,,,,,,,,,,,,,,,,,,,,,,,,,,,,,,,,,,,,,,,,,,,,,,,,,,,,,,,,,,,,,,,,,,,,,,,,,,,,,,,,,,,,,,,,,,,,,,,,,,,,,,,,,,,,,,,,,,,,,,,,,,,,,,,,,,,,,,,,,,,,,,,,,,,,,,,,,,,,,,,,,,,,,,,,,,,,,,,,,,,,,,,,,,,,,,,,,,,,,21.80737217598097,23.0901774400247,13.324044088009222,-0.8210479546310107,9.839862117434446,7.906472423708884,5.786739181870334,7.681987484402408,0.9162938777043499,-0.4144439012985936,1.556841038805157,-5.257629610127472,2.992359561039008,10.019072838411653,18.74020721607443,25.632705631274572,24.536649126922946,25.089222996065676,25.285014415402575,15.072678428809985,27.677236433122612,17.454998902412246,18.584689557923923,15.806415195926593,10.570304122588377,8.892222949707223,3.970293169029905,-5.253448233167424,-6.957513125767608,-7.8927355506758765,-11.333678964280994,-16.66304918429978,-21.050662312798238,-16.820292646459503,-15.243804660227697,-14.37487814510605,-15.553360644621469,-16.88376497394091,-10.956073378271656,-5.457966885772903,-6.391795950565341,-5.210665748054104,-3.5648386927729616,5.681388003064797,9.058735913044018,7.316098912758548,10.212047561525802,11.48217668884302,19.190049087934078,11.616130553334573,2.812163541730593,1.9531034025189817,9.542630171464527,7.437339563323819,5.013099037878521,7.384492822980219,4.693240627345625,6.1421160377797355,-3.3353669326191957,-6.595092827777636,-13.845903531451555,-12.531848512599025,-12.391615752748267,-18.600205533125266,-20.913522564961298,-14.669956187448987,-14.61277003693092,-17.975342246417426,-19.708959769712195,-24.96232979918359,-28.213436791344495,-30.759957836189102,-26.330823162814855,-10.498827030497214,-9.93338928096965,-8.070619586942046,-3.371183626883862,-3.3462219719302477,-6.32244400640473,-7.764883479573546,-11.645870469399885,-28.899030650431726,,-18.37137929079853,-9.124154837055787,-26.9419631634517,-18.865439892175875,-10.742031800327563,-23.41893420041543,-20.125319401721924,-10.175828067117022,23.955217563067887,12.71433402102593,46.35363711988168,,47.75256934248642,30.83124336094008,40.489069345995915,42.582476957304806,43.501118432003,62.49759004469372,57.952947792670365,60.465865585080174,25.137870000967506,32.70310082484165,6.352013248564972,-12.547181319160067,-10.05367915375603,-21.355945907703507,-20.044935454269357,-12.947194160358329,-10.452866058243426,-30.144370260912705,-29.563772587952407,-37.73979802752022,-37.135508928794756,-28.959995529375306,-11.491640164161574,4.326011063110751,-9.623301347724997,16.24813653421066,35.176199578493346,6.900036531613516,1.0232740346188194,15.584746449677866,10.254278262908057,16.418465414341163,4.773721201948981,8.605468568425044,23.661208499979498,40.9574488404341,47.390243197370225,32.240340500801494,-1.3309765530577633,-2.3145442292890372,7.99600965688053,29.053717835256407,29.738574034145834,58.45924207068271,76.57121747776613,62.34945907328026,42.71435547169357,25.8454675783272,39.57730930446282,49.15564547141736,76.45327739584448,98.67880729745636,77.40523135104144,60.802159241470676,60.480337603740665,26.640340593570674
,,,,,,,,,,,,,,,,,,,,,,,,,,,,,,,,,,,,,,,,,,,,,,,,,,,,,,,,,,,,,,,,,,,,,,,,,,,,,,,,,,,,,,,,,,,,,,,,,,,,,,,,,,,,,,,,,,,,,,,,,,,,,,,,,,,,,,,,,,,,,,,,,,,,,,,,,,,,,,,,,,,,,,,,,,,                                               ,,,,,,,,,,,,,,,,,,,,,,,,,,,,,,,,,,,,,,,,,,,,,,,,,,,,,,,,,,,,,,,,,,,,,,,,,,,,,,,,,,,,,,,,,,,,,,,,,,,,,,,,,,,,,,,,,,,,,,,,,,,,,,,,,,,,,,,,,,,,,,,,,,,,,,,,,,,,,,,,,,,,,,,,,,,,,,,,,,,,,,,,,,,,,,,,,,,,,,,,,,,,,,,,,,,,,,,,,,,,,,,,,
,,,,,,,,,,,,,,,,,,,,,,,,,,,,,,,,,,,,,,,,,,,,,,,,,,,,,,,,,,,,,,,,,,,,,,,,,,,,,,,,,,,,,,,,,,,,,,,,,,,,,,,,,,,,,,,,,,,,,,,,,,,,,,,,,,,,,,,,,,,,,,,,,,,,,,,,,,,,,,,,,,,,,,,,,,,,,,,,,,,,,,,,,,,,,,,,,,,,,,,,,,,,,,,,,9,,,,,,,,,,,,,,,,,,,,,,,,,,,,,,,,,,,,,,,,,,,,,,,,,,,,,,,,,,,,,,,,,,,,,,,,,,,,,,,,,,,,,,,,,,,,,,,,,,,,,,,,,,,,,,,,,,,,,,,,,,,,,,,,,,,,,,,,,,,,,,,,,,,,,,,,,,,,,,,,,,,,,,,,,,,,,,,,,,,,,,,,,,,
