,1994-01-01 00:00:00,1994-02-01 00:00:00,1994-03-01 00:00:00,1994-04-01 00:00:00,1994-05-01 00:00:00,1994-06-01 00:00:00,1994-07-01 00:00:00,1994-08-01 00:00:00,1994-09-01 00:00:00,1994-10-01 00:00:00,1994-11-01 00:00:00,1994-12-01 00:00:00,1995-01-01 00:00:00,1995-02-01 00:00:00,1995-03-01 00:00:00,1995-04-01 00:00:00,1995-05-01 00:00:00,1995-06-01 00:00:00,1995-07-01 00:00:00,1995-08-01 00:00:00,1995-09-01 00:00:00,1995-10-01 00:00:00,1995-11-01 00:00:00,1995-12-01 00:00:00,1996-01-01 00:00:00,1996-02-01 00:00:00,1996-03-01 00:00:00,1996-04-01 00:00:00,1996-05-01 00:00:00,1996-06-01 00:00:00,1996-07-01 00:00:00,1996-08-01 00:00:00,1996-09-01 00:00:00,1996-10-01 00:00:00,1996-11-01 00:00:00,1996-12-01 00:00:00,1997-01-01 00:00:00,1997-02-01 00:00:00,1997-03-01 00:00:00,1997-04-01 00:00:00,1997-05-01 00:00:00,1997-06-01 00:00:00,1997-07-01 00:00:00,1997-08-01 00:00:00,1997-09-01 00:00:00,1997-10-01 00:00:00,1997-11-01 00:00:00,1997-12-01 00:00:00,1998-01-01 00:00:00,1998-02-01 00:00:00,1998-03-01 00:00:00,1998-04-01 00:00:00,1998-05-01 00:00:00,1998-06-01 00:00:00,1998-07-01 00:00:00,1998-08-01 00:00:00,1998-09-01 00:00:00,1998-10-01 00:00:00,1998-11-01 00:00:00,1998-12-01 00:00:00,1999-01-01 00:00:00,1999-02-01 00:00:00,1999-03-01 00:00:00,1999-04-01 00:00:00,1999-05-01 00:00:00,1999-06-01 00:00:00,1999-07-01 00:00:00,1999-08-01 00:00:00,1999-09-01 00:00:00,1999-10-01 00:00:00,1999-11-01 00:00:00,1999-12-01 00:00:00,2000-01-01 00:00:00,2000-02-01 00:00:00,2000-03-01 00:00:00,2000-04-01 00:00:00,2000-05-01 00:00:00,2000-06-01 00:00:00,2000-07-01 00:00:00,2000-08-01 00:00:00,2000-09-01 00:00:00,2000-10-01 00:00:00,2000-11-01 00:00:00,2000-12-01 00:00:00,2001-01-01 00:00:00,2001-02-01 00:00:00,2001-03-01 00:00:00,2001-04-01 00:00:00,2001-05-01 00:00:00,2001-06-01 00:00:00,2001-07-01 00:00:00,2001-08-01 00:00:00,2001-09-01 00:00:00,2001-10-01 00:00:00,2001-11-01 00:00:00,2001-12-01 00:00:00,2002-01-01 00:00:00,2002-02-01 00:00:00,2002-03-01 00:00:00,2002-04-01 00:00:00,2002-05-01 00:00:00,2002-06-01 00:00:00,2002-07-01 00:00:00,2002-08-01 00:00:00,2002-09-01 00:00:00,2002-10-01 00:00:00,2002-11-01 00:00:00,2002-12-01 00:00:00,2003-01-01 00:00:00,2003-02-01 00:00:00,2003-03-01 00:00:00,2003-04-01 00:00:00,2003-05-01 00:00:00,2003-06-01 00:00:00,2003-07-01 00:00:00,2003-08-01 00:00:00,2003-09-01 00:00:00,2003-10-01 00:00:00,2003-11-01 00:00:00,2003-12-01 00:00:00,2004-01-01 00:00:00,2004-02-01 00:00:00,2004-03-01 00:00:00,2004-04-01 00:00:00,2004-05-01 00:00:00,2004-06-01 00:00:00,2004-07-01 00:00:00,2004-08-01 00:00:00,2004-09-01 00:00:00,2004-10-01 00:00:00,2004-11-01 00:00:00,2004-12-01 00:00:00,2005-01-01 00:00:00,2005-02-01 00:00:00,2005-03-01 00:00:00,2005-04-01 00:00:00,2005-05-01 00:00:00,2005-06-01 00:00:00,2005-07-01 00:00:00,2005-08-01 00:00:00,2005-09-01 00:00:00,2005-10-01 00:00:00,2005-11-01 00:00:00,2005-12-01 00:00:00,2006-01-01 00:00:00,2006-02-01 00:00:00,2006-03-01 00:00:00,2006-04-01 00:00:00,2006-05-01 00:00:00,2006-06-01 00:00:00,2006-07-01 00:00:00,2006-08-01 00:00:00,2006-09-01 00:00:00,2006-10-01 00:00:00,2006-11-01 00:00:00,2006-12-01 00:00:00,2007-01-01 00:00:00,2007-02-01 00:00:00,2007-03-01 00:00:00,2007-04-01 00:00:00,2007-05-01 00:00:00,2007-06-01 00:00:00,2007-07-01 00:00:00,2007-08-01 00:00:00,2007-09-01 00:00:00,2007-10-01 00:00:00,2007-11-01 00:00:00,2007-12-01 00:00:00,2008-01-01 00:00:00,2008-02-01 00:00:00,2008-03-01 00:00:00,2008-04-01 00:00:00,2008-05-01 00:00:00,2008-06-01 00:00:00,2008-07-01 00:00:00,2008-08-01 00:00:00,2008-09-01 00:00:00,2008-10-01 00:00:00,2008-11-01 00:00:00,2008-12-01 00:00:00,2009-01-01 00:00:00,2009-02-01 00:00:00,2009-03-01 00:00:00,2009-04-01 00:00:00,2009-05-01 00:00:00,2009-06-01 00:00:00,2009-07-01 00:00:00,2009-08-01 00:00:00,2009-09-01 00:00:00,2009-10-01 00:00:00,2009-11-01 00:00:00,2009-12-01 00:00:00,2010-01-01 00:00:00,2010-02-01 00:00:00,2010-03-01 00:00:00,2010-04-01 00:00:00,2010-05-01 00:00:00,2010-06-01 00:00:00,2010-07-01 00:00:00,2010-08-01 00:00:00,2010-09-01 00:00:00,2010-10-01 00:00:00,2010-11-01 00:00:00,2010-12-01 00:00:00,2011-01-01 00:00:00,2011-02-01 00:00:00,2011-03-01 00:00:00,2011-04-01 00:00:00,2011-05-01 00:00:00,2011-06-01 00:00:00,2011-07-01 00:00:00,2011-08-01 00:00:00,2011-09-01 00:00:00,2011-10-01 00:00:00,2011-11-01 00:00:00,2011-12-01 00:00:00,2012-01-01 00:00:00,2012-02-01 00:00:00,2012-03-01 00:00:00,2012-04-01 00:00:00,2012-05-01 00:00:00,2012-06-01 00:00:00,2012-07-01 00:00:00,2012-08-01 00:00:00,2012-09-01 00:00:00,2012-10-01 00:00:00,2012-11-01 00:00:00,2012-12-01 00:00:00,2013-01-01 00:00:00,2013-02-01 00:00:00,2013-03-01 00:00:00,2013-04-01 00:00:00,2013-05-01 00:00:00,2013-06-01 00:00:00,2013-07-01 00:00:00,2013-08-01 00:00:00,2013-09-01 00:00:00,2013-10-01 00:00:00,2013-11-01 00:00:00,2013-12-01 00:00:00,2014-01-01 00:00:00,2014-02-01 00:00:00,2014-03-01 00:00:00,2014-04-01 00:00:00,2014-05-01 00:00:00,2014-06-01 00:00:00,2014-07-01 00:00:00,2014-08-01 00:00:00,2014-09-01 00:00:00,2014-10-01 00:00:00,2014-11-01 00:00:00,2014-12-01 00:00:00,2015-01-01 00:00:00,2015-02-01 00:00:00,2015-03-01 00:00:00,2015-04-01 00:00:00,2015-05-01 00:00:00,2015-06-01 00:00:00,2015-07-01 00:00:00,2015-08-01 00:00:00,2015-09-01 00:00:00,2015-10-01 00:00:00,2015-11-01 00:00:00,2015-12-01 00:00:00,2016-01-01 00:00:00,2016-02-01 00:00:00,2016-03-01 00:00:00,2016-04-01 00:00:00,2016-05-01 00:00:00,2016-06-01 00:00:00,2016-07-01 00:00:00,2016-08-01 00:00:00,2016-09-01 00:00:00,2016-10-01 00:00:00,2016-11-01 00:00:00,2016-12-01 00:00:00,2017-01-01 00:00:00,2017-02-01 00:00:00,2017-03-01 00:00:00,2017-04-01 00:00:00,2017-05-01 00:00:00,2017-06-01 00:00:00,2017-07-01 00:00:00,2017-08-01 00:00:00,2017-09-01 00:00:00,2017-10-01 00:00:00,2017-11-01 00:00:00,2017-12-01 00:00:00,2018-01-01 00:00:00,2018-02-01 00:00:00,2018-03-01 00:00:00,2018-04-01 00:00:00,2018-05-01 00:00:00,2018-06-01 00:00:00,2018-07-01 00:00:00,2018-08-01 00:00:00,2018-09-01 00:00:00,2018-10-01 00:00:00,2018-11-01 00:00:00,2018-12-01 00:00:00,2019-01-01 00:00:00,2019-02-01 00:00:00,2019-03-01 00:00:00,2019-04-01 00:00:00,2019-05-01 00:00:00,2019-06-01 00:00:00,2019-07-01 00:00:00,2019-08-01 00:00:00,2019-09-01 00:00:00,2019-10-01 00:00:00,2019-11-01 00:00:00,2019-12-01 00:00:00,2020-01-01 00:00:00,2020-02-01 00:00:00,2020-03-01 00:00:00,2020-04-01 00:00:00,2020-05-01 00:00:00,2020-06-01 00:00:00,2020-07-01 00:00:00,2020-08-01 00:00:00,2020-09-01 00:00:00,2020-10-01 00:00:00,2020-11-01 00:00:00,2020-12-01 00:00:00,2021-01-01 00:00:00,2021-02-01 00:00:00,2021-03-01 00:00:00,2021-04-01 00:00:00,2021-05-01 00:00:00,2021-06-01 00:00:00,2021-07-01 00:00:00,2021-08-01 00:00:00,2021-09-01 00:00:00,2021-10-01 00:00:00,2021-11-01 00:00:00,2021-12-01 00:00:00,2022-01-01 00:00:00,2022-02-01 00:00:00,2022-03-01 00:00:00,2022-04-01 00:00:00,2022-05-01 00:00:00,2022-06-01 00:00:00,2022-07-01 00:00:00,2022-08-01 00:00:00,2022-09-01 00:00:00,2022-10-01 00:00:00,2022-11-01 00:00:00,2022-12-01 00:00:00,2023-01-01 00:00:00,2023-02-01 00:00:00,2023-03-01 00:00:00,2023-04-01 00:00:00,2023-05-01 00:00:00,2023-06-01 00:00:00,2023-07-01 00:00:00,2023-08-01 00:00:00,2023-09-01 00:00:00,2023-10-01 00:00:00,2023-11-01 00:00:00,2023-12-01 00:00:00,2024-01-01 00:00:00,2024-02-01 00:00:00,2024-03-01 00:00:00,2024-04-01 00:00:00,2024-05-01 00:00:00,2024-06-01 00:00:00,2024-07-01 00:00:00,2024-08-01 00:00:00,2024-09-01 00:00:00,2024-10-01 00:00:00,2024-11-01 00:00:00,2024-12-01 00:00:00,2025-01-01 00:00:00,2025-02-01 00:00:00,2025-03-01 00:00:00,2025-04-01 00:00:00,2025-05-01 00:00:00,2025-06-01 00:00:00,2025-07-01 00:00:00,2025-08-01 00:00:00,2025-09-01 00:00:00,2025-10-01 00:00:00,2025-11-01 00:00:00,2025-12-01 00:00:00
CDS Activities,,,,,,,,,,,,,,,,,,,,,,,,,,,,,,,,,,,,,,,,,,,,,,,,,,,,,,,,,,,,,,,,,,,,,,,,,,,,,,,,,,,,,,,,,,,,,,,,,,,,,,,,,,,,,,,,,,,,,,,,,,,,,,,,,,,,,,,,,,,,,,,,,,,,,,,,,,,,,,,,,,,,,,,,,,,,,,,,,,,,,,,,,,,,,,,,,,,,,,,,,,,,,,,,,,,,,,,,,,,,,,,,,,,,,,,,,,,,,,,,,,,,,,,,,,,,,,,,,,,,,,,,,,,,,,,,,,,,,,,,,,,,,,,,,,,,,,,,,,,,,,,,,,,,,,,,,,,,Market Closed Due to COVID-19 Pandemic,,,,,,,,,,,,,,,,,,,,,,,,,,,,,,,,,,,,,,,,,,,,,,,,,,,,,,,,,,,,,,,,,,,,
Operational Highlights,,,,,,,,,,,,,,,,,,,,,,,,,,,,,,,,,,,,,,,,,,,,,,,,,,,,,,,,,,,,,,,,,,,,,,,,,,,,,,,,,,,,,,,,,,,,,,,,,,,,,,,,,,,,,,,,,,,,,,,,,,,,,,,,,,,,,,,,,,,,,,,,,,,,,,,,,,,,,,,,,,,,,,,,,,,,,,,,,,,,,,,,,,,,,,,,,,,,,,,,,,,,,,,,,,,,,,,,,,,,,,,,,,,,,,,,,,,,,,,,,,,,,,,,,,,,,,,,,,,,,,,,,,,,,,,,,,,,,,,,,,,,,,,,,,,,,,,,,,,,,,,,,,,,,,,,,,,,,,,,,,,,,,,,,,,,,,,,,,,,,,,,,,,,,,,,,,,,,,,,,,,,,,,,,,,,,,,,,,,,,,,,
New Accounts (No.),7878,8918,9304,5038,4513,8605,6004,4694,8573,4805,3401,2156,2074,1377,1568,895,853,1034,777,811,534,442,525,488,366,352,498,334,341,384,379,481,415,490,764,668,1162,764,575,747,881,850,1148,1006,1897,3152,3892,4135,12284,5592,6528,7769,13279,13730,8485,5915,2952,4704,2687,2405,1690,1452,1136,525,870,705,985,1306,690,750,1169,961,1206,1888,1687,424,768,1231,848,699,427,493,510,393,317,287,452,305,312,308,295,318,241,596,634,1002,674,527,445,374,429,667,641,579,722,966,2365,2627,2964,1051,701,701,690,1054,1813,1508,2691,4190,2808,1269,838,697,861,485,696,969,1155,1589,1364,1266,4964,6464,2770,2279,2737,2144,2940,5535,11836,4247,2905,9285,7240,2547,1264,1493,1406,1099,1132,1134,783,1009,1076,1330,1805,1292,1536,1719,1931,1081,1078,1264,1086,1185,1088,1198,1073,781,999,1097,795,893,817,1255,1277,1344,1259,919,668,510,821,1037,657,424,663,1241,1331,1124,4590,2967,2021,1829,1687,2519,3082,2253,2923,3439,6415,5442,5605,7901,9220,6799,7779,12921,21842,6005,7223,10950,7188,5448,7260,10444,7888,7525,5196,2473,2962,1874,2260,4298,4603,2630,2765,3023,1714,1522,2450,2189,1773,1572,1909,2032,2215,1931,1862,2173,2409,5093,2184,2190,2394,1442,1761,1951,2535,2186,2818,3037,2379,2779,1729,1729,2122,1377,1760,3685,4712,2358,3073,1962,1505,1606,1307,1140,1437,914,1133,1351,1462,1440,1086,1138,1377,939,1088,940,1260,833,877,882,962,816,833,982,1083,1208,855,898,1120,775,914,796,921,1077,825,1149,1096,841,931,621,922,603,612,607,877,831,719,1120,1229,1268,980,2078,372,,909,1864,1806,1222,1819,2380,2211,1950,2972,4176,2788,1592,2134,2342,2361,2490,3624,3105,4262,5559,7026,3362,2342,1074,1460,987,829,1621,1711,1305,1464,1089,1213,1079,1417,956,1061,1249,1835,1848,1363,1197,1040,1439,1229,1126,1215,1242,1343,1316,1579,1203,2004,1805,1856,3101,5016,3873,2952,2786,3330,3989,4118,5516,6080,6387,7111,6298
Deposits (No.),23473,25137,21235,15558,12825,36474,24390,2536,41796,16665,20206,9386,8175,7896,14443,3665,3265,3145,3250,4400,3546,2608,3584,5150,4515,3241,3208,2812,2800,2289,2746,2463,3258,5983,3723,4298,4211,3255,3092,3033,3778,3471,5229,6741,14083,14813,18518,10120,6660,6173,35878,20897,41165,41189,14849,10607,5320,4314,25829,5816,5415,7193,2540,7684,2274,2454,2527,6308,3566,2873,4447,12740,2738,5371,2543,1770,4025,2215,4333,2279,6804,4312,3125,3452,1461,1679,1262,848,1390,1502,3595,2757,3142,2282,1983,2817,2187,4557,2363,2437,4051,3625,7811,3566,3930,5158,2795,19530,6736,2884,4821,1423,1875,3783,14100,6951,8222,27737,14072,3274,7532,6214,3924,1878,5066,5969,2999,6250,11492,13119,9119,31228,1365,6952,13346,3806,10019,11798,48838,18330,7006,8596,53522,5458,6081,4608,4237,2136,12843,6848,7505,9514,3829,5420,3950,4183,3224,12392,12059,17024,6775,20169,11809,4013,5857,2910,3003,6845,2710,5220,10454,5085,7019,2955,11467,4567,7326,1624,12144,1903,935,1050,1560,1304,1797,1493,1936,2823,1790,10838,2819,15588,8821,3798,16610,23176,37533,15814,4924,17321,13796,41897,61121,83069,48235,31228,80667,81072,22701,50376,86459,35289,31361,10382,21141,20152,20016,8610,11784,37338,4336,8929,9457,4965,3217,2875,9974,5227,7618,2685,1870,41782,2289,1836,2323,8601,2077,4516,15309,7436,5241,1978,3257,12453,1772,2514,4722,5517,6508,3343,2602,6593,5429,7502,2332,22433,3907,6749,22291,4941,9754,3640,6504,1982,2901,2943,5781,31445,965,23864,8767,4322,1132,1008,4396,7371,3634,1365,18292,32644,2214,18477,3858,3617,1570,2431,3564,7496,6015,6858,24996,38528,14213,6993,4958,10080,2999,2164,668,717,513,3008,18434,44025,16140,3839,2785,12047,2574,16716,2856,6893,453,507,7608,,2159,12171,40679,3850,9443,318,13774,21653,5871,42644,88409,70145,17228,3766,16717,12449,9104,7563,12159,43387,17757,23000,23803,71410,6504,675,4436,4614,29961,338,16603,4653,473,3201,18059,69003,20895,336,11262,5185,26547,16903,503,2613,22519,7147,"*12,439 ",61924,13863,9117,34150,29918,17379,1891,19180,182,258,13032,32394,18524,15135,289,1078,971,12530,24829,10793,24481
Withdrawals (No.),171,241,280,206,254,292,288,180,180,241,245,185,234,292,246,167,300,231,271,224,223,119,137,214,188,95,75,108,144,153,94,172,84,98,72,81,136,51,81,107,59,46,74,94,48,128,26,85,40,42,82,49,24,99,49,97,137,88,113,50,79,38,48,78,61,36,26,25,24,52,80,27,39,35,75,27,48,24,63,33,34,25,49,42,45,19,43,24,34,40,19,35,35,25,24,61,70,24,32,58,53,24,60,49,23,31,13,10,19,25,25,8,39,58,32,19,105,65,26,50,38,29,26,32,27,28,16,25,20,34,21,19,1,22,19,14,18,12,17,19,39,16,16,12,14,10,31,10,11,32,22,22,12,12,21,15,32,26,19,18,28,9,8,22,13,15,16,2,10,7,11,7,6,6,13,12,12,12,10625,5,24,19,10,256,1,257,203,63,23,56,2,6,15,22,12,3,26,19,14,1,22,11,49,10,9,63,9,20,20,13,8,8,9,5,2,2,8,6,11,6,2,0,0,2,3,3,10,1,1,1,3,4,2,0,0,0,0,1,2,0,0,0,1,1,2,0,0,0,2,5,4,6,1,1,3,1,0,0,0,0,7,3,4,2,1,0,3,3,6,0,1,0,2,0,0,0,0,1,3,0,0,0,0,9,3,2,0,2,0,0,2,1,1,1,0,1,9,1,1,0,0,0,5,1,0,0,1,0,1,1,0,0,0,0,0,,-,2,0,0,1,1,0,0,0,1,0,1,1,0,0,0,0,1,0,1,0,0,0,0,0,0,1,0,0,0,0,0,0,0,0,0,0,0,0,0,0,0,1,0,0,0,0,0,0,0,0,3,12,0,0,0,0,0,5,0,0,0,0,0,0,0,0,0
Transfers (No.),1102,1070,1590,733,1071,1347,1469,988,1434,2103,1803,1017,2294,1318,1545,843,872,3529,1611,1781,1303,676,1361,1776,1006,1188,995,772,556,556,511,815,422,644,965,776,659,1139,904,1013,1324,1666,1498,1460,845,932,3994,1479,840,5784,1052,942,973,1117,1602,1000,950,845,1001,906,897,841,925,778,767,717,1314,922,2243,629,897,1259,873,836,750,1368,835,778,869,783,718,693,765,534,795,870,1064,931,584,761,817,1106,676,1112,1200,1285,1485,1074,636,599,1520,1383,1612,1293,1334,1481,690,1003,636,603,981,902,596,1438,2329,1485,1556,1965,1689,1169,950,902,914,380,681,2238,1097,1397,1657,1082,795,784,1028,1367,1236,1235,1474,1823,2040,2046,2010,1492,1014,107,1042,1435,1114,1047,1664,1124,1034,2044,1257,2996,1975,1803,1402,1450,1808,1435,1421,1203,1400,1311,1793,1090,2279,389,1154,1296,842,810,2477,1730,1386,978,1499,922,3497,735,640,1363,1458,1003,967,1156,1645,1790,23909,3429,4365,1426,1445,1580,1768,1005,1281,1849,2908,2567,2894,3112,3102,3782,4235,3886,4157,3808,5010,3892,3822,4690,9322,4077,3266,3761,3636,2130,2920,1769,2162,2015,1847,2065,3282,2977,1900,1263,1400,1287,2442,2113,2276,2383,2707,2544,1823,2370,1621,1315,1370,1390,2002,2248,2727,2948,3185,2330,2735,4852,3484,2215,1725,2056,2204,2185,2080,2268,1952,2652,3329,3046,2442,2666,1747,1436,2351,1803,2388,2739,1869,2184,2479,2542,3574,1647,2163,1451,2667,1772,2245,2564,2265,1745,1654,3294,3679,2678,2265,2551,3803,1753,2423,2088,1940,2056,1482,2787,2106,1881,3053,1402,1166,711,1154,2187,2612,1628,1736,3475,4426,4647,3045,1615,648,,341,1694,2271,1166,2113,1345,918,1694,1909,3036,3205,2735,1426,1421,2697,2621,2238,3084,2406,2659,3041,3214,4088,1704,1586,1687,1174,1680,1754,1600,2864,2431,1660,2134,2061,1317,1197,1879,2120,2923,4010,3015,1392,2317,2110,2403,2266,2055,12545,5984,3868,4717,3390,1794,1656,1352,2291,2283,1850,1440,1327,1893,2246,2778,2223,2553,3108,2121
Trades (No.),43486,52404,46558,20170,2337,28167,28144,31017,52454,28041,28580,222111,21150,18799,24443,12113,19753,18614,14067,16358,11648,9608,12512,7343,7560,7716,10984,5719,6168,6615,6243,7090,7264,13414,12442,7051,13681,8079,9958,20496,15499,17455,24838,23067,15064,14936,22338,21897,13459,13390,28815,29929,39410,37308,44279,34084,24652,15528,25615,23734,20838,17101,12983,7853,15239,12016,18841,26842,26642,17975,10598,19817,19231,17388,15227,7614,14561,15072,17448,11896,10620,11657,12147,7977,7678,5664,4386,4892,5719,8298,6211,8949,6600,25971,30507,42219,18615,17326,16813,10229,22369,30925,21398,24045,54938,39489,16830,10949,24477,12167,11627,19631,20567,63059,38234,36811,67516,94029,65955,30018,39142,33320,36684,31624,47073,54785,96264,77857,73631,77267,40006,40178,59221,85088,143536,86096,122514,54873,64868,99427,111845,107030,100307,68287,65889,87205,102910,76312,54978,83073,81790,57784,91506,88497,113389,50554,95262,94176,73401,33623,46159,38700,37061,69804,86435,116136,112913,73622,60122,100678,87053,70924,68347,63907,55558,83870,57114,59376,46610,22701,79869,35651,37394,53868,113911,170154,107885,105990,189762,191960,72185,107821,183566,236947,174934,210584,210697,308817,381291,361401,529329,305140,179330,273394,624682,418449,335730,254386,412175,485625,348878,555141,486586,252046,220425,185229,218569,218342,113799,86128,112004,149449,101993,139406,407993,141396,91771,76534,122645,86337,85807,154025,224538,114751,93908,91461,118529,152472,101443,75387,177056,91147,79012,102601,116771,127421,223593,255768,264350,207630,101443,103392,147116,132291,100581,108322,158055,124085,136032,188097,120118,142128,87992,61973,88074,64658,83010,106605,109940,81370,103124,133176,112244,76149,54791,43708,50722,47075,65508,89494,104904,100413,101594,71791,95563,129101,74562,51250,60946,108986,100869,66048,80737,61406,66773,64747,65284,70099,81202,58560,82896,55363,57216,52715,66238,54926,158594,122378,95928,155223,183313,112415,97094,79992,76943,,138473,201301,244701,257526,432743,549189,484627,507432,962957,575089,331453,396672,333058,484399,451149,951075,804206,646015,1091782,1103653,1120079,819556,497155,173440,311049,266294,276457,717297,763750,426457,338209,347490,381483,314245,404090,198068,205899,250576,538908,515259,251092,235648,181790,141902,154754,167432,293409,366816,292835,193500,173656,157203,241872,347795,376399,758450,772389,384823,258621,326872,392155,641100,968631,1616398,1704768,1754710,1386908,1315090
Market Days (No.),19,18,23,16,18,21,20,20,20,19,20,20,20,18,22,18,21,21,20,22,19,20,21,18,21,18,21,19,21,20,20,21,20,23,21,19,20,18,20,19,19,20,22,20,21,22,19,21,19,17,21,19,18,21,21,20,22,21,20,21,19,19,21,17,21,20,21,20,22,21,21,20,18,20,23,15,20,20,21,22,20,21,22,19,20,18,21,19,20,20,21,21,20,21,21,18,20,18,18,19,20,19,22,21,20,23,19,19,21,18,20,18,18,21,23,20,21,21,19,21,20,16,23,17,19,21,21,22,21,20,21,22,18,18,21,18,19,21,20,22,22,20,19,20,19,19,22,16,20,22,20,22,20,20,22,19,20,17,22,16,20,21,22,22,19,22,21,19,20,19,18,19,19,20,22,21,22,20,19,19,20,17,21,18,18,22,22,20,20,22,20,20,17,19,22,17,19,20,22,21,20,20,19,22,20,17,22,17,19,21,20,22,21,19,20,21,21,18,21,18,21,20,21,21,20,22,20,19,20,18,19,20,21,20,22,20,20,21,21,20,20,17,21,19,19,20,22,21,21,20,21,22,18,17,21,19,19,21,21,21,21,21,19,21,19,19,20,18,20,22,19,22,20,21,21,19,21,18,23,17,20,20,21,22,19,20,21,19,20,18,20,19,21,19,21,22,19,22,19,20,21,18,19,19,21,19,22,20,20,23,19,20,20,18,10,,14,21,23,20,21,20,21,21,18,18,22,18,18,21,20,22,21,19,20,23,19,18,21,11,17,21,20,22,22,19,21,20,20,20,22,16,21,20,20,21,19,22,22,19,20,19,19,19,20,18,23,21,19,21,20,21,20,17,19,19,19,20,22,20,21,21,19,21
Listed Companies (No.),202,202,202,202,203,206,207,208,212,212,213,215,217,221,222,224,225,224,224,224,224,224,224,226,230,231,232,232,232,232,232,233,234,235,235,235,236,236,235,235,234,235,235,236,236,236,237,239,239,239,240,240,241,243,244,244,244,243,243,240,240,236,238,237,239,239,239,239,239,239,239,239,238,238,237,234,237,237,238,238,237,237,238,239,240,238,238,237,237,237,237,237,237,237,238,238,239,240,239,240,242,242,241,240,240,239,238,238,238,238,239,240,240,240,240,239,240,241,244,244,245,244,241,241,241,241,238,238,240,240,241,242,241,241,241,242,242,243,241,240,237,238,239,239,237,237,235,235,236,236,236,236,236,236,237,237,237,237,237,237,237,237,237,237,237,236,235,235,235,235,236,234,234,233,234,234,234,234,234,235,236,236,235,235,234,232,232,232,231,231,231,231,231,231,232,233,234,235,235,237,237,238,240,241,243,244,246,247,250,259,264,266,267,269,272,272,276,277,278,279,281,284,285,285,287,287,287,287,287,287,287,286,287,287,288,288,288,288,288,289,290,291,293,293,293,294,295,295,293,292,293,294,295,295,296,297,297,297,297,296,296,294,294,294,295,295,294,294,294,294,294,295,295,295,294,295,295,295,295,295,296,296,295,295,295,295,296,296,298,299,299,299,299,298,297,297,297,297,297,297,297,297,297,296,291,291,290,290,290,290,289,289,289,290,289,,289,289,287,286,285,285,285,283,282,283,283,283,284,285,285,287,287,288,290,296,297,298,296,294,294,295,294,294,294,292,292,290,290,289,289,289,289,289,289,290,291,290,290,290,286,286,284,284,284,284,285,286,284,284,284,284,284,284,285,285,286,286,286,286,286,284,285,288
Participants (No.),23,23,23,23,23,23,23,23,23,23,23,23,25,25,25,25,25,25,25,25,25,25,25,25,25,25,25,25,25,25,25,25,25,25,25,25,25,26,26,26,26,26,26,26,26,26,26,26,26,26,26,26,26,26,26,26,26,26,27,27,27,28,28,28,29,29,29,29,30,30,30,30,30,30,31,31,31,31,31,31,31,31,31,31,31,31,31,31,32,32,32,32,32,32,32,32,32,32,32,32,32,32,32,32,32,32,32,32,32,32,32,32,32,32,32,32,32,32,32,32,32,32,34,34,34,34,34,34,34,34,34,34,34,34,34,34,34,34,34,34,34,34,34,35,35,35,35,35,35,35,35,35,35,35,35,37,37,37,37,37,37,37,37,37,37,36,36,36,36,36,36,36,36,36,36,36,36,36,36,36,36,36,36,36,36,36,36,36,36,36,37,37,37,37,37,37,37,37,37,38,38,38,38,39,40,42,44,44,44,44,45,45,46,46,46,46,46,46,46,46,46,46,46,46,46,46,46,46,46,46,45,45,45,45,45,45,45,45,45,45,45,46,46,46,46,46,47,47,47,48,49,50,50,50,50,50,51,51,51,51,51,52,52,52,52,52,52,52,52,51,51,51,51,51,51,51,51,51,51,51,50,50,50,50,49,49,49,47,47,47,47,47,47,47,47,47,47,47,45,45,45,45,45,45,45,45,45,45,45,45,44,44,44,44,44,,44,44,45,45,45,45,45,45,45,45,45,45,45,45,44,44,44,44,44,44,44,44,44,45,45,45,45,45,45,45,45,45,46,46,46,46,46,46,46,46,46,46,46,46,44,44,44,44,44,44,44,44,44,44,44,44,44,44,44,44,44,44,43,43,43,43,44,44
Registration Status of Securities Accounts,,,,,,,,,,,,,,,,,,,,,,,,,,,,,,,,,,,,,,,,,,,,,,,,,,,,,,,,,,,,,,,,,,,,,,,,,,,,,,,,,,,,,,,,,,,,,,,,,,,,,,,,,,,,,,,,,,,,,,,,,,,,,,,,,,,,,,,,,,,,,,,,,,,,,,,,,,,,,,,,,,,,,,,,,,,,,,,,,,,,,,,,,,,,,,,,,,,,,,,,,,,,,,,,,,,,,,,,,,,,,,,,,,,,,,,,,,,,,,,,,,,,,,,,,,,,,,,,,,,,,,,,,,,,,,,,,,,,,,,,,,,,,,,,,,,,,,,,,,,,,,,,,,,,,,,,,,,,,,,,,,,,,,,,,,,,,,,,,,,,,,,,,,,,,,,,,,,,,,,,,,,,,,,,,,,,,,,,,,,,,,,,
Local Individuals (No.),76729,89530,95831,99116,102681,109663,114184,117617,124339,127315,129542,130936,132226,133063,132489,133006,133482,133938,134371,134837,135145,135397,135716,135989,136182,136341,136582,136767,136967,137209,137477,137759,138027,138320,138894,139391,140303,140847,141210,141652,142227,142802,143510,144078,145471,147953,150919,154328,165643,170491,176600,182871,194936,207506,215159,220611,223140,227458,229878,232030,233496,234723,235592,235927,236601,237104,237829,238904,239360,239902,240813,241474,242453,244111,245559,245855,252759,247313,247942,248435,248722,249098,249488,249757,249951,250119,250433,250631,250861,251066,251239,251414,251551,251859,252166,252742,253113,253414,253680,253873,254131,254513,254911,255246,255645,256238,258083,260260,269986,263315,263829,264195,264652,265310,266486,267448,269288,272099,274027,274847,275371,275803,276345,276650,277116,277779,278575,279709,280659,281558,285423,290340,292193,293775,295671,297074,299139,303472,313000,315989,318111,325777,332044,334085,334971,336038,337040,337759,338496,339271,339780,340455,341170,341891,342907,343679,344570,345599,346785,347480,348165,348986,349703,350498,351219,352016,352743,353287,353963,354703,355276,355931,356515,357427,358329,359288,360145,360777,361267,361643,362234,362944,363411,363668,364032,364819,365650,366357,367626,369340,370642,371862,372904,374552,376568,378081,380002,382296,386586,390312,393849,399243,406101,410936,416115,425948,442957,447202,452350,460114,465292,468671,473754,481366,487311,492734,496508,498186,500198,501500,503066,506471,510617,512664,514545,516793,518066,519263,521223,522850,524242,525379,526680,528140,529754,531180,532595,534274,536256,540709,542353,544039,545749,546796,548053,549510,551367,552901,554898,557017,558698,560828,562052,563336,564943,565966,567137,570103,574106,575859,578123,579535,580601,581775,582763,583619,584717,585348,586134,587059,588172,589171,589890,590630,591628,592286,593027,593675,594586,595102,595593,596079,596718,597251,597806,598419,599112,599974,600508,601076,601804,602291,602866,603369,603963,604735,605313,606007,606717,607317,607999,608445,609159,609575,609982,610378,610930,611474,611928,612534,613162,613904,614504,616305,616544,,617187,618546,619796,620689,621854,623470,625026,626343,628376,631339,633255,634363,635985,637694,639328,641028,643425,645529,648658,652645,657914,660297,661948,662766,663810,664473,665052,666164,667318,668193,669080,669790,670570,671316,672245,672896,673636,674493,675724,676921,677835,678616,679292,680273,681060,681763,682533,683319,684169,685020,686096,686896,688363,689560,690870,693216,696970,699956,702208,704345,706947,709971,713038,717225,722014,727025,732683,737735
Foreign  Individuals (No.),,,,,,,,,,,,,,,840,852,869,878,890,898,909,915.1819,923,935,948,959,967,973,978,982,984,986,993,999,1010,1018,1035,1038,1047,1054,1062,1069,1084,1099,1115,1129,1136,1148,1163,1178,1193,1209,1213,1222,1228,1237,1243,1246,1250,1257,1268,1274,1286,1292,1298,1308,1315,1325,1333,1339,1345,1353,1362,1366,1380,1382,1392,1398,1405,1416,1421,1421,1422,1423,1426,1429,1442,1447,1451,1455,1456,1460,1462,1472,1475,1482,1489,1493,1493,1500,1502,1516,1521,1531,1544,1563,1586,1593,1613,1621,1630,1641,1649,1662,1676,1695,1714,1738,1759,1783,1807,1821,1833,1843,1852,1861,1871,1893,1909,1919,1996,2044,2070,2088,2107,2127,2146,2177,2242,2262,2288,2317,2357,2377,2393,2413,2423,2433,2447,2449,2454,2462,2470,2474,2482,2487,2492,2500,2509,2514,2520,2526,2530,2537,2541,2553,2562,2577,2584,2585,2590,2598,2601,2606,2623,2641,2666,2672,2675,2675,2685,2695,2700,2708,2718,2731,2753,2766,2791,2815,2841,2867,2886,2913,2943,2972,3005,3032,3085,3135,3183,3232,3313,3345,3410,3482,3557,3596,3647,3691,3716,3748,3773,3792,3818,3847,3884,3912,3946,3964,3986,4017,4050,4068,4089,4102,4120,4134,4153,4173,4185,4191,4199,4217,4226,4233,4243,4253,4264,4287,4303,4309,4321,4325,4336,4347,4349,4359,4365,4376,4381,4396,4401,4410,4420,4424,4438,4446,4453,4460,4468,4473,4478,4486,4491,4499,4512,4515,4524,4531,4536,4540,4546,4557,4557,4561,4571,4578,4585,4589,4594,4598,4603,4612,4617,4619,4624,4633,4639,4652,4655,4662,4667,4668,4673,4679,4686,4694,4697,4697,4703,4707,4712,4721,4724,4729,4736,4743,4746,4750,4758,4765,4774,4788,4794,,4798,4802,4804,4814,4819,4824,4825,4833,4843,4848,4855,4865,4869,4872,4875,4877,4885,4890,4894,4895,4908,4913,4920,4921,4933,4938,4943,4952,4958,4959,4965,4967,4973,4977,4982,4986,4991,4993,4996,5001,5004,5006,5011,5016,5022,5026,5029,5033,5042,5046,5051,5059,5069,5075,5082,5091,5110,5126,5147,5153,5161,5178,5190,5210,5235,5254,5279,5290
Local Companies (No.),1176,1274,1343,1387,1419,1455,1498,1531,1570,1614,1643,1677,1701,1714,1743,1750,1760,1773,1788,1797,1809,1819,1835,1849,1855,1860,1868,1873,1880,1882,1888,1900,1902,1909,1917,1923,1933,1940,1949,1960,1968,1979,1996,2013,2048,2078,2096,2124,2164,2177,2204,2217,2251,2276,2304,2313,2330,2342,2352,2365,2379,2391,2412,2421,2434,2444,2456,2472,2483,2500,2513,2527,2546,2552,2570,2577,2586,2602,2612,2627,2639,2644,2649,2660,2667,2675,2682,2688,2692,2697,2703,2708,2716,2733,2750,2769,2785,2798,2810,2826,2836,2854,2868,2878,2893,2909,2927,2950,2965,2986,3003,3022,3042,3050,3076,3148,3184,3267,3306,3327,3342,3356,3376,3383,3404,3419,3433,3458,3482,3498,3624,3720,3770,3806,3842,3878,3954,4014,4221,4280,4319,4462,4498,4529,4552,4577,4606,4617,4637,4648,4659,4671,4691,4713,4742,4755,4771,4784,4810,4814,4831,4836,4852,4867,4876,4886,4894,4908,4916,4927,4936,4942,4959,4973,4984,4997,5014,5033,5039,5042,5050,5063,5071,5084,5095,5116,5138,5152,5164,5202,5228,5262,5280,5303,5339,5352,5391,5462,5541,5625,5699,5826,5954,6114,6241,6385,6502,6586,6693,6952,7003,7064,7131,7181,7247,7321,7394,7433,7485,7500,7518,7615,7679,7730,7774,7829,7861,7884,7895,7919,7945,7966,7985,8010,8032,8053,8068,8085,8111,8133,8143,8168,8186,8215,8249,8282,8325,8360,8414,8487,8560,8619,8663,8681,8711,8744,8768,8805,8868,8913,8950,8995,9036,9082,9112,9138,9172,9200,9218,9259,9277,9302,9321,9346,9374,9402,9432,9453,9477,9489,9508,9532,9553,9579,9611,9629,9666,9698,9720,9740,9765,9790,9811,9844,9872,9894,9912,9948,9969,9990,10032,10048,10055,10073,10091,10107,10133,10170,10202,10263,10297,10322,10352,10384,10405,,10423,10465,10506,10521,10554,10614,10645,10726,10816,10917,11077,11153,11207,11294,11403,11481,11572,11715,11836,12002,12172,12303,12441,12476,12512,12552,12566,12614,12648,12671,12726,12757,12784,12814,12837,12863,12888,12910,12961,12999,13037,13063,13090,13142,13194,13231,13273,13299,13336,13369,13424,13467,13508,13550,13592,13648,13721,13801,13858,13903,13950,14009,14063,14146,14214,14316,14408,14490
Foreign  Companies (No.),1015,1228,1314,1366,1424,1481,1537,1588,1661,1712,1791,1838,1884,1933,1126,1160,1179,1193,1212,1229,1250,1272,1295,1316,1340,1377,1440,1456,1472,1487,1502,1551,1570,1590,1603,1620,1633,1649,1669,1701,1739,1778,1835,1892,1931,1975,1992,2011,2038,2061,2085,2105,2131,2150,2166,2179,2194,2204,2212,2219,2229,2240,2253,2266,2286,2298,2318,2331,2343,2364,2379,2387,2395,2408,2421,2428,2440,2455,2469,2485,2492,2500,2518,2534,2545,2568,2581,2595,2613,2617,2626,2631,2640,2650,2665,2671,2686,2693,2703,2727,2734,2743,2754,2766,2771,2796,2804,2817,2828,2836,2843,2851,2867,2871,2879,2885,2900,2930,2949,2956,2964,2971,2979,2988,2997,3006,3008,3016,3023,3028,3039,3047,3055,3060,3062,3070,3076,3090,3112,3128,3138,3155,3165,3174,3188,3200,3216,3223,3239,3253,3258,3262,3272,3287,3296,3305,3309,3321,3351,3365,3378,3390,3403,3426,3432,3442,3457,3468,3501,3512,3525,3525,3528,3532,3546,3556,3573,3583,3595,3604,3609,3614,3628,3636,3646,3650,3658,3663,3677,3691,3704,3713,3747,3764,3777,3780,3796,3807,3819,3833,3851,3861,3876,3893,3911,3919,3948,3964,3972,4003,4012,4037,4042,4057,4090,4112,4122,4132,4148,4166,4194,4213,4228,4235,4244,4260,4280,4295,4308,4320,4332,4353,4374,4383,4416,4437,4447,4460,4476,4491,4512,4529,4551,4561,4581,4604,4620,4630,4647,4665,4696,4705,4716,4730,4743,4764,4775,4785,4803,4822,4829,4855,4873,4899,4911,4921,4930,4942,4950,4963,4975,4993,5005,5015,5036,5056,5086,5094,5114,5121,5139,5168,5190,5200,5218,5236,5252,5263,5280,5291,5306,5315,5336,5353,5371,5381,5396,5420,5441,5452,5468,5481,5484,5494,5500,5516,5527,5545,5554,5563,5575,5586,5602,5612,5612,,5618,5638,5654,5658,5661,5669,5675,5682,5689,5697,5705,5708,5713,5718,5736,5746,5751,5755,5760,5767,5779,5788,5794,5797,5801,5809,5812,5825,5827,5832,5836,5843,5855,5861,5865,5869,5875,5876,5881,5895,5904,5911,5915,5921,5927,5934,5936,5939,5947,5951,5955,5962,5970,5978,5982,5991,5993,5995,5999,6007,6023,6032,6048,6053,6056,6062,6068,6072
(The above break-up excludes the number of multiple registrations sought by the same client through different participants),,,,,,,,,,,,,,,,,,,,,,,,,,,,,,,,,,,,,,,,,,,,,,,,,,,,,,,,,,,,,,,,,,,,,,,,,,,,,,,,,,,,,,,,,,,,,,,,,,,,,,,,,,,,,,,,,,,,,,,,,,,,,,,,,,,,,,,,,,,,,,,,,,,,,,,,,,,,,,,,,,,,,,,,,,,,,,,,,,,,,,,,,,,,,,,,,,,,,,,,,,,,,,,,,,,,,,,,,,,,,,,,,,,,,,,,,,,,,,,,,,,,,,,,,,,,,,,,,,,,,,,,,,,,,,,,,,,,,,,,,,,,,,,,,,,,,,,,,,,,,,,,,,,,,,,,,,,,,,,,,,,,,,,,,,,,,,,,,,,,,,,,,,,,,,,,,,,,,,,,,,,,,,,,,,,,,,,,,,,,,,,,
Total Number of Registrations,,,,,,,,,,,,,,,,,,,,,,,,,,,,,,,,,,,191172,191840,193002,193766,194341,195088,195968,196818,197966,198972,200869,204021,207912,212047,224331,229923,236451,244220,257499,271229,279715,285629,288581,293285,295972,298377,300067,301519,302655,303180,304050,304755,305740,307046,307736,308486,309655,310620,311822,313710,315397,315821,316589,317821,318668,319367,319794,320287,320797,321190,321507,321794,322246,322551,322863,323171,323466,323784,324025,324621,325255,326257,326931,327458,327903,328277,328706,329373,330014,330593,331315,332281,334646,337273,340237,341288,341989,342690,343380,344416,346247,347755,350446,354636,357444,358713,359551,360248,361106,361594,362289,363259,364414,366003,367367,368607,373597,380050,382831,385110,387847,289991,392931,398466,410302,414549,417454,426739,433979,436526,437790,439283,440689,441788,442920,444054,444837,445846,446922,448252,450057,451349,452885,454604,456535,457616,458694,459985,461044,462229,463317,464515,465588,466369,467368,468465,469260,470153,470970,472225,473502,474846,476105,477024,477692,478202,479023,480060,480717,481141,481804,483045,484376,485500,490090,493057,495078,496907,498594,501113,504195,506448,509371,512810,519225,524667,530208,538173,547393,554192,561971,574762,596734,602691,609962,620912,628100,633548,640785,651161,659140,666665,671861,674334,677296,679170,681430,685728,690784,693414,696179,699202,700916,702438,704888,707077,708850,710422,712331,714363,716578,718509,720371,722544,724953,730046,732230,734420,736814,738256,740017,741968,744503,746689,749507,752544,756564,759344,759344,761073,762802,764924,768062,771746,776458,778816,781889,783852,785357,786963,788270,789410,790847,791761,792894,794245,795707,797146,798231,799369,800746,801685,802773,803713,804973,805806,806683,807565,808527,809343,810176,811158,812241,813449,814304,815202,816322,817097,818011,818807,819728,820805,821630,822779,823875,824716,825647,826268,827190,827793,828405,829012,829889,830720,831439,832560,833789,835057,836037,838115,838487,,839396,841260,843066,844288,846108,848488,850699,852649,855621,859797,862585,864177,866311,868653,871014,873505,877129,880234,884496,890055,897081,900443,902785,903859,905319,906306,907135,908756,910467,911772,913236,914325,915538,916617,918034,918990,920051,921300,923135,924983,926346,927543,928583,930022,931251,932377,933592,934834,936177,937493,939072,940275,942279,944084,945940,949041,954057,957930,960882,963668,966998,970987,975106,980622,986702,993089,1000201,1006499
Value of Securities Held,,,,,,,,,,,,,,,,,,,,,,,,,,,,,,,,,,,,,,,,,,,,,,,,,,,,,,,,,,,,,,,,,,,,,,,,,,,,,,,,,,,,,,,,,,,,,,,,,,,,,,,,,,,,,,,,,,,,,,,,,,,,,,,,,,,,,,,,,,,,,,,,,,,,,,,,,,,,,,,,,,,,,,,,,,,,,,,,,,,,,,,,,,,,,,,,,,,,,,,,,,,,,,,,,,,,,,,,,,,,,,,,,,,,,,,,,,,,,,,,,,,,,,,,,,,,,,,,,,,,,,,,,,,,,,,,,,,,,,,,,,,,,,,,,,,,,,,,,,,,,,,,,,,,,,,,,,,,,,,,,,,,,,,,,,,,,,,,,,,,,,,,,,,,,,,,,,,,,,,,,,,,,,,,,,,,,,,,,,,,,,,,
By Domestic Clients,,,,,,,,,,,34737817300,32947504128,32674418083,27775938525,30660096375,27018474943,25515657369,26747277954,25606855902,26883088571,24256685581,24636701819,24450360612,24786762391,24489985449,24909632995,25786041951,25021729456,25062356700,23180826230,21380236114,21967654023,23047809316,24584543071,25273586325,25279988295,25749134656,25626528587,25807493531,31029758202,29967789675,32843177999,36627456743,33931646634,34473580743,32365487441,31081530320,32184640815,30173907792,30918388603,32491867673,35985205895,32071033534,28209103202,29741719540,24882457645,25120755831,24746750856,28453583231,29760213176,28620460532,28622531664,27476330982,28460496703,29145333375,27022255889,31246194006,31517566426,32822373608,31258207835,32683681761,33971502874,33045034127,33710004471,31354259736,29812627607,30916897065,31246194006,32248859845,32822373608,34875733779,33115511488,29493863783,30958295963,30260614421,30503239587,29446095283,29028715775,30096257922,30259410148,29803326112,29627520400,30747769090,39572208859,42552265677,50923851544,44506939488,44699450591,48001964243,48784191565,54391996204,56234373527,55343109885,61627311097,68764025495,66123540057,61123664046,66473589846,68608776371,64655872290,63194161782,70861902603,72059618880,84061384140,90383551102,92366751886,111300068904,128570671018,111350155231,98230292478,110353661242,110404900390,109256751378,103518582120,117447796148,122519904378,130104276886,125087432556,132827640149,142086023353,139635001946,140379692671,153133115986,157955820617,164248137797,173361157753,173435373412,171012339463,185484522736,196486073511,221186095765,231929883304,213130066076,179780977574,194510086630,209340960398,211232771484,202344526725,196349979789,187504648608,195229627191,203263390028,221474750988,234741082484,251228334550,248693409143,270323691331,274983654662,253985626987,255319015099,229885861400,241628134255,236034930360,251295933823,253938014645,261035819617,258549069784,260455057250,248334317035,251387997537,256121899776,260750165819,256574392912,247474934578,236103516485,240130539358,220092843822,195131246843,182729389058,162325407351,203035875562,188977617237,184169228736,206797327044,259968960781,279772121787,290233677187,300454904501,341106978196,348225296940,341272099732,387688404745,417628989148,444062950127,461881390437,533873858633,546610746610,609724042437,682782966525,747335974017,974610454535,941491942371,911548887821,941974593961,1034362264488,1070763827215,1047448188932,1069315882008,1113241260018,1040587216132,1122238220333,1150428448505,1168279411083,1079621885856,1120472226045,1245225813463,1318082728351,1297770448188,1288401536731,1258947179252,1129556360412,1209412778894,1201658186000,1261846393019,1481808366298,1356643875291,1301471994538,1365510212856,1406613782418,1372023506974,1388485033226,1437463302269,1532975094735,1463693846479,1432264500944,1524003680783,1535122997335,1565428601852,1550800364834,1590676023999,1679225691405,1626118513398,1635640198720,1707647323703,1719414313106,1753758937622,1866276330316,1932490382097,1984049475015,2074954308069,1927502898138,2096802778871,2065015657783,2103542007208,1984314578530,2091890037701,2125705436615,2099905341503,2199585903814,2193021760880,2121590746786,2129593822482,2112573511477,2117385190375,1968253620493,1689991316046,1888374990398,2026564589212,2021838553024,1961175806670,2012941251919,2056899999709,2058464260203,2022810943796,2010850506992,2089436837750,2068843383353,2058103634697,2044032220782,2188411685048,2227454342229,2253085934792,2223866221348,2154629360825,2176321446623,2223042225086,2170524314638,2166576445495,2188491895505,2265039529582,2253454000029,2304995886752,2259005050728,2175079799612,2161309395965,2148043646970,2077414345557,2106112553754,2120228267373,2129284474428,2097491398501,2040757925263,1965828800365,1968359568001,1911719347089,1947720407517,2132960519857,2144867973069,2100621831524,2201828628326,2258116453577,2247283777924,2176192530527,2020021367714,1706925211511,,1825323027241,1873072341638,1875770676276,1976429246575,2206099647760,2131216210722,2087796281377,2255181828920,2967818100097,2544011949164,2421355397889,2512824650297,2619264776440,2797383140844,2890648337246,3192519286315,3350715779324,3603717688504,4035100904931,4215832232470,4472312293581,4089415912123,3012442245942,2554008552401,2832228269286,2518852913885,2600422733337,3056031897500,3316941598501,2955568546017,2989087903333,2953404407503,2956272053084,3094614743957,2976940329084,2870816623514,2728815713147,2967985766375,3457108529832,3364972556035,3416546058816,3220938617411,3226922289668,3216206094562,3127102117003,3183876786267,3456186351210,3728876789231,3647614903008,3639092992367,3457348894864,3271226904047,3564798391970,3812563707935,3905542264446,4649264616735,4974234954644,4728814173411,4599435773621,4646109115639,4983722104023,5256127434470,5650496531509,6053048833604,6334010078184,6646804581012,6637064587170,6570990986878
By Foreign Clients,,,,,,,,,,,28984378572,26312098326,25010451278,21312616343,21182503301,18600399258,17680816151,18877817796,20437206008,19178201314,17661365284,18350188686,17836233295,17352116522,17367355342,18358074684,19056556767,17925022675,17614093062,16280454199,15085252069,15149029226,15888820215,16413118348,16755119980,16206178024,16731792193,17098645569,17695116798,21059913011,21349350389,24715740582,28715045731,30336079677,29892170341,27368259250,24456303466,25270098412,22080747121,23151017578,25738451895,28715689317,22537322452,16453929082,18066895956,14103069000,14031456359,14284718511,17978062684,18642267096,17161306676,16539843458,14827003324,15331817512,15444819090,13620688089,17203415047,17297677675,17074500336,15529728310,16915706149,17299808603,15249879202,15448446571,12756767820,11810817397,12000677747,17203415047,9940297187,17074500336,11940764909,11024016709,9128278825,9458049338,9464925593,9674533849,8994633174,8728187149,8611388115,8506587238,8453441476,7844773216,7817580503,10873803965,11012153953,12242569681,10428793796,11136892199,12055203621,12469565111,14703940279,16302859031,16448795250,18309842335,21429255500,20497786025,19163487632,19470125802,19797087096,19094053746,20409447148,22689177456,25378575955,30968569651,34295179174,35712709096,40148802600,47239638015,41472182541,37829684250,43273245741,43435491635,44098241093,42298108417,44807796073,49044778911,50886077709,48342678835,50902078092,52681087231,54121281597,54651969822,60968887024,64737641138,66537615927,70590269213,67213240760,70347424200,76687035619,80365710471,100620667203,99638466137,90908342346,79999408861,87950442355,93247393516,96094249425,90883754271,91534702616,83435084847,88817752143,91478101935,96774376181,104328307856,121999767606,121382996232,131156097219,130127543161,136231693525,141317766457,129440808267,134763547995,145386906259,154547492622,150794127760,156856968958,155884754459,157632873776,149195816229,154279935690,178370544383,186194543251,180373369734,173013022227,180963823402,175781067186,157379136746,133458187683,118000873511,108006237636,130172054511,120573509642,116159356159,128588152434,156619139523,174132667220,178236337374,186457393395,207899442271,209139042334,194513619245,231217901708,257025998136,283766335672,241858159758,271732968114,297823102973,312274813593,390826971677,401600067907,473494768923,438958462759,425636905229,431283414485,456197275344,472403528497,453424162194,450194674477,448395117824,435929905899,442045591134,457006947958,442268126948,405242934962,441196639045,438031714712,436324898764,428807573638,450228111843,442005115442,403306379197,472765083312,479904146893,523171049064,594760654858,557826428462,556562800188,593691381895,614019699106,604747362821,619789689472,649967202192,711700471596,668865939479,664424386988,641488605125,641624889305,664568857016,657379359711,678741032927,713987645285,681168082457,692660226331,719508836807,729993496013,748251873357,794453812142,818210369858,836786807365,872929363210,865231253470,891883751641,869788914635,886180005353,827536852314,871737198086,865275156179,839521991256,875072657503,865845278337,835792489231,831225808440,824538292922,817516020268,751908104606,966868387048,725759074780,771526068070,782436306441,752254689529,769570626687,791116459672,794816230472,778022230588,754506016324,756373151622,740272104124,751824988725,742738833667,824423247841,823767273526,840226749534,827291130185,800110193610,794680757114,821182247966,792262036788,778485508760,804849467769,809563698274,794982037532,809627894533,790702561900,764642502706,760251301004,729202018920,694935772201,701895900989,711706120779,699210641613,686228304404,666396210690,632699829205,622980403691,602309770503,603765207892,681338433032,670867714264,659206501642,695842480456,713578053668,692868929590,669534411081,624820781794,489674255111,,517100656751,548871082090,532594571253,548633189691,608607551645,583859541010,638279671380,684153136192,778544586232,704795462318,682540189416,667622974417,678866841315,692266687983,723521466749,856156304827,919054728505,968304233072,1107948204936,1287425965920,1355578346966,1188947769688,907479546713,777152330213,881863776195,783213490810,818830551649,973470655734,1061586232259,889492657679,966999973431,964941764676,989311334064,1002495969840,953399876342,974732034900,889042589802,933410087966,1037187972110,1012274159091,1013646108275,977324475372,973803380160,991130621831,960599373217,1022585744090,1064921201670,1110977999180,1090560365811,1085732685634,1028563958050,992270534929,1034913288123,1108548101747,1108313123155,935948710559,1009222524505,971963157525,946157394287,950091378677,1023909638817,1082178367731,1137310811504,1252180374850,1268333738502,1320588858933,1342500537831,1339532969275
Total Market Value of Securities held by CDS (Rs.),0,0,0,0,49565678976,50970222775,54048229285,59812440616,68631841033,66430202061,63722195872,59259602454,57684869361,49088554868,51842599676,45618874201,43196473520,45625095750,46044061910,46061289885,41918050865,42986890505,42286593907,42138878913,41857340792,43267707679,44842598718,42946752131,42976449762,39461280429,36465488183,37116683249,38936629531,40997661419,42028706305,41486166319,42480926849,42725174156,43502610329,52089671213,51317140064,57558918581,65342502474,64267726311,64365751084,59733746692,55537833786,57454739227,52254654913,54069406181,58230319568,64700895212,54608355986,44663032284,47808615496,38985526645,39152212190,39031469367,46431645915,48402480272,45781767208,45162375122,42303334306,43792314215,44590152465,40642943978,48449609053,48815244101,49896873944,46787936145,49599387910,51271311477,48294913329,49158451042,44111027556,41623445004,42917574812,48449609053,42189157032,49896873944,46816498688,44139528197,38622142608,40416345301,39725450014,40177773436,38440728457,37756902924,38707646037,38765997386,38256767588,27472293616,38565349593,50446012824,53564419630,63166421225,54935733284,55836342790,60057167864,61253756676,69095936483,72537232558,71791905135,79937153432,91193280995,86621326082,80287151678,85943715648,88405863467,83749926036,83603608930,93551080059,97438194835,115029953791,124678730276,128079460982,151448871504,175810309033,152822337772,136059976728,153626906983,153840392025,153354992471,145816690537,162255592221,171564683289,180990354595,173430111391,183729718241,194767110584,193756283543,195031662493,214102003010,222693461756,230785753724,243951426965,240648614172,241359763663,262171558355,276851783982,321806762968,331568349441,304038408422,259780386435,282460528985,302588353914,307327020909,293228280996,287884682405,270939733455,284047379334,294741491963,318249127169,339069390340,373228102156,370076405375,401479788550,405111197823,390217320512,396636781556,359326669667,376391682250,381421836619,405843426445,404732142405,417892788575,414433824243,418087931026,397530133334,405667933227,434492444159,446944709070,436947762646,420487956805,417067339887,415911606544,377471980568,328589434526,300730262569,270331644987,333207930073,309551126879,300328584895,335385479478,416588100304,453904789007,468470014561,486912297896,549006420467,557364339274,535785718977,618906306453,674654987284,727829285799,703739550195,805606826747,844433849583,921998856030,1073609938202,1148936041924,1448105223458,1380450405129,1337185793050,1373258008446,1490559539833,1543167355713,1500872351126,1519510556486,1561636377842,1476517122031,1564283811467,1607435396463,1610547538031,1484864820818,1561668865090,1683257528175,1754407627115,1726578021826,1738629648574,1700952294694,1532862739609,1682177862206,1681562332893,1785017442082,2076569021156,1914470303753,1858034794726,1959201594751,2020633481524,1976770869795,2008274722698,2087430504462,2244675566331,2132559785958,2096688887932,2165492285909,2176747886640,2229997458869,2208179724545,2269417056927,2393213336690,2307286595855,2328300425052,2427156160510,2449407809119,2502010810979,2660730142458,2750700751955,2820836282380,2947883671278,2792734151608,2988686530512,2934804572417,2989722012560,2811851430845,2963627235786,2990980592794,2939427332758,3074658561316,3058867039216,2957383236016,2960819630922,2937111804399,2934901210643,2720161725098,2656859703094,2614134065178,2798090657282,2804274859465,2713430496200,2782511878606.4,2848016459382.05,2853280490675,2800833174384,2765356523316,2845809989371,2809115487477,2809928623422,2786771054450,3012834932890,3051221615755,3093312684326,3051157351533,2954739554435,2971002203737,3044224473053,2962786351426,2945061954255,2993341363274,3074603227856,3048436037562,3114623781285,3049707612629,2939722302318,2921560696969,2877245665891,2772350117758,2808008454742,2831934388152,2828495116040,2783719702905,2707154135953,2598528629570,2591339971692,2514029117592,2551485615409,2814298952889,2815735687333,2759828333167,2897671108782,"2,971,694,507,245 2",2940152707514,2845726941607,2644842149509,2196599466623,,2342423683992,2421943423727,2408365247530,2525062436266,2814707199405,2715075751731,2726075952757,2939334965111,3746362686329,3248807411483,3103895587305,3180447624714,3298131617755,3489649828827,3614169803995,4048675591142,4269770507829,4572021921576,5143049109867,5503258198390,5827890640547,5278363681811,3919921792656,3331160882615,3714092045481,3302066404695,3419253284986,4029502553235,4378527830760,3845061203697,3956087876763,3918346172179,3945583387148,4097110713797,3930340205426,3845548658414,3617858302949,3901395854341,4494296501942,4377246715127,4430192167090,4198263092783,4200725669828,4207336716394,3127102117003,4206462530357,4521107552880,4839854788411,4738175268819,4724825678002,4485912852914,4263497438976,4599711680093,3812563707935,5013855387601,5585213327294,5983457479149,5700777330936,5545593167908,5596200494316,6007631742840,6338305802201,6787807343013,7305229208454,7602343816686,7967393439944,7979565125001,7910523956154
Market Capitalization (Equities) - Rs.,145680000000,175840000000,154590000000,137290000000,133770000000,133140000000,114440000000,145100000000,163960000000,158420000000,153870000000,143210000000,142470000000,123640000000,129100000000,116290000000,108914838027,113395695172,114438486507,113561458718,102970766901,103239527993,104172924749,106869418751,108970737507,110005475780,113074019202,109114610411,107452958924,98650306190,92680513951,93613040520,98424398842,104997187038,104845823356,104197455970,108495993824,108304302728,111635903871,129612262647,128219076931,139289033954,152999904639,149089606101,142754382683,133352050740,123186114896,129428186711,122339251623,128880177579,134765678432,147884866294,129698899653,111120789564,114419795487,96190412612,97271249176,97311806209,112210539921,116665202138,112134944946,111278440738,104923493825,107693603328,108733919801,102934001993,113595929816,111666571344,113109941206,106262289888,110982044722,112782744907,109783172653,107087277850,97777610879,94242649419,94326045450,101389889609,100596032859,113109941206,103493942020,97727381338,85997788161,88830643317,87294493006,87531587326,83861979094,82472381220,83340095075,85219183205,83459398351,81176474160,80431209292,100748694610,107135066772,124044913623,112405399423,121069305799,124651626568,124583187941,138579163335,143981263543,142287300938,152904968311,174280540245,166013963705,159865622360,162587892678,186220623527,176048562296,173593672231,194037056192,202126193221,247750567312,247156427111,256032321390,308029760894,345460734254,298427593921,262838442176,300948032681,299542371929,314022355038,296466407255,322690683850,332355203677,356120430715,335778489545,357945844050,379302021308,365112074415,382665427813,422062794155,438571484857,437095476761,457528424154,485298291846,477321754020,607851576914,649618050394,734841382393,761568510296,696354244487,584039899997,649828044555,672246883025,688245985402,688290934802,672589525136,645309952268,670327725994,673076054460,729461361488,751908751444,851646184400,834762986244,909965542652,928438535450,869260593990,884647777779,804327508957,828473730155,787114404831,814618871786,824346824955,843367273154,825319616815,820651528531,791608723968,819922220578,827728441962,851626855245,821267309673,795060403708,801381956951,784047062289,699250362468,594346834895,535015515615,488812523578,592741959498,551985040448,553749217693,599044242025,712071868995,775405411746,807458607694,834923995228,941509943224,958690733982,939248593785,1092137878300,1171241787659,1226966379786,1210844221541,1363349557330,1380186575934,1503910806825,1692570127627,1862744822435,2308757168184,2209102603504,2132001205377,2210452080971,2387639563465,2599869855886,2425046529471,2487161348069,2515215992912,2351754448523,2444703668986,2466612550970,2435503807210,2270978161641,2218446286820,2213873103608,2084130779198,2001181075743,2012873661932,2016910380321,1807424739738,1894219395336,1889712870533,1980806422888,2284883840025,2112108174877,2054909508166,2167581396539,2234512818812,2165244060755,2205051069546,2280759536392,2481835714907,2350744384646,2323347314422,2402882748421,2390162399347,2165011823744,2135225608466,2168578937100,2291079789400,2201985241158,2221941945842,2320795765890,2338279133615,2389565033107,2547760284133,34842636418429500,2760289850816,2815314241486,2756692061609,2827762046026,2762951388171,2815015766212,2635212241073,2785807483472,2813061048505,2743072230133,2983016953726,3104337502466,2990809242094,2990460833127,2943291600782,2937997952403,2706655822236,2646081162836,2586153933663,2776540757392,2791184882322,2677632178624,2517324700452.9,2585430836677,2592190520266.1,2732379880508,2659515388061,2745406184283,2701597475386,2698397341844,2662860329230,2908769393398,2944098588945,3041228156641,3010145928048,2897748031212,2919697537743,3008752070747,2922663551086,2899291197951,2961465766946,3046352101534,3032708226621,3049251127914,2989015024897,2893761394639,,,,,,,,,,,,,,,,,,,,,,,,,,,,,,,,,,,,,,,,,,,,,,,,,,,,,,,,,,,,,,,,,,,,,,,,,,,,,,,,,,,,,,,,,,
Percentage Value held by the CDS,,,,,0.37,0.38,0.47,0.41,0.42,0.42,0.41,0.41,0.4,0.4,0.4,0.39,0.4,0.41,0.41,0.4,0.41,0.42,0.41,0.4,0.39,0.4,0.4,0.4,0.4,0.4,0.4,0.4,0.4,0.39,0.4,0.4,0.4,0.4,0.39,0.4,0.4,0.42,0.43,0.44,0.45,0.45,0.45,0.45,0.43,0.43,0.44,0.44,0.42,0.4,0.42,0.41,0.4,0.41,0.42,0.42,0.41,0.4,0.4,0.41,0.41,,0.43,0.44,0.44,0.44,0.45,0.45,0.44,0.46,0.45,0.44,0.45,0.46,0.42,0.44,0.45,0.45,0.45,0.45,0.45,0.46,0.46,0.46,0.46,0.45,0.45,0.46,0.47,0.5,0.5,0.51,0.49,0.46,0.48,0.49,0.5,0.5,0.5,0.52,0.52,0.52,0.502216489654055,0.5285984966802462,0.4747372326040037,0.4757205906355924,0.48160516368793216,0.4821299698879736,0.4820661453236958,0.46429743850450683,0.5044527133417646,0.5002472355312655,0.49166960706799034,0.5089154615868311,0.5120918470175223,0.5176563047687388,0.5104765285036503,0.5135847427337076,0.4883569274946761,0.49184894803807744,0.5028208136818202,0.5162088072968325,0.5082279447759204,0.5165015532293573,0.513289150565848,0.5134881957980542,0.5306761871774457,0.5096662732445942,0.5072752348110844,0.5077700430720231,0.52799849459479,0.5331940357936934,0.49587772760668436,0.5056542293123454,0.4313085106828513,0.426176248972895,0.4379268379252691,0.43537560305917694,0.4366145691349713,0.44479903930593506,0.43466965045872713,0.45011492288726185,0.4465365980006295,0.42602374398604087,0.428024332295078,0.4198598402252404,0.4237440408910409,0.43790221032223053,0.43627962215821264,0.45094486490393365,0.4382431448559191,0.4433311149074202,0.4412032870826393,0.43633604418051086,0.44890717836507504,0.4483555958867582,0.446741738490272,0.4543193930597902,0.4845824625721269,0.4982003738204765,0.49097313188183117,0.49550510421417815,0.5021494894818399,0.5094585417691168,0.5021800812671056,0.4947639215595675,0.5249214864830597,0.524812840644182,0.5320408562468867,0.5288754852385174,0.5204351511404209,0.5304676550024428,0.5398237896305336,0.5528580539745789,0.5620963388759124,0.553037477452975,0.5621466891852867,0.5607962248900139,0.5423548698564535,0.5598676290490132,0.58503659313485,0.585377380827058,0.57,0.58,0.58,0.58,0.56,0.56,0.57,0.59,0.58,0.59,0.61,0.61,0.63,0.61,0.62,0.62,0.62,0.62,0.62,0.59,0.61,0.61,0.62,0.62,0.63,0.65,0.66,0.65,0.7,0.75,0.83,0.85,0.85,0.83,0.83,0.88,0.88,0.89,0.9,0.89,0.89,0.89,0.89,0.9,0.9,,,,,,,,,,,,,,,,,,,,,,,,,,,,,,,,,,,,,,,,,,,,,,,,,,,,,,,,,,,,,,,,,,,,,,,,,,,,,,,,,,,,,,,,,,,,,,,,,,,,,,,,,,,,,,,,,,,,,,,,,,,,,,,,,,,,,,,,,,,,,,,,,,,,,,,,,
Number of Shares in Custody,,,,,,,,,,,,,,,,,,,,,,,,,,,,,,,,,,,,,,,,,,,,,,,,,,,,,,,,,,,,,,,,,,,,,,,,,,,,,,,,,,,,,,,,,,,,,,,,,,,,,,,,,,,,,,,,,,,,,,,,,,,,,,,,,,,,,,,,,,,,,,,,,,,,,,,,,,,,,,,,,,,,,,,,,,,,,,,,,,,,,,,,,,,,,,,,,,,,,,,,,,,,,,,,,,,,,,,,,,,,,,,,,,,,,,,,,,,,,,,,,,,,,,,,,,,,,,,,,,,,,,,,,,,,,,,,,,,,,,,,,,,,,,,,,,,,,,,,,,,,,,,,,,,,,,,,,,,,,,,,,,,,,,,,,,,,,,,,,,,,,,,,,,,,,,,,, ,,,,,,,,,,,,,,,,,,,,,,,,,,,,,,,
By Domestic Clients,,,,,,,,,557759392,582873481,599431201,613448374,,,,,,,,747286975,751366974,759231389,766334610,818435378,851870867,854826376,853197713,862656065,865318264,868136063,882613246,931976760,938665137,951721154,965804600,978463787,977864308,981935137,989425974,1010644929,999011191,1009046234,1031630059,1045441965,1079870985,1104290589,1224409211,1076026129,1098247169,1111234888,1131787045,1134196062,1159973835,1195573214,1214232711,1211914696,1236127146,1259763204,1267754737,1252142653,1274190214,1298629107,1328552081,1350432869,1393194542,1369578848,1413021613,1428214378,1441143786,1440839290,1441323351,1450321195,1472415147,1491790718,1529167009,1531134765,1526239393,1537549404,1594269292,1620064954,1636601572,1652074178,1672639469,1702705180,1700330116,1701098726,1711964669,1712342819,1726038293,1738215633,1745455303,1741431841,1788428998,1806972651,1841637268,1879047803,1895201263,1828292832,1968037914,1983556648,1997807446,1937744550,1953522462,1964954718,1963956351,2002631092,1918245012,2165302637,2257396564,2272785685,2267073473,2263955726,2247697139,2179935201,2391826142,2422229372,2650937407,2850811095,2876388755,2883172210,2923669066,2933043917,2947308909,2995139799,3014129330,3041786982,3062671275,3749730376,3793895367,4328194085,3926626780,4043194030,4019374757,4163027971,4236644394,4274318013,4491884623,4856422670,5347000543,5535960639,5536552578,5554250226,5814350938,5853728316,5575331495,5927389585,5930579772,5908523940,5980002612,6088715087,6368047468,6587252257,6724938966,6760101071,6728367754,6746194551,6816381569,6334379564,6423981755,6520113591,6552893157,6664872700,6859204977,7426426723,7466637259,7524289899,7568433776,7679883624,7690960824,7042263,7119194632,7149717366,7399511398,7481806989,7382683970,7420955376,7523680073,7670109878,7758460512,7683558299,7710822810,7718020150,7733161874,7697307216,7763083436,7730051764,8065379814,8187810265,8240825232,8485944291,8506874731,9351466302,9361103473,9519370026,10212770166,10840627266,11061586155,11723823733,12386465996,12665564340,12980113999,14346897183,16555397024,17185010853,17510410773,18004680806,18507028612,19518775161,21248261601,22473712819,29130195463,30320024074,30980928716,31364581115,33506997378,34928832403,36644129271,37932249017,39264841354,40008350325,41297052950,48491208262,49210826299,49311495231,49526467710,49560851974,49710516147,49910795140,50017011271,50056914375,50034255262,50167979562,50217358848,50292912550,50505444360,52297290403,52361816032,52392168145,52693380553,53093868887,53431989473,53695056068,53797093213,54156532484,53901889860,54528780750,54703953962,54755836990,56296478526,57026693259,57204631536,58055005499,58291832582,58389956915,58417879216,58564625885,58667184023,58956950735,59556920936,59510518225,59700781044,59923549633,60356835785,60408557436,60761729515,58488395401,61174212570,61285224504,61341599418,61631807705,61828366045,62451348343,62390138168,62484936436,62856413470,63685060656,64255500229,64167953728,65536247168,65762546480,66402224960,66574571858,66663733763,66941194977,67153211321,67222699890,67289640556,67460569176,68503169129,73155411453,74667244567,74861862130,74947960941,74980046726,75019872842,73469398871,73412943189,73447721226,73324935662,73202806136,73134675428,72878284081,72967345597,73297395322,73432243154,73493839234,70662662543,71797754681,71781029151,72013272394,72267332839,72337332086,72397385015,72575459862,72657575855,,77265135676,77115533093,77233596842,87526711226,88071970089,88110074120,86402729527,87106443435,87499061667,89662628464,93039013397,95468192323,104169102536,105101120414,104592978179,105508334883,106165619739,106292411409,107496650308,109546352370,110548708868,111057641546,111500668867,120552793360,121409386190,121730010379,121949680336,121149034363,122696540755,122760011614,"123,199,895,960 122,760,011,614",123195465767,123479249550,137314339520,137250843461,137643158611,138575807657,137932645332,138013214337,141298398602,141355060146,146011817155,146373925894,146848560592,148067493604,148235337321,149445279672,29066392438,151128146556,151342673574,149339722603,149860950362,150142549349,150666442109,159302094535,159400400766,159632959437,161781558566,163243321785,163209863066,167669165728,167793622243,166437896124,166656694852,166767683321,168646100349,169069535069,171032452890
By Foreign Clients,,,,,,,,,547335458,550468269,548373860,548241596,,,,,,,,656766657,657692125,656395345,667833969,643998799,643581283,649970794,649010071,645077741,68428873,666306136,666145324,665351934,674710200,675408843,676706782,672211185,675712293,677335282,680032329,683865529,691732827,700037642,698707797,708399154,702109420,703988663,596094413,581992181,574432502,552228257,553663592,553535878,554362429,529347741,525081555,530757747,532952547,514758965,515520352,513377541,509721153,505072589,505940836,506665576,511274402,508618685,520745833,537470418,529028702,532871330,532243972,524912487,522286791,520921598,531081316,518217942,524473392,520783353,471668006,477316761,521773647,514980301,513583506,510588445,519011159,521303068,519559144,521254587,516643705,510378451,517529028,540998548,545376095,545034269,525497719,514131651,508831615,507357905,518298835,522666489,536694161,575189053,585281573,587010931,604901321,608294135,595671597,633264196,646008118,652755511,662822667,671560808,687081013,710774440,749774188,749774188,638766204,644288041,667233673,678750720,692616731,695153452,696802831,675325753,672484233,692002790,705450658,34372400,34342109,34526512,721002630,748855127,756196128,755961230,756259821,741383912,749408962,811422775,1315685962,1380206465,1447992950,1417590977,1490818671,1526948317,1525814950,1532593037,1579602748,1603764578,1632766899,1637672633,1710569373,137011558,1683098155,1709402281,1732983239,1737905307,1782130166,1774327275,2356619190,2419271219,2445972585,2480881398,3233978986,3274031121,3240368980,3266790838,3288546163,3563780029,3581683438,3603910,4263586520,4296616899,4302762651,4304077487,443181775,4470393209,4477789093,4471497507,4404507166,4456768705,4435922884,4434526507,4669028092,4658646444,4770549805,4763336158,4762508806,5046977928,5038347882,5037628153,4962634821,4984254152,5138715937,5109033813,5108417892,5142968708,6098662212,6027521836,5957814494,5928990574,5953570488,6378141480,6565861975,6648008636,6673148829,6812281199,7349121843,7481915561,7536365310,7762801807,8642906925,8678059794,8745864480,8705200675,14659486118,15241151742,15210929354,15649272556,15764023946,15793034439,16339060657,16497855922,16599555694,17065391800,17141777451,17458964830,17389954115,17464270932,17404931514,17439704935,17491945838,17456659235,17521706023,17566688569,17676688569,18022544310,18074946139,18243105169,18255522485,18236355497,18327735674,17882260423,17935200910,17937105420,18529445616,18535747372,18553319215,19055415747,19032874011,20016228827,20045868117,20274271152,20374324558,20562841790,20577622187,20207838958,20183963972,20250828539,20388315365,20330966752,20304420151,20417623689,20444873755,20474857761,20481890156,22967665701,20932459413,20932681148,20921010124,21033855149,21071772510,21075814726,21139600765,21038776710,21045870106,21256852842,21578640474,21735836850,21862142572,22197844520,22362043668,22425998884,22551963888,23442771366,23225255841,23150876653,23185008780,23123183569,23129162690,23195409281,23386347540,23476944136,23615417217,23608097199,23611717058,24115822938,24610537731,24545531637,24639858393,24591762791,24560857962,24104574760,24112294993,24138829353,24195923556,24190096454,26854902891,26959925120,26949663215,26961751370,26899083697,26869956623,26906666945,26885155014,26820602732,,26675287990,26531807386,26427904904,26464688593,26200521416,26228095519,26287807889,26260459921,26160588013,26305248768,26192590454,26336488999,26978831447,26950604585,26908900592,26866722185,26737243140,26728019684,26626262894,26873376396,26662409402,26894365721,27603479945,27650572825,27631369308,27629105964,27822499656,27805893479,29302824050,28101659477,28227751233,28320981952,28414533664,28441791448,28440681455,28146653470,28449282785,28341926996,28409858458,28463119006,28672070867,29679689879,29334576170,29289985518,29358155225,29576321380,28887128377,179437800721,29125036844,29945370680,28488737138,29035622038,29074861370,29047504018,35314096951,33424339812,34412881234,34514560107,34525972316,34530310817,34785738716,34753686471,32844501343,32801831512,32768900315,32705275015,32651771607,32738183008
Total,,,,,,,,,1105094850,1133341750,1147805061,1161689970,,,,,,,1386214477,1404053632,1409059099,1415626734,1434168579,1462434177,1495452150,1504797170,1502207784,1507733806,1533747137,1534442199,1548758570,1597328694,1613375337,1627129997,1642511382,1650674972,1653576601,1659270419,1669458303,1694510458,1690744018,1709083876,1730337856,1753841119,1781980405,1808279252,1820503624,1661018310,1672679671,1663463145,1685450637,1687731940,1714336264,1724920955,1739314266,1742672443,1769079693,1774522169,1783275089,1765520194,1783911367,1803701696,1834492917,1857098445,1904468944,1878197533,1933767446,1965684796,1970172488,1973710620,1973567323,1975233682,1994701938,2012712316,2060248325,2049352707,2050712785,2058332757,2065937298,2097381715,2158375219,2167054479,2186222975,2213293625,2219341275,2222401794,2231523813,2233597406,2242681998,2248594084,2262984331,2282430389,2333805093,2352006920,2367134987,2393179454,2404032878,2335650737,2486336749,2506223137,2534501607,2512933603,2538804035,2551965649,2568857672,2610925227,2513916609,2798566833,2903404682,2925541196,2929896140,2935516534,2934778152,2890709641,3141600330,3172003560,3289703611,3495099136,3543622428,3561922930,3616285797,3628197369,3644111740,3670465552,3686613563,3733789772,3768121933,3784102776,3828237476,4362720597,4647629410,4792049157,4775570885,4918989201,4992904215,5015701925,5241293585,5667845445,6662686505,6916167104,6984545528,6971841203,7305169609,7380676633,7101146445,7459982622,7510182520,7512288518,7612769511,7726387720,8078616841,8324263815,8408037121,8469503352,8461350993,8484099858,8598511735,8108706839,8780600945,8939384810,8998865742,9145754098,10093183963,10700457844,10707006239,10791080737,10856979939,11243663653,11272644262,10646173639,11382781152,11446334265,11702274049,11785884385,11825856745,11891348585,12001469166,12141607385,12162967678,12140327004,12146745694,12152546657,12402189966,12355953660,12553633241,12493387922,12827888620,13234788193,13279173114,13523572444,13469509552,14335720454,14499819410,14628403839,15321188058,15983595974,17160248367,17751345569,18344280490,18594554914,1448105223458,20725038663,23121258999,23833019489,24183559602,24816962005,25856150455,27000690722,28784626911,30236514626,37773102388,38998083868,39726793196,40069781790,48166483496,50169984145,51855058625,53581521573,55028865300,55801384764,57636113607,64989064184,65810381993,66376887031,66668245161,67019816804,67100470262,67375066072,67421942785,67496619310,67526201100,67624638797,67739064871,67859601119,68182132929,70319834713,70436762171,70635273314,70948903038,71330224384,71759725147,71577316491,71732294123,72093637904,72431335476,73064528122,73257273177,73811252737,75329352537,77042922086,77250499653,78329276651,78666157140,78952798705,78995501403,78772464843,78851147995,79207779274,79945236301,79841484977,80005201195,80341173322,80801709540,80883415197,81243619671,81456061102,82106671983,82217905652,82262609542,82665662854,82900138555,83527163069,83529738933,83523713146,83902283576,84941913498,85834140703,85903790578,87398389740,87960391000,88764268628,89000570742,89215697651,90383966343,90378467162,90373576543,90474649336,90583752745,91632331819,96350820734,98053592107,98338806266,98563378158,98588143925,98631589900,97585221809,98023480920,97993252863,97964794055,97794568927,97695533390,96982858841,97079640590,97436224675,97628166710,97683935688,97517565434,98757679801,98730692366,98975023764,99166416536,99207288709,99304051960,99460614876,99478178587,,103940423666,103647340479,103661501746,113991399819,114218491505,114338169639,112690537416,113366903356,113659649680,115855218918,119344262165,121804681322,131147933983,132051724999,131501878771,132375057068,132902862879,133020431093,134122913202,136419728766,137211118270,137952007267,139104148812,148203366185,149040755498,149359116343,149772179992,148954927842,151999364805,150861671091,151427647193,151516447719,151893783214,165756130968,165691524916,165789812081,167025090442,166274572328,166423072795,169761517608,170027131013,175691507034,175708502064,176138546110,177425648829,177811658701,178332408049,29066392438,180253183400,181288044254,177828459741,178896572400,179217410719,179713946127,194616191486,192824740578,194045840671,196296118673,197769294101,197740173883,202454904444,202547308714,199282397467,199458526364,199536583636,201351375364,201721306676,203770635898
