Market Capitalisation as at 30th December 2005,,,,,
COMPANY CODE,NAME,DATE TRADED,INDEXED SHARES (No),PRICE (Rs),MARKET CAP(Rs.)
DIAL,DIALOG ,2005-12-30 00:00:00,7403434913,16.5,122156676064.5
JKH,JKH,2005-12-30 00:00:00,399614597,129.25,51650186662.25
SLTL,SLT,2005-12-30 00:00:00,1804860000,16.5,29780190000
COMB,COMMERCIAL BANK,2005-12-30 00:00:00,132778324,135.5,17991462902
LIOC,LANKA IOC,2005-12-30 00:00:00,532529905,33,17573486865
CARS,CARSONS,2005-12-30 00:00:00,6112260,2205.25,13479061365
DFCC,DFCC,2005-12-30 00:00:00,57581846,220,12668006120
NDB,NAT. DEV. BANK,2005-12-30 00:00:00,54570257,215,11732605255
CTC,CEYLON TOBACCO,2005-12-30 00:00:00,187323751,57.75,10817946620.25
HNB,HNB,2005-12-30 00:00:00,94664700,112.5,10649778750
DIST,DISTILLERIES ,2005-12-30 00:00:00,300000000,35,10500000000
HHL,HEMAS HOLDINGS,2005-12-30 00:00:00,99556850,103.75,10329023187.5
BUKI,BUKIT DARAH,2005-12-30 00:00:00,10000000,953.5,9535000000
AHPL,AHOT PROPERTIES,2005-12-30 00:00:00,221387650,41.5,9187587475
CTHR,CEY THEATRES ,2005-12-28 00:00:00,2249268,4000,8997072000
SPEN,AITKEN SPENCE,2005-12-30 00:00:00,27060403,309.75,8381959829.25
RICH,RICHARD PIERIS,2005-12-30 00:00:00,118385560,67.75,8020621690
HAYL,HAYLEYS,2005-12-30 00:00:00,75000000,97,7275000000
OSEA,OVERSEAS REALTY,2005-12-30 00:00:00,583939902,12,7007278824
SAMP,SAMPATH,2005-12-30 00:00:00,68887628,90,6199886520
NEST,NESTLE,2005-12-30 00:00:00,53725463,111.25,5976957758.75
SHAL,SHALIMAR,2005-12-28 00:00:00,6940080,800,5552064000
JFIN,JAMES FINLAY,2005-12-29 00:00:00,35000000,151.25,5293750000
TRAN,TRANS ASIA,2005-12-30 00:00:00,50000000,98.5,4925000000
KHL,KEELLS HOTELS,2005-12-30 00:00:00,59569641,81,4825140921
LOLC,LOLC,2005-12-30 00:00:00,47520000,100.75,4787640000
HDEV,HOTEL DEVELOPERS,2005-12-30 00:00:00,45226100,100.25,4533916525
DIPD,DIPPED PRODUCTS,2005-12-29 00:00:00,59861512,75,4489613400
CTEA,TEA SERVICES,2005-12-30 00:00:00,10000000,435,4350000000
LION,LION  BREWERY,2005-12-30 00:00:00,50000000,70,3500000000
LLUB,CALTEX,2005-12-30 00:00:00,60000000,58,3480000000
SINS,SINGER SRI LANKA,2005-12-30 00:00:00,50083844,63.5,3180324094
CFIN,CENTRAL FINANCE,2005-12-30 00:00:00,20300000,152.5,3095750000
MILL,MILLERS ,2005-12-20 00:00:00,3894750,790,3076852500
CARG,CARGILLS,2005-12-30 00:00:00,5600000,525,2940000000
LHCL,LANKA HOSPITALS,2005-12-30 00:00:00,156612518,18.5,2897331583
LHL,LIGHTHOUSE HOTEL,2005-12-30 00:00:00,46000000,60,2760000000
AHUN,A.SPEN.HOT.HOLD.,2005-12-30 00:00:00,38433144,68,2613453792
CCS,COLD STORES ,2005-12-29 00:00:00,21600000,120,2592000000
CTCE,EAGLE INSURANCE,2005-12-30 00:00:00,30000000,85,2550000000
CDIC,CDIC,2005-12-29 00:00:00,43855007,57,2499735399
TKYO,TOKYO CEMENT,2005-12-30 00:00:00,15000000,165,2475000000
SERV,HOTEL SERVICES,2005-12-27 00:00:00,17600000,140,2464000000
UAL,UNION ASSURANCE,2005-12-30 00:00:00,25000000,96,2400000000
ASIR,ASIRI,2005-12-30 00:00:00,47427362,50,2371368100
MGT,HAYLEYS - MGT,2005-12-30 00:00:00,49177492,42.75,2102337783
GUAR,CEYLON GUARDIAN,2005-12-30 00:00:00,18938112,110.5,2092661376
COML,COMM. LEASING,2005-12-30 00:00:00,12100005,170.25,2060025851.25
GHLL,GALADARI,2005-12-30 00:00:00,182434060,11.25,2052383175
NTB,NATIONS TRUST,2005-12-30 00:00:00,85000000,23.5,1997500000
AMW,AMW,2005-12-29 00:00:00,8242369,225,1854533025
NHL,NAWALOKA,2005-12-30 00:00:00,704752798,2.5,1761881995
TAJ,TAJ LANKA,2005-12-30 00:00:00,139637494,12,1675649928
HUNT,HUNTERS,2005-12-30 00:00:00,5145000,325,1672125000
RCL,ROYAL CERAMIC ,2005-12-30 00:00:00,553946920,3,1661840760
PDL,PDL,2005-12-30 00:00:00,66000000,25,1650000000
CINV,CEYLON INVESTMENTS,2005-12-30 00:00:00,24145803,67.75,1635878153.25
SEYB,SEYLAN BANK,2005-12-30 00:00:00,43560000,36.75,1600830000
BREW,CEYLON BREWERY,2005-12-28 00:00:00,20988090,75,1574106750
UML,UNITED MOTORS,2005-12-30 00:00:00,29429350,53.25,1567112887.5
CINS,CEYLINCO INS.,2005-12-30 00:00:00,20000000,75,1500000000
ACL,ACL,2005-12-30 00:00:00,14973420,94,1407501480
SELI,SELINSING,2005-12-28 00:00:00,6940080,200,1388016000
DOCK,DOCKYARD,2005-12-30 00:00:00,62074441,22.25,1381156312.25
JKL,JOHN KEELLS,2005-12-30 00:00:00,15200000,90,1368000000
SIRA,SIERRA ,2005-12-30 00:00:00,537512430,2.5,1343781075
TILE,LANKA TILES,2005-12-30 00:00:00,22104340,60,1326260400
ACAP,ASIA CAPITAL,2005-12-30 00:00:00,110000000,12,1320000000
CONN,CONNAISSANCE,2005-12-29 00:00:00,35024966,37.5,1313436225
MBSL,MERCHANT BANK,2005-12-30 00:00:00,90000000,14.25,1282500000
HDFC,HDFC,2005-12-30 00:00:00,6622500,191,1264897500
NEH,NUWARA ELIYA,2005-12-09 00:00:00,2003870,625,1252418750
GLAS,CEYLON GLASS ,2005-12-30 00:00:00,554216880,2.25,1246987980
GOOD,GOOD HOPE,2005-12-20 00:00:00,6871307,180,1236835260
INDO,INDO MALAY,2005-12-30 00:00:00,6998400,176,1231718400
RPBH,ROYAL PALMS,2005-12-29 00:00:00,50000000,24.5,1225000000
CIC,CIC,2005-12-30 00:00:00,8100000,150,1215000000
KHC,KANDY HOTELS ,2005-12-30 00:00:00,16500000,73.25,1208625000
BRWN,BROWNS ,2005-12-30 00:00:00,2625000,460.25,1208156250
BOGA,BOGALA GRAPHITE,2005-12-30 00:00:00,39729000,30,1191870000
COXY,CEYLON OXYGEN,2005-12-30 00:00:00,6750000,165,1113750000
DIMO,DIMO,2005-12-30 00:00:00,10000000,108,1080000000
LWL,LANKA WALLTILE,2005-12-30 00:00:00,32500000,32.75,1064375000
MLL,MLL,2005-12-22 00:00:00,20393002,52,1060436104
AMSL,ASIRI MEDICAL,2005-12-30 00:00:00,352304980,3,1056914940
KURU,KURUWITA TEXTILE,2005-12-29 00:00:00,25000000,40,1000000000
HAYC,HAYCARB,2005-12-29 00:00:00,29712375,33.25,987936468.75
SUGA,PELWATTE,2005-12-30 00:00:00,67976891,14,951676474
ASHO,LANKA ASHOK,2005-12-16 00:00:00,3620843,262.75,951376498.25
SUN,SUNSHINE HOLDING,2005-12-29 00:00:00,10000000,95,950000000
LFIN,LB FINANCE,2005-12-30 00:00:00,13500000,69.25,934875000
LCEM,LANKA CEMENT,2005-12-30 00:00:00,155629639,6,933777834
MRH,MAHAWELI REACH,2005-12-30 00:00:00,47066447,19.75,929562328.25
KVAL,KELANI VALLEY,2005-12-30 00:00:00,34000000,27,918000000
CERA,LANKA CERAMIC,2005-12-29 00:00:00,30000000,30,900000000
CHOT,HOTELS CORPORATION,2005-12-30 00:00:00,3000000,300,900000000
SHAW,LEE HEDGES,2005-12-30 00:00:00,5120546,175.5,898655823
PABC,PAN ASIA,2005-12-30 00:00:00,55571883,16,889150128
TSML,TEA SMALLHOLDER,2005-12-29 00:00:00,15000000,55,825000000
EQIT,EQUITY,2005-12-28 00:00:00,40321730,20,806434600
AEC,AEC ,2005-12-06 00:00:00,2896128,275.25,797159232
GRAN,GRAIN ELEVATORS,2005-12-30 00:00:00,60000000,12.75,765000000
KCAB,KELANI CABLES,2005-12-30 00:00:00,10900000,69.75,760275000
LCEY,LANKEM CEYLON,2005-12-30 00:00:00,18000000,38,684000000
TWOD,TOUCHWOOD,2005-12-30 00:00:00,8908800,74.5,663705600
COMD,COMMERCIAL DEV.,2005-12-27 00:00:00,12000000,55,660000000
CARE,PRINTCARE (CEY),2005-12-30 00:00:00,17193334,38,653346692
RHTL,FORTRESS RESORTS,2005-12-30 00:00:00,51843125,12.5,648039062.5
VLL,VIDULLANKA,2005-12-30 00:00:00,29812509,21.25,633515816.25
LMF,LMF,2005-12-30 00:00:00,29998500,20.75,622468875
LVEN,LANKA VENTURES,2005-12-30 00:00:00,50000000,12.25,612500000
TFC,THE FINANCE CO.,2005-12-30 00:00:00,17966232,34,610851888
CSD,CEYLINCO SEYLAN,2005-12-30 00:00:00,73982430,8.25,610355047.5
EDEN,EDEN HOTEL LANKA,2005-12-30 00:00:00,52800000,11.5,607200000
CHL,DURDANS,2005-12-30 00:00:00,19500000,30.25,589875000
CTLD,C T LAND,2005-12-30 00:00:00,48750000,12,585000000
MPRH,MET. RES. HOL.,2005-06-10 00:00:00,17264802,32.97,569220521.94
HAPU,HAPUGASTENNE,2005-12-29 00:00:00,46315789,12,555789468
WATA,WATAWALA,2005-12-30 00:00:00,23666667,22.75,538416674.25
ASHA,ASHA CENTRAL,2005-12-30 00:00:00,22333957,23.75,530431478.75
KGAL,KEGALLE,2005-12-28 00:00:00,25000000,21,525000000
BOPL,BOGAWANTALAWA,2005-12-09 00:00:00,33500000,15.25,510875000
ELPL,ELPITIYA,2005-12-21 00:00:00,24958677,20,499173540
RENU,RENUKA CITY HOT.,2005-12-30 00:00:00,5000000,98,490000000
CLND,COLOMBO LAND ,2005-12-30 00:00:00,162750000,3,488250000
EBCR,E B CREASY,2005-12-30 00:00:00,2535458,190,481737020
AHCL,ASSO. HOTELS,2005-12-28 00:00:00,9106650,50,455332500
CFLB,FORT LAND ,2005-12-30 00:00:00,36000000,12.5,450000000
MASK,MASKELIYA,2005-12-29 00:00:00,26976744,16.5,445116276
LAND,LAND & BUILDING,2005-01-20 00:00:00,2120479,206,436818674
CHOU,CEYLINCO HOUSING,2005-12-30 00:00:00,13379850,32,428155200
DPL,DANKOTUWA PORCEL,2005-12-30 00:00:00,27141444,15,407121660
TPL,TALAWAKELLE,2005-12-29 00:00:00,23750000,17,403750000
CHMX,CHEMANEX,2005-12-30 00:00:00,5250000,72.75,381937500
HARI,HARISCHANDRA,2005-12-12 00:00:00,959800,395,379121000
CWM,C.W.MACKIE & CO.,2005-12-30 00:00:00,35988556,10.5,377879838
PEG,PEGASUS HOTELS,2005-12-30 00:00:00,22793654,16.5,376095291
SWAD,SWADESHI,2005-10-27 00:00:00,130666,2850,372398100
TYRE,KELANI TYRES,2005-12-30 00:00:00,40200000,9.25,371850000
HOPL,HORANA,2005-12-30 00:00:00,25000000,14.5,362500000
SMOT,SATHOSA MOTORS,2005-12-30 00:00:00,6033622,60,362017320
KOTA,KOTAGALA,2005-12-30 00:00:00,32000000,11.25,360000000
MARA,MARAWILA RESORTS,2005-12-30 00:00:00,56000000,6.25,350000000
SHOT,SERENDIB HOTELS,2005-12-29 00:00:00,7875000,43.75,344531250
ONAL,ON'ALLY,2005-12-30 00:00:00,14000616,24.5,343015092
TANG,TANGERINE,2005-12-29 00:00:00,10000000,34,340000000
PALM,CONFIFI HOTEL,2005-12-30 00:00:00,7200000,45.5,327600000
ETWO,EQUITY TWO LTD,2005-12-30 00:00:00,31000000,10.5,325500000
CSF,CEYLINCO SEC.,2005-12-30 00:00:00,19986050,16,319776800
HASU,HNB ASSURANCE,2005-12-30 00:00:00,25000000,12.75,318750000
BHR,RIVERINA HOTELS,2005-12-30 00:00:00,14181699,21.75,308451953.25
REXP,RICH PIERIS EXP,2005-12-30 00:00:00,11163745,27.5,307002987.5
LAMB,KOTMALE HOLDINGS,2005-12-30 00:00:00,31400000,9.75,306150000
WAPO,WATAPOTA,2005-12-28 00:00:00,671008,450,301953600
KAHA,KAHAWATTE,2005-12-30 00:00:00,59917354,5,299586770
PMB,PEOPLE'S MERCH,2005-12-28 00:00:00,12500000,23.5,293750000
MORI,MORISONS,2005-12-30 00:00:00,580829,499,289833671
SEMB,SEYLAN MERCHANT,2005-12-30 00:00:00,44503120,6.5,289270280
BALA,BALANGODA,2005-12-30 00:00:00,23636363,12,283636356
HEXP,HAYLEYS EXPORTS,2005-12-30 00:00:00,8000000,35,280000000
STAF,STAFFORD,2005-12-30 00:00:00,31621477,8.5,268782554.5
ASCO,ASCOT,2005-12-30 00:00:00,7985505,33,263521665
MSL,MERC. SHIPPING,2005-12-23 00:00:00,2492482,105.25,262333730.5
KDL,KELSEY,2005-12-29 00:00:00,7746344,33.5,259502524
CIND,CENTRAL IND.,2005-12-27 00:00:00,3294738,76.25,251223772.5
AGAL,AGALAWATTE,2005-12-30 00:00:00,25000000,10,250000000
BFL,BAIRAHA FARMS,2005-12-29 00:00:00,16000000,15,240000000
MPAC,METAL PACKAGING,2005-10-03 00:00:00,5040000,47.5,239400000
ABAN,ABANS,2005-12-29 00:00:00,2129400,111,236363400
PHAR,COL PHARMACY ,2005-12-23 00:00:00,1272857,185,235478545
TAFL,THREE ACRE FARMS,2005-12-29 00:00:00,23545000,10,235450000
REG,REGNIS,2005-12-30 00:00:00,3621813,63.25,229079672.25
BBH,BROWNS BEACH,2005-12-30 00:00:00,9600000,23,220800000
COLO,COLONIAL MOTOR,2005-12-30 00:00:00,8110505,27,218983635
UCAR,UNION CHEMICALS,2005-12-28 00:00:00,1500000,145,217500000
NAMU,NAMUNUKULA,2005-12-30 00:00:00,23750000,9,213750000
AAIC,ASIAN ALLIANCE,2005-12-30 00:00:00,25000000,8.5,212500000
SINI,SINGER IND.,2005-12-29 00:00:00,3846300,55,211546500
AUTO,AUTODROME ,2005-12-28 00:00:00,120000,1750,210000000
BLUE,BLUE DIAMONDS,2005-12-30 00:00:00,59033947,3.5,206618814.5
CABO,CARGO BOAT,2005-12-30 00:00:00,10200036,20.25,206550729
UDPL,UDAPUSSELLAWA,2005-12-29 00:00:00,19398850,10.5,203687925
IDL,INFRASTRUCTURE,2004-09-13 00:00:00,4857487,41.5,201585710.5
HSIG,HOTEL SIGIRIYA,2005-12-09 00:00:00,5859000,34,199206000
REEF,REEFCOMBER ,2005-12-30 00:00:00,157306510,1.25,196633137.5
MADU,MADULSIMA,2005-12-30 00:00:00,29000000,6.75,195750000
EAST,EAST WEST,2005-12-30 00:00:00,17280000,11,190080000
ALLI,ALLIANCE,2005-12-29 00:00:00,1620000,115,186300000
MAL,MALWATTE,2005-12-30 00:00:00,22459016,8.25,185286882
SLND,SEREND LND ,2005-11-14 00:00:00,360000,500,180000000
TESS,TESS AGRO ,2005-12-30 00:00:00,180000000,1,180000000
APLA,ACL PLASTICS,2005-12-30 00:00:00,4212500,41.75,175871875
ECL,E - CHANNELLING,2005-12-30 00:00:00,17447345,9.75,170111613.75
SOY,SOY FOODS,2005-12-30 00:00:00,2750000,60,165000000
KFP,KEELLS FOOD,2005-12-30 00:00:00,5000000,32,160000000
LALU,LANKA ALUMINIUM,2005-12-30 00:00:00,13702823,11.5,157582464.5
SIGV,SIGIRIYA VILLAGE,2005-12-22 00:00:00,3478950,41,142636950
MIRA,MIRAMAR,2005-12-30 00:00:00,2750000,50,137500000
ACME,ACME,2005-12-30 00:00:00,8944320,15.25,136400880
APDL,ASSOCIATED PROP.,2005-12-30 00:00:00,3158314,43,135807502
EMER,EASTERN MERCHANT,2005-11-17 00:00:00,1677800,80,134224000
SIL,SAMSON INTERNAT.,2005-12-30 00:00:00,3847974,34.25,131793109.5
CLPL,CEYLON LEATHER,2005-12-30 00:00:00,12500000,10.5,131250000
HUNA,HUNAS FALLS,2005-12-28 00:00:00,5625000,22,123750000
COCO,COCO LANKA,2005-12-30 00:00:00,6300000,19.5,122850000
GREG,WALK & GREIG,2005-12-29 00:00:00,17386080,7,121702560
FERN,FERNTEA LTD,2005-12-30 00:00:00,6000000,18.25,109500000
YORK,YORK ARCADE ,2005-12-30 00:00:00,12000000,9,108000000
PARQ,PARQUET,2005-12-29 00:00:00,6624000,16.25,107640000
ARPI,ARPICO,2005-12-29 00:00:00,1575000,60,94500000
ASPH,INDUSTRIAL ASPH.,2005-12-16 00:00:00,666562,137.5,91652275
HUEJ,HUEJAY,2005-12-29 00:00:00,1800000,49,88200000
CSEC,CENTRAL SEC.,2005-12-30 00:00:00,4919882,17,83637994
VANI,VANIK INCORP LTD,2005-12-30 00:00:00,65481650,1.25,81852062.5
LPRT,LAKE HOUSE PRIN.,2005-11-08 00:00:00,2937245,25,73431125
ALUF,ALUFAB,2005-12-29 00:00:00,4019400,18,72349200
CFVF,V CAPITAL LTD.,2005-12-30 00:00:00,15000000,4.5,67500000
MULL,MULLERS ,2005-12-30 00:00:00,54000000,1.25,67500000
LDEV,LANKEM DEV.,2005-12-30 00:00:00,6000000,11.25,67500000
CFT,CFT,2005-12-30 00:00:00,1401960,45,63088200
CFI,CFI,2005-12-29 00:00:00,5000000,12.5,62500000
CIT,CIT,2005-12-30 00:00:00,4133333,13,53733329
BINN,BERUWELA WALKINN,2005-12-28 00:00:00,900000,57,51300000
GEST,GESTETNER,2005-12-28 00:00:00,2278125,21,47840625
LITE,LAXAPANA,2005-12-30 00:00:00,9000000,5,45000000
KZOO,KALAMAZOO,2005-11-08 00:00:00,50000,700,35000000
KAPI,KAPILA HEAVY,2005-12-28 00:00:00,5717857,5.75,32877677.75
RGEM,RADIANT GEMS,2005-12-29 00:00:00,2400000,7,16800000
SAMS,SAMUELS,2005-12-28 00:00:00,4601885,2,9203770
PARA,PARAGON,2005-06-08 00:00:00,100028,80,8002240
STAT,STATCON,2005-02-24 00:00:00,815207,8.5,6929259.5
OFEQ,OFFICE EQUIPMENT,2005-06-03 00:00:00,83356,40,3334240
SING,SINGALANKA,2005-07-12 00:00:00,1385207,2.25,3116715.75
CPRT,CEYLON PRINTERS,2005-10-28 00:00:00,35010,80,2800800
