Beta Values for the Period from 01st April to 30th June 2018,,,
COMPANY ID,"BETA VALUE
 BASED ON ASPI",COMPANY ID,"BETA VALUE
 BASED ON S&P SL20"
AAF,3.55735805,AAF,3.33010492
AAIC,3.76129779,AAIC,3.14205004
ABAN,1.77056778,ABAN,1.88619854
ABL,0.508690614,ABL,0.538337368
ACAP,1.40672074,ACAP,1.05730427
ACL,0.993047508,ACL,1.54802259
ACME,-0.0764774,ACME,0.1937046
AEL,1.31402085,AEL,1.11380145
AFSL,0.41599073,AFSL,0.101694915
AGAL,-1.2560834,AGAL,-0.75544794
AGST,1.30938586,AGST,0.129943502
AHPL,0.601390498,AHPL,0.183212267
AHUN,1.37659327,AHUN,1.48022598
AINS,0.144843568,AINS,0.397901533
AINV,-15.794901,AINV,-7.6981436
ALHP,3.55156431,ALHP,1.07183212
ALLI,-0.13093858,ALLI,0.163841807
ALUF,-0.72653534,ALUF,-1.1694915
ALUM,1.19235225,ALUM,0.844229217
AMSL,0.443800695,AMSL,0.406779661
APLA,2.1575898,APLA,1.65617433
ARPI,-0.56662804,ARPI,-0.26876513
ASCO,0.288528389,ASCO,1.40435835
ASHO,0.032444959,ASHO,0.152542372
ASIR,0.090382387,ASIR,-0.06860371
ASIY,0.610660486,ASIY,0.560936238
ATL,2.62340672,ATL,0.589991928
ATLL,0.509849362,ATLL,0.17756255
AUTO,-0.89918887,AUTO,-1.4826472
BALA,1.68018539,BALA,1.52865213
BBH,3.46118192,BBH,2.77320419
BERU,5.80533024,BERU,3.24697336
BFL,-0.22479721,BFL,-0.04196933
BFN,2.38933951,BFN,2.08232445
BIL,0.830822711,BIL,0.227602905
BLI,-0.4322132,BLI,-0.72800645
BLUE,-1.1019698,BLUE,-3.8765133
BOGA,-0.1147161,BOGA,0.069410815
BOPL,-2.9571263,BOPL,-1.716707
BPPL,1.49594438,BPPL,0.909604519
BREW,0.232908458,BREW,-0.02340597
BRR,0.22363847,BRR,0.518159806
BRWN,1.48203939,BRWN,0.385794995
BUKI,0.424101969,BUKI,0.547215496
CABO,-0.54461181,CABO,-0.0968523
CALF,4.04866743,CALF,4.46811945
CARE,-1.1622247,CARE,-1.0460048
CARG,0.944380069,CARG,0.27118644
CARS,0.966396292,CARS,0.744955609
CCS,0.761297798,CCS,0.284907183
CDB,0.378910776,CDB,0.320419693
CERA,0.068366164,CERA,0.471347861
CFI,0.13557358,CFI,0.30992736
CFIN,0.758980301,CFIN,0.385794995
CFLB,0.304750869,CFLB,-0.29943502
CFT,0.662804171,CFT,0.060532687
CFVF,0.574739281,CFVF,0.699757869
CHL,0.568945538,CHL,0.866828087
CHMX,-0.10196987,CHMX,-0.40597255
CHOT,2.20625724,CHOT,1.0968523
CHOU,-0.63151796,CHOU,-0.95238095
CIC,0.470451911,CIC,0.657788539
CIND,2.12746234,CIND,2.69087974
CINS,1.88064889,CINS,0.503631961
CINV,1.69177288,CINV,1.12025827
CIT,-0.37427578,CIT,-0.51977401
CITH,1.12282734,CITH,0.620661824
CITW,1.80648899,CITW,1.65536723
CLC,0.337195828,CLC,-0.10815173
CLND,0.962920046,CLND,1.10815173
COCO,-0.18887601,COCO,0.082324455
COCR,1.30822711,COCR,1.07425343
COLO,-0.3198146,COLO,-0.84422921
COMB,0.340672074,COMB,0.485068603
COMD,1.40672074,COMD,1.39790153
CONN,-0.90150637,CONN,-1.2469733
CPRT,1.40787949,CPRT,1.41646489
CRL,0.673232908,CRL,0.111380145
CSD,0.873696407,CSD,0.973365617
CSEC,1.4750869,CSEC,1.82405165
CSF,4.47392815,CSF,1.18563357
CTBL,-0.34530706,CTBL,0.076674737
CTC,1.17381228,CTC,0.698143664
CTCE,2.04634994,CTCE,1.76432606
CTEA,-0.45538818,CTEA,-0.2606941
CTHR,0.206257242,CTHR,0.0645682
CTLD,-0.04287369,CTLD,-0.29539951
CWM,1.10081112,CWM,1.60694108
DFCC,0.434530706,DFCC,0.406779661
DIAL,0.56778679,DIAL,0.150121065
DIMO,0.47161066,DIMO,0.824051654
DIPD,0.821552723,DIPD,0.497982243
DIST,-3.2665121,DIST,0.088781275
DOCK,-0.00115874,DOCK,-0.35431799
DPL,1.10544611,DPL,1.62389023
EAST,-0.53070683,EAST,-0.81033091
EBCR,-0.6732329,EBCR,-0.47699757
ECL,0.099652375,ECL,-0.27522195
EDEN,1.89687137,EDEN,1.18079096
ELPL,1.06720741,ELPL,1.54398708
EMER,1.44959443,EMER,1.14850686
ETWO,-1.3371958,ETWO,-2.2058111
EXPO,0.531865585,EXPO,1.06860371
FLCH,2.02201622,FLCH,0.590799031
GEST,-0.1170336,GEST,-0.23728813
GHLL,1.59791425,GHLL,1.20016142
GLAS,0.658169177,GLAS,0.944309927
GRAN,0.228273464,GRAN,0.30347054
GREG,0.110081112,GREG,0.17756255
GSF,1.05561993,GSF,0.685230024
GUAR,1.38586326,GUAR,1.45843422
HAPU,-0.3534183,HAPU,1.33252623
HASU,2.42641946,HASU,2.47215496
HAYC,1.31865585,HAYC,1.59483454
HAYL,0.129779837,HAYL,0.12267958
HDFC,0.964078794,HDFC,0.653753026
HEXP,-0.01506373,HEXP,0.09039548
HHL,0.200463499,HHL,0.239709443
HNB,1.22016222,HNB,1.29943502
HOPL,-0.5538818,HOPL,0.039548022
HPFL,1.13904982,HPFL,0.10653753
HPL,-0.48899188,HPL,0.575464083
HPWR,1.64658169,HPWR,0.476190476
HSIG,-0.06373117,HSIG,0.28087167
HUEJ,1.82271147,HUEJ,1.68119451
HUNA,2.06836616,HUNA,2.02421307
HUNT,1.34994206,HUNT,-0.25020177
HVA,0.132097334,HVA,-0.42857142
IDL,1.68250289,IDL,1.1299435
JETS,0.070683661,JETS,0.0968523
JINS,1.53881807,JINS,0.425343018
JKH,1.74739281,JKH,1.89426957
JKL,-0.5585168,JKL,0.862792574
KAHA,1.26767091,KAHA,0.587570621
KAPI,0.884125144,KAPI,1.41323648
KCAB,-0.34298957,KCAB,-0.05972558
KDL,4.80417149,KDL,3.17514124
KFP,0.986095017,KFP,1.09039548
KGAL,0.30359212,KGAL,0.708635996
KHC,0.886442641,KHC,0.163034705
KHL,1.09154113,KHL,0.623890234
KOTA,2.23290845,KOTA,2.13962873
KVAL,0.170336037,KVAL,-0.73849878
KZOO,0.074159907,KZOO,-0.7441485
LALU,0.538818076,LALU,0.452784503
LAMB,-0.14136732,LAMB,0.062953995
LCEM,-0.15063731,LCEM,-0.22518159
LCEY,-0.04866743,LCEY,1.33252623
LDEV,1.33024333,LDEV,0.910411622
LFIN,0.80764774,LFIN,0.687651331
LGL,2.2746234,LGL,2.25262308
LHCL,1.32329084,LHCL,-0.03551251
LHL,0.906141367,LHL,0.422921711
LIOC,1.48435689,LIOC,1.16949152
LION,0.322132097,LION,0.39063761
LITE,0.334878331,LITE,0.075060532
LLMP,1.92815758,LLMP,-0.29701372
LLUB,1.37195828,LLUB,0.522195318
LMF,-0.39513325,LMF,-0.42453591
LOFC,1.5133256,LOFC,1.23405972
LOLC,2.7137891,LOLC,2.07990314
LPRT,0.227114716,LPRT,-0.24455205
LVEF,0.106604866,LVEF,-0.3551251
LVEN,0.332560834,LVEN,0.12590799
LWL,0.406720741,LWL,0.3874092
MADU,0.995365005,MADU,1.14043583
MAL,-0.46465816,MAL,0.837772397
MARA,1.30822711,MARA,2.18644067
MASK,-0.60139049,MASK,-0.73204196
MBSL,2.47161066,MBSL,2.14285714
MEL,0.658169177,MEL,0.315577078
MELS,0.931633835,MELS,0.794995964
MFL,-1.0590961,MFL,-0.91525423
MGT,1.22943221,MGT,0.980629539
MHDL,0.002317497,MHDL,-0.0992736
MORI,0.033603707,MORI,0.029862792
MRH,1.02549246,MRH,1.33979015
MSL,-1.8876013,MSL,-1.7110573
MULL,1.45538818,MULL,-0.88054882
NAMU,0.387022016,NAMU,0.146085552
NDB,1.51448435,NDB,1.58595641
NEH,-0.33603707,NEH,-1.0912025
NEST,0.033603707,NEST,-0.18886198
NHL,-0.71147161,NHL,-0.1961259
NIFL,0.095017381,NIFL,-0.41162227
NTB,0.618771726,NTB,0.732849071
ODEL,0.609501738,ODEL,0.405165456
OFEQ,-0.52143684,OFEQ,-0.28490718
ONAL,0.348783314,ONAL,0.671509281
OSEA,1.17844727,OSEA,0.490718321
PABC,0.290845886,PABC,0.400322841
PALM,-0.93047508,PALM,-0.28974979
PAP,0.044032444,PAP,0.273607748
PARA,1.6349942,PARA,-0.04358353
PARQ,2.40672074,PARQ,1.69087974
PCHH,5.84820393,PCHH,1.82485875
PDL,0.085747392,PDL,-1.3107344
PEG,0.234067207,PEG,-0.74576271
PHAR,0.257242178,PHAR,0.544794188
PINS,0.57589803,PINS,0.587570621
PLC,0.860950173,PLC,0.623083131
PMB,-1.1181923,PMB,1.31638418
RAL,-1.99073,RAL,-1.1016949
RCH,-0.22479721,RCH,0.946731234
RCL,0.842410196,RCL,0.411622276
REEF,0.538818076,REEF,1.31961259
REG,-0.23986095,REG,-0.25020177
RENU,0.692931633,RENU,0.365617433
REXP,0.570104287,REXP,0.630347054
RFL,1.00231749,RFL,0.349475383
RGEM,-3.7867902,RGEM,-1.5964487
RHL,0.19930475,RHL,-0.26715092
RHTL,-0.55735805,RHTL,0.092009685
RICH,0.628041714,RICH,0.961259079
RIL,-0.04866743,RIL,0.210653753
RPBH,0.504055619,RPBH,-0.31396287
RWSL,-0.52607184,RWSL,1.02663438
SAMP,0.731170336,SAMP,1.24616626
SCAP,0.681344148,SCAP,0.613397901
SDB,0.488991888,SDB,0.03551251
SEMB,1.57242178,SEMB,-1.8022598
SERV,2.29432213,SERV,1.82808716
SEYB,0.585168018,SEYB,0.618240516
SFIN,0.027809965,SFIN,0.36158192
SFL,0.334878331,SFL,-0.33656174
SHAW,0.624565469,SHAW,0.853914447
SHL,2.5156431,SHL,0.837772397
SHOT,3.03128621,SHOT,1.75948345
SIGV,0.462340672,SIGV,0.540758676
SIL,2.36848203,SIL,0.695722356
SINH,-0.75550405,SINH,-0.33171912
SINI,1.06025492,SINI,0.2905569
SINS,0.32792584,SINS,-0.00968523
SIRA,2.12050984,SIRA,0.868442292
SLTL,1.97798377,SLTL,1.72719935
SMOT,-0.50753186,SMOT,-0.18563357
SOY,-0.29548088,SOY,-0.26795803
SPEN,0.579374275,SPEN,1.10653753
STAF,1.98030127,STAF,1.70782889
SUN,0.075318655,SUN,0.660209846
TAFL,1.11819235,TAFL,1.07667473
TAJ,1.12630359,TAJ,0.2582728
TANG,-0.12862108,TANG,-0.14769975
TAP,-0.13557358,TAP,-0.77401129
TESS,1.55735805,TESS,0.163034705
TFC,1.80533024,TFC,0.915254237
TFIL,0.294322132,TFIL,0.280064568
TILE,1.17033603,TILE,0.837772397
TJL,0.607184241,TJL,0.632768361
TKYO,1.33603707,TKYO,0.569814366
TPL,0.03128621,TPL,0.311541565
TRAN,-0.13441483,TRAN,0.163034705
TSML,0.761297798,TSML,1.5189669
TYRE,-0.7137891,TYRE,-0.79176755
UAL,2.89571263,UAL,2.13640032
UBC,0.716106604,UBC,0.576271186
UCAR,1.24797219,UCAR,0.738498789
UDPL,-0.18539976,UDPL,0.234866828
UML,-0.26767091,UML,0.142857142
VFIN,1.68713789,VFIN,0.955609362
VLL,-0.25608342,VLL,-0.07021791
VONE,1.78679026,VONE,0.960451977
VPEL,1.34183082,VPEL,0.901533494
WAPO,2.33835457,WAPO,2.1614205
WATA,1.25955967,WATA,0.712671509
YORK,0.440324449,YORK,0.454398708
