Crossings - January to December 2016,,,,,,
QUARTER,TRADE DATE,COMPANY NAME,SECURITY ID,PRICE,QUANTITY,TURNOVER
2016-1,2016-01-04 00:00:00,SINGER INDUSTRIES (CEYLON) PLC,SINI.N0000,206,3213600,662001600
2016-1,2016-01-04 00:00:00,JOHN KEELLS HOLDINGS PLC,JKH.N0000,178,125000,22250000
2016-1,2016-01-04 00:00:00,COMMERCIAL BANK OF CEYLON PLC,COMB.N0000,140,360000,50400000
2016-1,2016-01-04 00:00:00,COMMERCIAL BANK OF CEYLON PLC,COMB.N0000,140,360000,50400000
2016-1,2016-01-05 00:00:00,DIALOG AXIATA PLC,DIAL.N0000,10.5,2077420,21812910
2016-1,2016-01-05 00:00:00,DIALOG AXIATA PLC,DIAL.N0000,10.5,2500000,26250000
2016-1,2016-01-05 00:00:00,DIALOG AXIATA PLC,DIAL.N0000,10.5,3592971,37726195.5
2016-1,2016-01-05 00:00:00,DIALOG AXIATA PLC,DIAL.N0000,10.5,2500000,26250000
2016-1,2016-01-05 00:00:00,DIALOG AXIATA PLC,DIAL.N0000,10.5,3764510,39527355
2016-1,2016-01-05 00:00:00,DIALOG AXIATA PLC,DIAL.N0000,10.5,3992190,41917995
2016-1,2016-01-05 00:00:00,PEOPLE'S LEASING & FINANCE PLC,PLC.N0000,21.5,2383305,51241057.5
2016-1,2016-01-05 00:00:00,PEOPLE'S LEASING & FINANCE PLC,PLC.N0000,21.5,2616695,56258942.5
2016-1,2016-01-05 00:00:00,DIALOG AXIATA PLC,DIAL.N0000,10.5,2500000,26250000
2016-1,2016-01-05 00:00:00,DIALOG AXIATA PLC,DIAL.N0000,10.5,2500000,26250000
2016-1,2016-01-05 00:00:00,DIALOG AXIATA PLC,DIAL.N0000,10.5,3307302,34726671
2016-1,2016-01-05 00:00:00,DIALOG AXIATA PLC,DIAL.N0000,10.5,3644596,38268258
2016-1,2016-01-06 00:00:00,TAL LANKA HOTELS PLC,TAJ.N0000,25,34375640,859391000
2016-1,2016-01-06 00:00:00,DIALOG AXIATA PLC,DIAL.N0000,10.5,10000000,105000000
2016-1,2016-01-06 00:00:00,DIALOG AXIATA PLC,DIAL.N0000,10.5,2000000,21000000
2016-1,2016-01-06 00:00:00,DIALOG AXIATA PLC,DIAL.N0000,10.5,2000000,21000000
2016-1,2016-01-06 00:00:00,COMMERCIAL BANK OF CEYLON PLC,COMB.N0000,139.5,343833,47964703.5
2016-1,2016-01-06 00:00:00,COMMERCIAL BANK OF CEYLON PLC,COMB.N0000,139.5,490000,68355000
2016-1,2016-01-07 00:00:00,COMMERCIAL BANK OF CEYLON PLC,COMB.N0000,139.5,360000,50220000
2016-1,2016-01-07 00:00:00,COMMERCIAL BANK OF CEYLON PLC,COMB.N0000,139.5,365000,50917500
2016-1,2016-01-07 00:00:00,COMMERCIAL BANK OF CEYLON PLC,COMB.N0000,139.5,335000,46732500
2016-1,2016-01-07 00:00:00,ALUMEX PLC,ALUM.N0000,17,5357200,91072400
2016-1,2016-01-07 00:00:00,ALUMEX PLC,ALUM.N0000,17,5357200,91072400
2016-1,2016-01-07 00:00:00,JOHN KEELLS HOLDINGS PLC,JKH.N0000,171,840211,143676081
2016-1,2016-01-07 00:00:00,"J.L.MORISON, SON & JONES (CEYLON) PLC",MORI.N0000,340,100000,34000000
2016-1,2016-01-08 00:00:00,DIALOG AXIATA PLC,DIAL.N0000,10.4,5000000,52000000
2016-1,2016-01-08 00:00:00,HEMAS HOLDINGS PLC,HHL.N0000,88.5,300000,26550000
2016-1,2016-01-08 00:00:00,DISTILLERIES COMPANY OF SRI LANKA PLC,DIST.N0000,235,213128,50085080
2016-1,2016-01-08 00:00:00,TEXTURED JERSEY LANKA PLC,TJL.N0000,33.8,1000000,33800000
2016-1,2016-01-11 00:00:00,HEMAS HOLDINGS PLC,HHL.N0000,88,239252,21054176
2016-1,2016-01-11 00:00:00,JOHN KEELLS HOLDINGS PLC,JKH.N0000,170,400000,68000000
2016-1,2016-01-11 00:00:00,COMMERCIAL BANK OF CEYLON PLC,COMB.N0000,139,640000,88960000
2016-1,2016-01-11 00:00:00,COMMERCIAL BANK OF CEYLON PLC,COMB.N0000,139,581675,80852825
2016-1,2016-01-11 00:00:00,JOHN KEELLS HOLDINGS PLC,JKH.N0000,170,400000,68000000
2016-1,2016-01-11 00:00:00,JOHN KEELLS HOLDINGS PLC,JKH.N0000,169,500000,84500000
2016-1,2016-01-11 00:00:00,JOHN KEELLS HOLDINGS PLC,JKH.N0000,169,303676,51321244
2016-1,2016-01-12 00:00:00,HATTON NATIONAL BANK PLC,HNB.N0000,201,176264,35429064
2016-1,2016-01-12 00:00:00,CARGILLS (CEYLON) PLC,CARG.N0000,171.8,422400,72568320
2016-1,2016-01-12 00:00:00,COMMERCIAL BANK OF CEYLON PLC,COMB.N0000,138,813600,112276800
2016-1,2016-01-12 00:00:00,COMMERCIAL BANK OF CEYLON PLC,COMB.N0000,138,149400,20617200
2016-1,2016-01-13 00:00:00,COMMERCIAL BANK OF CEYLON PLC,COMB.N0000,134,670579,89857586
2016-1,2016-01-13 00:00:00,OVERSEAS REALTY (CEYLON) PLC,OSEA.N0000,23,1900000,43700000
2016-1,2016-01-13 00:00:00,JOHN KEELLS HOLDINGS PLC,JKH.N0000,168,400000,67200000
2016-1,2016-01-13 00:00:00,JOHN KEELLS HOLDINGS PLC,JKH.N0000,168,400000,67200000
2016-1,2016-01-14 00:00:00,CEYLON HOTELS CORPORATION PLC,CHOT.N0000,30,3333334,100000020
2016-1,2016-01-14 00:00:00,JOHN KEELLS HOLDINGS PLC,JKH.N0000,166.5,200000,33300000
2016-1,2016-01-14 00:00:00,JOHN KEELLS HOLDINGS PLC,JKH.N0000,165.5,400000,66200000
2016-1,2016-01-14 00:00:00,JOHN KEELLS HOLDINGS PLC,JKH.N0000,166.5,150000,24975000
2016-1,2016-01-18 00:00:00,JOHN KEELLS HOLDINGS PLC,JKH.N0000,165,200000,33000000
2016-1,2016-01-18 00:00:00,JOHN KEELLS HOLDINGS PLC,JKH.N0000,164,400000,65600000
2016-1,2016-01-18 00:00:00,JOHN KEELLS HOLDINGS PLC,JKH.N0000,165,200000,33000000
2016-1,2016-01-19 00:00:00,JOHN KEELLS HOLDINGS PLC,JKH.N0000,158.8,128714,20439783.2
2016-1,2016-01-19 00:00:00,DISTILLERIES COMPANY OF SRI LANKA PLC,DIST.N0000,215,500000,107500000
2016-1,2016-01-20 00:00:00,CEYLON HOTELS CORPORATION PLC,CHOT.N0000,30,10515875,315476250
2016-1,2016-01-21 00:00:00,JOHN KEELLS HOLDINGS PLC,JKH.N0000,157,600000,94200000
2016-1,2016-01-21 00:00:00,JOHN KEELLS HOLDINGS PLC,JKH.N0000,156.9,300000,47070000
2016-1,2016-01-21 00:00:00,COMMERCIAL BANK OF CEYLON PLC,COMB.N0000,126,202970,25574220
2016-1,2016-01-21 00:00:00,DIALOG AXIATA PLC,DIAL.N0000,10.4,9363140,97376656
2016-1,2016-01-21 00:00:00,JOHN KEELLS HOLDINGS PLC,JKH.N0000,157,300000,47100000
2016-1,2016-01-21 00:00:00,JOHN KEELLS HOLDINGS PLC,JKH.N0000,157,400000,62800000
2016-1,2016-01-22 00:00:00,ANILANA HOTELS AND PROPERTIES PLC,ALHP.N0000,3.5,5714400,20000400
2016-1,2016-01-22 00:00:00,RENUKA AGRI FOODS PLC,RAL.N0000,4,34755555,139022220
2016-1,2016-01-22 00:00:00,CEYLON TOBACCO COMPANY PLC,CTC.N0000,967,34066,32941822
2016-1,2016-01-22 00:00:00,CEYLON TOBACCO COMPANY PLC,CTC.N0000,967,43424,41991008
2016-1,2016-01-22 00:00:00,JOHN KEELLS HOLDINGS PLC,JKH.N0000,159.5,200000,31900000
2016-1,2016-01-26 00:00:00,ASIA ASSET FINANCE PLC,AAF.N0000,1.5,25000000,37500000
2016-1,2016-01-27 00:00:00,SOFTLOGIC FINANCE PLC,CRL.N0000,45,8240626,370828170
2016-1,2016-01-28 00:00:00,JOHN KEELLS HOLDINGS PLC,JKH.N0000,153,815621,124790013
2016-1,2016-01-28 00:00:00,CEYLON TOBACCO COMPANY PLC,CTC.N0000,972.7,32869,31971676.3
2016-1,2016-02-02 00:00:00,EXPOLANKA HOLDINGS PLC,EXPO.N0000,8.3,50208034,416726682.2
2016-1,2016-02-02 00:00:00,EXPOLANKA HOLDINGS PLC,EXPO.N0000,8.3,163191899,1354492761.7
2016-1,2016-02-02 00:00:00,EXPOLANKA HOLDINGS PLC,EXPO.N0000,8.3,50208034,416726682.2
2016-1,2016-02-02 00:00:00,COMMERCIAL BANK OF CEYLON PLC,COMB.N0000,130,441006,57330780
2016-1,2016-02-02 00:00:00,EXPOLANKA HOLDINGS PLC,EXPO.N0000,8.3,50208034,416726682.2
2016-1,2016-02-02 00:00:00,CENTRAL FINANCE COMPANY PLC,CFIN.N0000,225.5,2308333,520529091.5
2016-1,2016-02-02 00:00:00,LANKA ASHOK LEYLAND PLC,ASHO.N0000,1518.2,112850,171328870
2016-1,2016-02-03 00:00:00,SANASA DEVELOPMENT BANK PLC,SDB.N0000,150,150000,22500000
2016-1,2016-02-08 00:00:00,SAMPATH BANK PLC,SAMP.N0000,240,208400,50016000
2016-1,2016-02-08 00:00:00,SAMPATH BANK PLC,SAMP.N0000,240,100000,24000000
2016-1,2016-02-09 00:00:00,JOHN KEELLS HOLDINGS PLC,JKH.N0000,163,193500,31540500
2016-1,2016-02-09 00:00:00,DISTILLERIES COMPANY OF SRI LANKA PLC,DIST.N0000,215,407312,87572080
2016-1,2016-02-11 00:00:00,ACCESS ENGINEERING PLC,AEL.N0000,21.5,1500000,32250000
2016-1,2016-02-12 00:00:00,ACCESS ENGINEERING PLC,AEL.N0000,21,1000000,21000000
2016-1,2016-02-12 00:00:00,ACCESS ENGINEERING PLC,AEL.N0000,21,1000000,21000000
2016-1,2016-02-12 00:00:00,SAMPATH BANK PLC,SAMP.N0000,235,250000,58750000
2016-1,2016-02-12 00:00:00,JOHN KEELLS HOLDINGS PLC,JKH.N0000,155,130000,20150000
2016-1,2016-02-12 00:00:00,JOHN KEELLS HOLDINGS PLC,JKH.N0000,155,330000,51150000
2016-1,2016-02-12 00:00:00,TEXTURED JERSEY LANKA PLC,TJL.N0000,32.3,2420230,78173429
2016-1,2016-02-12 00:00:00,LANKA WALLTILE PLC,LWL.N0000,98,250000,24500000
2016-1,2016-02-12 00:00:00,LANKA WALLTILE PLC,LWL.N0000,98,311000,30478000
2016-1,2016-02-15 00:00:00,COMMERCIAL BANK OF CEYLON PLC,COMB.N0000,125,200000,25000000
2016-1,2016-02-15 00:00:00,CARGILLS (CEYLON) PLC,CARG.N0000,166,200000,33200000
2016-1,2016-02-18 00:00:00,HATTON NATIONAL BANK PLC,HNB.N0000,195,298800,58266000
2016-1,2016-02-18 00:00:00,SAMPATH BANK PLC,SAMP.N0000,234,482059,112801806
2016-1,2016-02-18 00:00:00,SAMPATH BANK PLC,SAMP.N0000,234,100000,23400000
2016-1,2016-02-18 00:00:00,SAMPATH BANK PLC,SAMP.N0000,234,250000,58500000
2016-1,2016-02-19 00:00:00,TEXTURED JERSEY LANKA PLC,TJL.N0000,30.8,1457868,44902334.4
2016-1,2016-02-19 00:00:00,PEOPLE'S LEASING & FINANCE PLC,PLC.N0000,18.1,1264324,22884264.4
2016-1,2016-02-19 00:00:00,TEXTURED JERSEY LANKA PLC,TJL.N0000,30.8,6525948,200999198.4
2016-1,2016-02-19 00:00:00,THE FINANCE COMPANY PLC,TFC.N0000,9,2906570,26159130
2016-1,2016-02-19 00:00:00,TEXTURED JERSEY LANKA PLC,TJL.N0000,31.4,789457,24788949.8
2016-1,2016-02-19 00:00:00,SAMPATH BANK PLC,SAMP.N0000,232,100000,23200000
2016-1,2016-02-19 00:00:00,JOHN KEELLS HOLDINGS PLC,JKH.N0000,157,330000,51810000
2016-1,2016-02-19 00:00:00,TEXTURED JERSEY LANKA PLC,TJL.N0000,30.8,26465103,815125172.4
2016-1,2016-02-23 00:00:00,JOHN KEELLS HOLDINGS PLC,JKH.N0000,158.9,264886,42090385.4
2016-1,2016-02-23 00:00:00,SAMPATH BANK PLC,SAMP.N0000,232,111533,25875656
2016-1,2016-02-23 00:00:00,SAMPATH BANK PLC,SAMP.N0000,232,298974,69361968
2016-1,2016-02-23 00:00:00,NAWALOKA HOSPITALS PLC,NHL.N0000,3.8,20000000,76000000
2016-1,2016-02-23 00:00:00,NAWALOKA HOSPITALS PLC,NHL.N0000,3.8,18563476,70541208.8
2016-1,2016-02-23 00:00:00,HEMAS HOLDINGS PLC,HHL.N0000,80,525890,42071200
2016-1,2016-02-23 00:00:00,COLOMBO LAND AND DEVELOPMENT COMPANY PLC,CLND.N0000,21.3,1524074,32462776.2
2016-1,2016-02-23 00:00:00,RENUKA FOODS PLC,COCO.N0000,25.9,881708,22836237.2
2016-1,2016-02-24 00:00:00,CEYLON TOBACCO COMPANY PLC,CTC.N0000,1000,20000,20000000
2016-1,2016-02-24 00:00:00,SAMPATH BANK PLC,SAMP.N0000,232,100000,23200000
2016-1,2016-02-24 00:00:00,CEYLON TOBACCO COMPANY PLC,CTC.N0000,1000,26878,26878000
2016-1,2016-02-25 00:00:00,TEXTURED JERSEY LANKA PLC,TJL.N0000,30.8,748449,23052229.2
2016-1,2016-02-25 00:00:00,AITKEN SPENCE HOTEL HOLDINGS PLC,AHUN.N0000,55,500000,27500000
2016-1,2016-02-25 00:00:00,NATIONAL DEVELOPMENT BANK PLC,NDB.N0000,165,310000,51150000
2016-1,2016-02-25 00:00:00,NATIONAL DEVELOPMENT BANK PLC,NDB.N0000,165,190000,31350000
2016-1,2016-02-25 00:00:00,HEMAS HOLDINGS PLC,HHL.N0000,79,821072,64864688
2016-1,2016-02-29 00:00:00,JOHN KEELLS HOLDINGS PLC,JKH.N0000,159.5,175000,27912500
2016-1,2016-02-29 00:00:00,JOHN KEELLS HOLDINGS PLC,JKH.N0000,161,359123,57818803
2016-1,2016-02-29 00:00:00,JOHN KEELLS HOLDINGS PLC,JKH.N0000,160,345000,55200000
2016-1,2016-02-29 00:00:00,JOHN KEELLS HOLDINGS PLC,JKH.N0000,160,325000,52000000
2016-1,2016-03-01 00:00:00,LANKA MILK FOODS (CWE) PLC,LMF.N0000,120,763733,91647960
2016-1,2016-03-02 00:00:00,JOHN KEELLS HOLDINGS PLC,JKH.N0000,155,600000,93000000
2016-1,2016-03-02 00:00:00,COMMERCIAL BANK OF CEYLON PLC,COMB.N0000,124,400000,49600000
2016-1,2016-03-02 00:00:00,JOHN KEELLS HOLDINGS PLC,JKH.N0000,156,3949626,616141656
2016-1,2016-03-02 00:00:00,RICHARD PIERIS AND COMPANY PLC,RICH.N0000,7.9,20000000,158000000
2016-1,2016-03-03 00:00:00,JOHN KEELLS HOLDINGS PLC,JKH.N0000,155,420000,65100000
2016-1,2016-03-03 00:00:00,COMMERCIAL BANK OF CEYLON PLC,COMB.N0000,125,233589,29198625
2016-1,2016-03-03 00:00:00,JOHN KEELLS HOLDINGS PLC,JKH.N0000,155,500000,77500000
2016-1,2016-03-04 00:00:00,JOHN KEELLS HOLDINGS PLC,JKH.N0000,154,250000,38500000
2016-1,2016-03-04 00:00:00,HAYLEYS PLC,HAYL.N0000,280,121653,34062840
2016-1,2016-03-04 00:00:00,JOHN KEELLS HOLDINGS PLC,JKH.N0000,154,500000,77000000
2016-1,2016-03-08 00:00:00,JOHN KEELLS HOLDINGS PLC,JKH.N0000,150.5,187248,28180824
2016-1,2016-03-08 00:00:00,NATIONS TRUST BANK PLC,NTB.N0000,75.2,950000,71440000
2016-1,2016-03-08 00:00:00,SANASA DEVELOPMENT BANK PLC,SDB.N0000,123,163000,20049000
2016-1,2016-03-09 00:00:00,OVERSEAS REALTY (CEYLON) PLC,OSEA.N0000,25,14859073,371476825
2016-1,2016-03-09 00:00:00,JOHN KEELLS HOLDINGS PLC,JKH.N0000,150.5,194521,29275410.5
2016-1,2016-03-09 00:00:00,JOHN KEELLS HOLDINGS PLC,JKH.N0000,150.3,200000,30060000
2016-1,2016-03-09 00:00:00,JOHN KEELLS HOLDINGS PLC,JKH.N0000,150.5,170000,25585000
2016-1,2016-03-09 00:00:00,OVERSEAS REALTY (CEYLON) PLC,OSEA.N0000,25,1340927,33523175
2016-1,2016-03-09 00:00:00,NATIONS TRUST BANK PLC,NTB.N0000,75,704972,52872900
2016-1,2016-03-10 00:00:00,ACCESS ENGINEERING PLC,AEL.N0000,19,1055000,20045000
2016-1,2016-03-10 00:00:00,JOHN KEELLS HOLDINGS PLC,JKH.N0000,150.5,335000,50417500
2016-1,2016-03-10 00:00:00,ACCESS ENGINEERING PLC,AEL.N0000,19,1100000,20900000
2016-1,2016-03-10 00:00:00,NAWALOKA HOSPITALS PLC,NHL.N0000,4,17789400,71157600
2016-1,2016-03-10 00:00:00,NAWALOKA HOSPITALS PLC,NHL.N0000,4,96100093,384400372
2016-1,2016-03-10 00:00:00,NAWALOKA HOSPITALS PLC,NHL.N0000,4,192008380,768033520
2016-1,2016-03-10 00:00:00,ACCESS ENGINEERING PLC,AEL.N0000,19,1100000,20900000
2016-1,2016-03-10 00:00:00,AITKEN SPENCE PLC,SPEN.N0000,70,388697,27208790
2016-1,2016-03-10 00:00:00,HAYLEYS PLC,HAYL.N0000,238,197052,46898376
2016-1,2016-03-11 00:00:00,CARSON CUMBERBATCH PLC,CARS.N0000,250,100000,25000000
2016-1,2016-03-11 00:00:00,LANKA IOC PLC,LIOC.N0000,33,9942417,328099761
2016-1,2016-03-11 00:00:00,CARSON CUMBERBATCH PLC,CARS.N0000,250,100000,25000000
2016-1,2016-03-14 00:00:00,TOKYO CEMENT COMPANY (LANKA) PLC,TKYO.X0000,30.1,10676765,321370626.5
2016-1,2016-03-15 00:00:00,COMMERCIAL BANK OF CEYLON PLC,COMB.N0000,120,1000000,120000000
2016-1,2016-03-15 00:00:00,AITKEN SPENCE PLC,SPEN.N0000,69,340945,23525205
2016-1,2016-03-15 00:00:00,SEYLAN BANK PLC,SEYB.X0000,64.5,1570980,101328210
2016-1,2016-03-15 00:00:00,JOHN KEELLS HOLDINGS PLC,JKH.N0000,150.5,226525,34092012.5
2016-1,2016-03-15 00:00:00,JOHN KEELLS HOLDINGS PLC,JKH.N0000,150.5,234000,35217000
2016-1,2016-03-16 00:00:00,JOHN KEELLS HOLDINGS PLC,JKH.N0000,150,473113,70966950
2016-1,2016-03-16 00:00:00,JOHN KEELLS HOLDINGS PLC,JKH.N0000,151,500000,75500000
2016-1,2016-03-16 00:00:00,JOHN KEELLS HOLDINGS PLC,JKH.N0000,150,416196,62429400
2016-1,2016-03-16 00:00:00,DISTILLERIES COMPANY OF SRI LANKA PLC,DIST.N0000,220.5,566556,124925598
2016-1,2016-03-16 00:00:00,VIDULLANKA PLC,VLL.N0000,6,8500000,51000000
2016-1,2016-03-17 00:00:00,CHEVRON LUBRICANTS  LANKA  PLC,LLUB.N0000,302,300539,90762778
2016-1,2016-03-17 00:00:00,CHEVRON LUBRICANTS  LANKA  PLC,LLUB.N0000,302,100000,30200000
2016-1,2016-03-17 00:00:00,CHEVRON LUBRICANTS  LANKA  PLC,LLUB.N0000,302,150000,45300000
2016-1,2016-03-17 00:00:00,HATTON NATIONAL BANK PLC,HNB.N0000,192.5,104000,20020000
2016-1,2016-03-17 00:00:00,COMMERCIAL BANK OF CEYLON PLC,COMB.N0000,120,257415,30889800
2016-1,2016-03-17 00:00:00,JOHN KEELLS HOLDINGS PLC,JKH.N0000,150,1044376,156656400
2016-1,2016-03-17 00:00:00,COMMERCIAL BANK OF CEYLON PLC,COMB.N0000,120,174978,20997360
2016-1,2016-03-17 00:00:00,COMMERCIAL BANK OF CEYLON PLC,COMB.N0000,120,430000,51600000
2016-1,2016-03-17 00:00:00,COMMERCIAL BANK OF CEYLON PLC,COMB.N0000,120,636567,76388040
2016-1,2016-03-17 00:00:00,JOHN KEELLS HOLDINGS PLC,JKH.N0000,150,832392,124858800
2016-1,2016-03-17 00:00:00,COMMERCIAL BANK OF CEYLON PLC,COMB.N0000,120,936474,112376880
2016-1,2016-03-18 00:00:00,DIALOG AXIATA PLC,DIAL.N0000,10.2,6933243,70719078.6
2016-1,2016-03-18 00:00:00,ACCESS ENGINEERING PLC,AEL.N0000,21.7,5697056,123626115.2
2016-1,2016-03-18 00:00:00,SAMPATH BANK PLC,SAMP.N0000,220,300000,66000000
2016-1,2016-03-18 00:00:00,JOHN KEELLS HOLDINGS PLC,JKH.N0000,150,329270,49390500
2016-1,2016-03-18 00:00:00,COMMERCIAL BANK OF CEYLON PLC,COMB.N0000,120,260000,31200000
2016-1,2016-03-18 00:00:00,COMMERCIAL BANK OF CEYLON PLC,COMB.N0000,120,200000,24000000
2016-1,2016-03-18 00:00:00,COMMERCIAL BANK OF CEYLON PLC,COMB.N0000,120,500000,60000000
2016-1,2016-03-21 00:00:00,DISTILLERIES COMPANY OF SRI LANKA PLC,DIST.N0000,212,100000,21200000
2016-1,2016-03-21 00:00:00,HATTON NATIONAL BANK PLC,HNB.X0000,170,757634,128797780
2016-1,2016-03-23 00:00:00,JOHN KEELLS HOLDINGS PLC,JKH.N0000,151,261094,39425194
2016-1,2016-03-23 00:00:00,JOHN KEELLS HOLDINGS PLC,JKH.N0000,151,208098,31422798
2016-1,2016-03-23 00:00:00,SINGER (SRI LANKA) PLC,SINS.N0000,114.3,800000,91440000
2016-1,2016-03-23 00:00:00,SINGER (SRI LANKA) PLC,SINS.N0000,114.3,1750000,200025000
2016-1,2016-03-23 00:00:00,SINGER (SRI LANKA) PLC,SINS.N0000,114.3,5000000,571500000
2016-1,2016-03-23 00:00:00,SINGER (SRI LANKA) PLC,SINS.N0000,114.3,240000,27432000
2016-1,2016-03-24 00:00:00,SAMPATH BANK PLC,SAMP.N0000,231,217000,50127000
2016-1,2016-03-24 00:00:00,BUKIT DARAH PLC,BUKI.N0000,350,100000,35000000
2016-1,2016-03-24 00:00:00,PEOPLE'S INSURANCE PLC,PINS.N0000,16.8,3030800,50917440
2016-1,2016-03-28 00:00:00,ASIRI HOSPITAL HOLDINGS PLC,ASIR.N0000,24,2163753,51930072
2016-1,2016-03-28 00:00:00,ASIRI HOSPITAL HOLDINGS PLC,ASIR.N0000,24,1960460,47051040
2016-1,2016-03-28 00:00:00,ASIRI HOSPITAL HOLDINGS PLC,ASIR.N0000,24,1754290,42102960
2016-1,2016-03-29 00:00:00,LION BREWERY (CEYLON) PLC,LION.N0000,500,76900,38450000
2016-1,2016-03-30 00:00:00,DANKOTUWA PORCELAIN PLC,DPL.N0000,8,13501863,108014904
2016-1,2016-03-30 00:00:00,JOHN KEELLS HOLDINGS PLC,JKH.N0000,150,182903,27435450
2016-1,2016-03-31 00:00:00,RENUKA FOODS PLC,COCO.N0000,23,1555135,35768105
2016-1,2016-03-31 00:00:00,SUNSHINE HOLDINGS PLC,SUN.N0000,51,1000000,51000000
2016-1,2016-03-31 00:00:00,AITKEN SPENCE PLC,SPEN.N0000,72.5,518000,37555000
2016-1,2016-03-31 00:00:00,AITKEN SPENCE PLC,SPEN.N0000,72.5,495000,35887500
2016-2,2016-04-01 00:00:00,JOHN KEELLS HOLDINGS PLC,JKH.N0000,148.5,170000,25245000
2016-2,2016-04-01 00:00:00,HATTON NATIONAL BANK PLC,HNB.N0000,200,100000,20000000
2016-2,2016-04-01 00:00:00,HATTON NATIONAL BANK PLC,HNB.N0000,200,100000,20000000
2016-2,2016-04-01 00:00:00,HATTON NATIONAL BANK PLC,HNB.N0000,200,100000,20000000
2016-2,2016-04-01 00:00:00,JOHN KEELLS HOLDINGS PLC,JKH.N0000,149,360000,53640000
2016-2,2016-04-01 00:00:00,HEMAS HOLDINGS PLC,HHL.N0000,82.5,460000,37950000
2016-2,2016-04-01 00:00:00,ASIRI HOSPITAL HOLDINGS PLC,ASIR.N0000,24,21235500,509652000
2016-2,2016-04-01 00:00:00,ASIRI HOSPITAL HOLDINGS PLC,ASIR.N0000,24,19233030,461592720
2016-2,2016-04-01 00:00:00,ASIRI HOSPITAL HOLDINGS PLC,ASIR.N0000,24,2454354,58904496
2016-2,2016-04-01 00:00:00,ASIRI HOSPITAL HOLDINGS PLC,ASIR.N0000,24,4905390,117729360
2016-2,2016-04-01 00:00:00,HATTON NATIONAL BANK PLC,HNB.N0000,200,150200,30040000
2016-2,2016-04-01 00:00:00,HATTON NATIONAL BANK PLC,HNB.N0000,200,140000,28000000
2016-2,2016-04-01 00:00:00,HATTON NATIONAL BANK PLC,HNB.N0000,200,338103,67620600
2016-2,2016-04-04 00:00:00,PEOPLE'S LEASING & FINANCE PLC,PLC.N0000,15.8,3042545,48072211
2016-2,2016-04-04 00:00:00,PEOPLE'S LEASING & FINANCE PLC,PLC.N0000,15.8,2013629,31815338.2
2016-2,2016-04-04 00:00:00,PEOPLE'S LEASING & FINANCE PLC,PLC.N0000,15.8,2000000,31600000
2016-2,2016-04-04 00:00:00,PEOPLE'S LEASING & FINANCE PLC,PLC.N0000,15.8,2500000,39500000
2016-2,2016-04-05 00:00:00,HATTON NATIONAL BANK PLC,HNB.N0000,200,102254,20450800
2016-2,2016-04-05 00:00:00,CARGILLS (CEYLON) PLC,CARG.N0000,140,200000,28000000
2016-2,2016-04-05 00:00:00,JOHN KEELLS HOLDINGS PLC,JKH.N0000,147,137000,20139000
2016-2,2016-04-05 00:00:00,JOHN KEELLS HOLDINGS PLC,JKH.N0000,148,146072,21618656
2016-2,2016-04-05 00:00:00,HATTON NATIONAL BANK PLC,HNB.N0000,199,184054,36626746
2016-2,2016-04-05 00:00:00,AITKEN SPENCE PLC,SPEN.N0000,72.5,1300000,94250000
2016-2,2016-04-05 00:00:00,CARGILLS (CEYLON) PLC,CARG.N0000,140,150000,21000000
2016-2,2016-04-06 00:00:00,HEMAS HOLDINGS PLC,HHL.N0000,82,400500,32841000
2016-2,2016-04-07 00:00:00,PEOPLE'S LEASING & FINANCE PLC,PLC.N0000,17,6500000,110500000
2016-2,2016-04-07 00:00:00,DFCC BANK PLC,DFCC.N0000,140,400000,56000000
2016-2,2016-04-07 00:00:00,DFCC BANK PLC,DFCC.N0000,140,379511,53131540
2016-2,2016-04-07 00:00:00,SAMPATH BANK PLC,SAMP.N0000,220,100000,22000000
2016-2,2016-04-07 00:00:00,PEOPLE'S LEASING & FINANCE PLC,PLC.N0000,17,2500000,42500000
2016-2,2016-04-07 00:00:00,COLOMBO LAND AND DEVELOPMENT COMPANY PLC,CLND.N0000,22.5,1000000,22500000
2016-2,2016-04-08 00:00:00,HATTON NATIONAL BANK PLC,HNB.N0000,199,200000,39800000
2016-2,2016-04-08 00:00:00,SAMPATH BANK PLC,SAMP.N0000,222,180000,39960000
2016-2,2016-04-08 00:00:00,SAMPATH BANK PLC,SAMP.N0000,220,144663,31825860
2016-2,2016-04-08 00:00:00,SAMPATH BANK PLC,SAMP.N0000,222,100000,22200000
2016-2,2016-04-08 00:00:00,SAMPATH BANK PLC,SAMP.N0000,222,200000,44400000
2016-2,2016-04-08 00:00:00,HATTON NATIONAL BANK PLC,HNB.N0000,199,200000,39800000
2016-2,2016-04-08 00:00:00,DISTILLERIES COMPANY OF SRI LANKA PLC,DIST.N0000,212,100000,21200000
2016-2,2016-04-11 00:00:00,CHEVRON LUBRICANTS  LANKA  PLC,LLUB.N0000,310,130000,40300000
2016-2,2016-04-11 00:00:00,JOHN KEELLS HOLDINGS PLC,JKH.N0000,151,520000,78520000
2016-2,2016-04-11 00:00:00,JOHN KEELLS HOLDINGS PLC,JKH.N0000,151,631000,95281000
2016-2,2016-04-12 00:00:00,HATTON NATIONAL BANK PLC,HNB.N0000,205,100000,20500000
2016-2,2016-04-12 00:00:00,SEYLAN BANK PLC,SEYB.N0000,93,1399647,130167171
2016-2,2016-04-15 00:00:00,HATTON NATIONAL BANK PLC,HNB.N0000,205,138212,28333460
2016-2,2016-04-15 00:00:00,EXPOLANKA HOLDINGS PLC,EXPO.N0000,7.9,28269109,223325961.1
2016-2,2016-04-15 00:00:00,HATTON NATIONAL BANK PLC,HNB.N0000,205,331759,68010595
2016-2,2016-04-15 00:00:00,HATTON NATIONAL BANK PLC,HNB.N0000,204.9,130000,26637000
2016-2,2016-04-18 00:00:00,TESS AGRO PLC,TESS.N0000,1.7,33993806,57789470.2
2016-2,2016-04-18 00:00:00,HATTON NATIONAL BANK PLC,HNB.N0000,205,150000,30750000
2016-2,2016-04-18 00:00:00,LB FINANCE PLC,LFIN.N0000,125,400000,50000000
2016-2,2016-04-19 00:00:00,ACCESS ENGINEERING PLC,AEL.N0000,22.7,900000,20430000
2016-2,2016-04-19 00:00:00,ACCESS ENGINEERING PLC,AEL.N0000,22.7,899307,20414268.9
2016-2,2016-04-19 00:00:00,ASIRI HOSPITAL HOLDINGS PLC,ASIR.N0000,25.5,967399,24668674.5
2016-2,2016-04-19 00:00:00,ASIRI HOSPITAL HOLDINGS PLC,ASIR.N0000,25.5,1025240,26143620
2016-2,2016-04-19 00:00:00,HATTON NATIONAL BANK PLC,HNB.N0000,205,160542,32911110
2016-2,2016-04-19 00:00:00,JOHN KEELLS HOLDINGS PLC,JKH.N0000,152,544557,82772664
2016-2,2016-04-20 00:00:00,ASIRI HOSPITAL HOLDINGS PLC,ASIR.N0000,27,2000000,54000000
2016-2,2016-04-20 00:00:00,ACL CABLES PLC,ACL.N0000,107,250000,26750000
2016-2,2016-04-20 00:00:00,ACL CABLES PLC,ACL.N0000,107,500000,53500000
2016-2,2016-04-20 00:00:00,HATTON NATIONAL BANK PLC,HNB.X0000,175,160000,28000000
2016-2,2016-04-26 00:00:00,HATTON NATIONAL BANK PLC,HNB.X0000,175,200000,35000000
2016-2,2016-04-26 00:00:00,SAMPATH BANK PLC,SAMP.N0000,229,200000,45800000
2016-2,2016-04-26 00:00:00,ASIRI HOSPITAL HOLDINGS PLC,ASIR.N0000,28,3379574,94628072
2016-2,2016-04-27 00:00:00,HATTON NATIONAL BANK PLC,HNB.X0000,175,300000,52500000
2016-2,2016-04-28 00:00:00,HATTON NATIONAL BANK PLC,HNB.X0000,175,250000,43750000
2016-2,2016-04-28 00:00:00,HATTON NATIONAL BANK PLC,HNB.X0000,175,500000,87500000
2016-2,2016-04-29 00:00:00,JOHN KEELLS HOLDINGS PLC,JKH.N0000,154.7,200000,30940000
2016-2,2016-04-29 00:00:00,HAYLEYS PLC,HAYL.N0000,267,100000,26700000
2016-2,2016-04-29 00:00:00,NATIONAL DEVELOPMENT BANK PLC,NDB.N0000,188,178000,33464000
2016-2,2016-04-29 00:00:00,HEMAS HOLDINGS PLC,HHL.N0000,91.5,334061,30566581.5
2016-2,2016-04-29 00:00:00,COMMERCIAL BANK OF CEYLON PLC,COMB.N0000,130.8,334837,43796679.6
2016-2,2016-04-29 00:00:00,JOHN KEELLS HOLDINGS PLC,JKH.N0000,154.7,200000,30940000
2016-2,2016-04-29 00:00:00,DISTILLERIES COMPANY OF SRI LANKA PLC,DIST.N0000,214,1149525,245998350
2016-2,2016-04-29 00:00:00,DISTILLERIES COMPANY OF SRI LANKA PLC,DIST.N0000,214,235000,50290000
2016-2,2016-04-29 00:00:00,TEXTURED JERSEY LANKA PLC,TJL.N0000,33.5,1000000,33500000
2016-2,2016-04-29 00:00:00,TEXTURED JERSEY LANKA PLC,TJL.N0000,33.5,1000000,33500000
2016-2,2016-05-03 00:00:00,JOHN KEELLS HOLDINGS PLC,JKH.N0000,158.5,150000,23775000
2016-2,2016-05-04 00:00:00,COMMERCIAL BANK OF CEYLON PLC,COMB.N0000,133,190000,25270000
2016-2,2016-05-04 00:00:00,LION BREWERY (CEYLON) PLC,LION.N0000,452,150782,68153464
2016-2,2016-05-04 00:00:00,LION BREWERY (CEYLON) PLC,LION.N0000,452,102789,46460628
2016-2,2016-05-04 00:00:00,COMMERCIAL BANK OF CEYLON PLC,COMB.N0000,133,375000,49875000
2016-2,2016-05-04 00:00:00,COMMERCIAL BANK OF CEYLON PLC,COMB.N0000,133,260743,34678819
2016-2,2016-05-04 00:00:00,COMMERCIAL BANK OF CEYLON PLC,COMB.N0000,133,382930,50929690
2016-2,2016-05-04 00:00:00,COMMERCIAL BANK OF CEYLON PLC,COMB.N0000,133,190000,25270000
2016-2,2016-05-05 00:00:00,DIALOG AXIATA PLC,DIAL.N0000,11,9000000,99000000
2016-2,2016-05-05 00:00:00,DISTILLERIES COMPANY OF SRI LANKA PLC,DIST.N0000,217,240000,52080000
2016-2,2016-05-05 00:00:00,JOHN KEELLS HOLDINGS PLC,JKH.N0000,156,412070,64282920
2016-2,2016-05-05 00:00:00,DISTILLERIES COMPANY OF SRI LANKA PLC,DIST.N0000,217,240000,52080000
2016-2,2016-05-05 00:00:00,JOHN KEELLS HOLDINGS PLC,JKH.N0000,156,526367,82113252
2016-2,2016-05-06 00:00:00,COMMERCIAL BANK OF CEYLON PLC,COMB.X0000,114,1000000,114000000
2016-2,2016-05-06 00:00:00,DISTILLERIES COMPANY OF SRI LANKA PLC,DIST.N0000,215,732618,157512870
2016-2,2016-05-06 00:00:00,DISTILLERIES COMPANY OF SRI LANKA PLC,DIST.N0000,215,204327,43930305
2016-2,2016-05-09 00:00:00,CEYLON TOBACCO COMPANY PLC,CTC.N0000,1100,60000,66000000
2016-2,2016-05-09 00:00:00,CEYLON HOSPITALS PLC,CHL.N0000,95,518371,49245245
2016-2,2016-05-10 00:00:00,CEYLINCO INSURANCE PLC,CINS.N0000,1450,20000,29000000
2016-2,2016-05-10 00:00:00,JOHN KEELLS HOLDINGS PLC,JKH.N0000,158,526254,83148132
2016-2,2016-05-11 00:00:00,COMMERCIAL BANK OF CEYLON PLC,COMB.N0000,132.7,200000,26540000
2016-2,2016-05-11 00:00:00,DISTILLERIES COMPANY OF SRI LANKA PLC,DIST.N0000,215,235000,50525000
2016-2,2016-05-11 00:00:00,COMMERCIAL BANK OF CEYLON PLC,COMB.N0000,130,200000,26000000
2016-2,2016-05-11 00:00:00,COMMERCIAL BANK OF CEYLON PLC,COMB.N0000,130,600000,78000000
2016-2,2016-05-11 00:00:00,COMMERCIAL BANK OF CEYLON PLC,COMB.N0000,130,1500000,195000000
2016-2,2016-05-12 00:00:00,JOHN KEELLS HOLDINGS PLC,JKH.N0000,165,122000,20130000
2016-2,2016-05-12 00:00:00,COMMERCIAL BANK OF CEYLON PLC,COMB.N0000,130,569798,74073740
2016-2,2016-05-12 00:00:00,DIALOG AXIATA PLC,DIAL.N0000,11.3,1800000,20340000
2016-2,2016-05-12 00:00:00,DIALOG AXIATA PLC,DIAL.N0000,11.3,2000000,22600000
2016-2,2016-05-12 00:00:00,HATTON NATIONAL BANK PLC,HNB.N0000,211,160542,33874362
2016-2,2016-05-12 00:00:00,HATTON NATIONAL BANK PLC,HNB.N0000,211,300000,63300000
2016-2,2016-05-12 00:00:00,JOHN KEELLS HOLDINGS PLC,JKH.N0000,165,367069,60566385
2016-2,2016-05-12 00:00:00,JOHN KEELLS HOLDINGS PLC,JKH.N0000,165,274930,45363450
2016-2,2016-05-13 00:00:00,LB FINANCE PLC,LFIN.N0000,130,175000,22750000
2016-2,2016-05-13 00:00:00,COMMERCIAL BANK OF CEYLON PLC,COMB.N0000,130,1142009,148461170
2016-2,2016-05-13 00:00:00,SAMPATH BANK PLC,SAMP.N0000,233,100000,23300000
2016-2,2016-05-13 00:00:00,COMMERCIAL BANK OF CEYLON PLC,COMB.N0000,130,169661,22055930
2016-2,2016-05-13 00:00:00,COMMERCIAL BANK OF CEYLON PLC,COMB.N0000,130,537980,69937400
2016-2,2016-05-16 00:00:00,ACCESS ENGINEERING PLC,AEL.N0000,23.3,1500000,34950000
2016-2,2016-05-17 00:00:00,CEYLON TOBACCO COMPANY PLC,CTC.N0000,1135,37800,42903000
2016-2,2016-05-17 00:00:00,DIALOG AXIATA PLC,DIAL.N0000,11.4,4496500,51260100
2016-2,2016-05-17 00:00:00,DISTILLERIES COMPANY OF SRI LANKA PLC,DIST.N0000,215,393343,84568745
2016-2,2016-05-17 00:00:00,DISTILLERIES COMPANY OF SRI LANKA PLC,DIST.N0000,215,109861,23620115
2016-2,2016-05-18 00:00:00,COMMERCIAL BANK OF CEYLON PLC,COMB.N0000,130,169661,22055930
2016-2,2016-05-18 00:00:00,ACCESS ENGINEERING PLC,AEL.N0000,23.3,1000000,23300000
2016-2,2016-05-18 00:00:00,CEYLON TOBACCO COMPANY PLC,CTC.N0000,1120,71500,80080000
2016-2,2016-05-18 00:00:00,CEYLON TOBACCO COMPANY PLC,CTC.N0000,1120,50000,56000000
2016-2,2016-05-18 00:00:00,NESTLE LANKA PLC,NEST.N0000,2250,74089,166700250
2016-2,2016-05-18 00:00:00,NESTLE LANKA PLC,NEST.N0000,2250,25000,56250000
2016-2,2016-05-18 00:00:00,JOHN KEELLS HOLDINGS PLC,JKH.N0000,160,536579,85852640
2016-2,2016-05-18 00:00:00,JOHN KEELLS HOLDINGS PLC,JKH.N0000,160,500000,80000000
2016-2,2016-05-18 00:00:00,JOHN KEELLS HOLDINGS PLC,JKH.N0000,160,423685,67789600
2016-2,2016-05-18 00:00:00,JOHN KEELLS HOLDINGS PLC,JKH.N0000,160,312513,50002080
2016-2,2016-05-19 00:00:00,TOKYO CEMENT COMPANY (LANKA) PLC,TKYO.N0000,40,5250000,210000000
2016-2,2016-05-19 00:00:00,DIALOG AXIATA PLC,DIAL.N0000,11.4,2500000,28500000
2016-2,2016-05-19 00:00:00,TOKYO CEMENT COMPANY (LANKA) PLC,TKYO.N0000,40,500000,20000000
2016-2,2016-05-19 00:00:00,TOKYO CEMENT COMPANY (LANKA) PLC,TKYO.N0000,40,5360000,214400000
2016-2,2016-05-19 00:00:00,TOKYO CEMENT COMPANY (LANKA) PLC,TKYO.N0000,40,500000,20000000
2016-2,2016-05-19 00:00:00,DIALOG AXIATA PLC,DIAL.N0000,11.4,7500000,85500000
2016-2,2016-05-20 00:00:00,NATIONAL DEVELOPMENT BANK PLC,NDB.N0000,177,280000,49560000
2016-2,2016-05-20 00:00:00,NATIONAL DEVELOPMENT BANK PLC,NDB.N0000,177,360000,63720000
2016-2,2016-05-20 00:00:00,ASIRI HOSPITAL HOLDINGS PLC,ASIR.N0000,29,5000000,145000000
2016-2,2016-05-20 00:00:00,DIALOG AXIATA PLC,DIAL.N0000,11.4,2000000,22800000
2016-2,2016-05-20 00:00:00,NATIONAL DEVELOPMENT BANK PLC,NDB.N0000,177,360000,63720000
2016-2,2016-05-20 00:00:00,JOHN KEELLS HOLDINGS PLC,JKH.N0000,158,320000,50560000
2016-2,2016-05-24 00:00:00,CEYLON TOBACCO COMPANY PLC,CTC.N0000,1100,19000,20900000
2016-2,2016-05-24 00:00:00,PEOPLE'S LEASING & FINANCE PLC,PLC.N0000,19,2000000,38000000
2016-2,2016-05-25 00:00:00,NATIONAL DEVELOPMENT BANK PLC,NDB.N0000,178,173756,30928568
2016-2,2016-05-25 00:00:00,NATIONAL DEVELOPMENT BANK PLC,NDB.N0000,178,149125,26544250
2016-2,2016-05-25 00:00:00,NATIONAL DEVELOPMENT BANK PLC,NDB.N0000,178,144807,25775646
2016-2,2016-05-25 00:00:00,NATIONAL DEVELOPMENT BANK PLC,NDB.N0000,178,169648,30197344
2016-2,2016-05-25 00:00:00,COMMERCIAL BANK OF CEYLON PLC,COMB.X0000,114,275000,31350000
2016-2,2016-05-25 00:00:00,COMMERCIAL BANK OF CEYLON PLC,COMB.N0000,131,300000,39300000
2016-2,2016-05-25 00:00:00,COMMERCIAL BANK OF CEYLON PLC,COMB.N0000,131,1000000,131000000
2016-2,2016-05-25 00:00:00,COMMERCIAL BANK OF CEYLON PLC,COMB.N0000,131,400000,52400000
2016-2,2016-05-25 00:00:00,COMMERCIAL BANK OF CEYLON PLC,COMB.N0000,131,350000,45850000
2016-2,2016-05-25 00:00:00,NATIONAL DEVELOPMENT BANK PLC,NDB.N0000,178,181227,32258406
2016-2,2016-05-25 00:00:00,NATIONAL DEVELOPMENT BANK PLC,NDB.N0000,178,162655,28952590
2016-2,2016-05-25 00:00:00,COMMERCIAL BANK OF CEYLON PLC,COMB.N0000,131,385000,50435000
2016-2,2016-05-27 00:00:00,JOHN KEELLS HOLDINGS PLC,JKH.N0000,156,268290,41853240
2016-2,2016-05-27 00:00:00,COMMERCIAL BANK OF CEYLON PLC,COMB.N0000,130,1000000,130000000
2016-2,2016-05-27 00:00:00,COMMERCIAL BANK OF CEYLON PLC,COMB.N0000,130,1000000,130000000
2016-2,2016-05-27 00:00:00,COMMERCIAL BANK OF CEYLON PLC,COMB.N0000,130,1000000,130000000
2016-2,2016-05-27 00:00:00,JOHN KEELLS HOLDINGS PLC,JKH.N0000,156,211842,33047352
2016-2,2016-05-30 00:00:00,JOHN KEELLS HOLDINGS PLC,JKH.N0000,156,135200,21091200
2016-2,2016-05-30 00:00:00,JOHN KEELLS HOLDINGS PLC,JKH.N0000,156,169800,26488800
2016-2,2016-05-30 00:00:00,JOHN KEELLS HOLDINGS PLC,JKH.N0000,156,218000,34008000
2016-2,2016-05-30 00:00:00,JOHN KEELLS HOLDINGS PLC,JKH.N0000,156,282000,43992000
2016-2,2016-05-31 00:00:00,TEXTURED JERSEY LANKA PLC,TJL.N0000,34.5,750000,25875000
2016-2,2016-06-01 00:00:00,DISTILLERIES COMPANY OF SRI LANKA PLC,DIST.N0000,215,95000,20425000
2016-2,2016-06-01 00:00:00,COMMERCIAL BANK OF CEYLON PLC,COMB.N0000,127.8,450580,57584124
2016-2,2016-06-01 00:00:00,JOHN KEELLS HOLDINGS PLC,JKH.N0000,156,200000,31200000
2016-2,2016-06-01 00:00:00,HEMAS HOLDINGS PLC,HHL.N0000,90,309265,27833850
2016-2,2016-06-02 00:00:00,COMMERCIAL BANK OF CEYLON PLC,COMB.N0000,128.5,315870,40589295
2016-2,2016-06-02 00:00:00,HEMAS HOLDINGS PLC,HHL.N0000,90,400000,36000000
2016-2,2016-06-02 00:00:00,CEYLON TOBACCO COMPANY PLC,CTC.N0000,1115,22009,24540035
2016-2,2016-06-02 00:00:00,CEYLON TOBACCO COMPANY PLC,CTC.N0000,1115,29663,33074245
2016-2,2016-06-03 00:00:00,ALUMEX PLC,ALUM.N0000,17.5,1250000,21875000
2016-2,2016-06-03 00:00:00,ALUMEX PLC,ALUM.N0000,17.5,1150000,20125000
2016-2,2016-06-06 00:00:00,EXPOLANKA HOLDINGS PLC,EXPO.N0000,7,6000000,42000000
2016-2,2016-06-06 00:00:00,EXPOLANKA HOLDINGS PLC,EXPO.N0000,7,3000000,21000000
2016-2,2016-06-06 00:00:00,NESTLE LANKA PLC,NEST.N0000,2380,11094,26403720
2016-2,2016-06-07 00:00:00,ASIA ASSET FINANCE PLC,AAF.N0000,1.6,25000000,40000000
2016-2,2016-06-08 00:00:00,ACCESS ENGINEERING PLC,AEL.N0000,23,2200000,50600000
2016-2,2016-06-08 00:00:00,HEMAS HOLDINGS PLC,HHL.N0000,87,1000000,87000000
2016-2,2016-06-09 00:00:00,JOHN KEELLS HOLDINGS PLC,JKH.N0000,157.5,180418,28415835
2016-2,2016-06-10 00:00:00,NATIONAL DEVELOPMENT BANK PLC,NDB.N0000,170,200000,34000000
2016-2,2016-06-13 00:00:00,DIALOG AXIATA PLC,DIAL.N0000,11,10775147,118526617
2016-2,2016-06-13 00:00:00,NATIONAL DEVELOPMENT BANK PLC,NDB.N0000,169.5,161793,27423913.5
2016-2,2016-06-13 00:00:00,DIALOG AXIATA PLC,DIAL.N0000,11,3423360,37656960
2016-2,2016-06-13 00:00:00,NATIONAL DEVELOPMENT BANK PLC,NDB.N0000,169.5,338207,57326086.5
2016-2,2016-06-14 00:00:00,C. W. MACKIE PLC,CWM.N0000,60,5870000,352200000
2016-2,2016-06-15 00:00:00,HATTON NATIONAL BANK PLC,HNB.X0000,177,750000,132750000
2016-2,2016-06-15 00:00:00,ALUMEX PLC,ALUM.N0000,17.5,1382648,24196340
2016-2,2016-06-16 00:00:00,COMMERCIAL BANK OF CEYLON PLC,COMB.N0000,126.7,167627,21238340.9
2016-2,2016-06-20 00:00:00,NATIONAL DEVELOPMENT BANK PLC,NDB.N0000,170,541130,91992100
2016-2,2016-06-20 00:00:00,SAMPATH BANK PLC,SAMP.N0000,233,178875,41677875
2016-2,2016-06-20 00:00:00,NATIONAL DEVELOPMENT BANK PLC,NDB.N0000,170,258870,44007900
2016-2,2016-06-21 00:00:00,THE  LIGHTHOUSE  HOTEL  PLC,LHL.N0000,63,400000,25200000
2016-2,2016-06-22 00:00:00,AITKEN SPENCE PLC,SPEN.N0000,72.2,351000,25342200
2016-2,2016-06-22 00:00:00,COMMERCIAL BANK OF CEYLON PLC,COMB.N0000,120.3,224312,26984733.6
2016-2,2016-06-22 00:00:00,TEXTURED JERSEY LANKA PLC,TJL.N0000,35.2,1744300,61399360
2016-2,2016-06-22 00:00:00,TEXTURED JERSEY LANKA PLC,TJL.N0000,35.2,1437500,50600000
2016-2,2016-06-22 00:00:00,TEXTURED JERSEY LANKA PLC,TJL.N0000,36.6,688900,25213740
2016-2,2016-06-22 00:00:00,TEXTURED JERSEY LANKA PLC,TJL.N0000,35.2,1437500,50600000
2016-2,2016-06-23 00:00:00,NESTLE LANKA PLC,NEST.N0000,2380,10364,24666320
2016-2,2016-06-23 00:00:00,NATIONAL DEVELOPMENT BANK PLC,NDB.N0000,169,670000,113230000
2016-2,2016-06-23 00:00:00,NATIONAL DEVELOPMENT BANK PLC,NDB.N0000,169,647175,109372575
2016-2,2016-06-23 00:00:00,NATIONAL DEVELOPMENT BANK PLC,NDB.N0000,169,682825,115397425
2016-2,2016-06-27 00:00:00,NATIONAL DEVELOPMENT BANK PLC,NDB.N0000,169,661329,111764601
2016-2,2016-06-27 00:00:00,NATIONAL DEVELOPMENT BANK PLC,NDB.N0000,169,316372,53466868
2016-2,2016-06-28 00:00:00,LB FINANCE PLC,LFIN.N0000,130,1040000,135200000
2016-2,2016-06-28 00:00:00,ACL CABLES PLC,ACL.N0000,113.5,450000,51075000
2016-2,2016-06-29 00:00:00,SINHAPUTHRA FINANCE PLC,SFL.N0000,15,5100000,76500000
2016-2,2016-06-29 00:00:00,CHEVRON LUBRICANTS  LANKA  PLC,LLUB.N0000,149.8,449000,67260200
2016-2,2016-06-30 00:00:00,CHEVRON LUBRICANTS  LANKA  PLC,LLUB.N0000,149.8,500000,74900000
2016-3,2016-07-01 00:00:00,CHEVRON LUBRICANTS  LANKA  PLC,LLUB.N0000,149,150000,22350000
2016-3,2016-07-01 00:00:00,CHEVRON LUBRICANTS  LANKA  PLC,LLUB.N0000,149,250000,37250000
2016-3,2016-07-01 00:00:00,CHEVRON LUBRICANTS  LANKA  PLC,LLUB.N0000,149,200000,29800000
2016-3,2016-07-01 00:00:00,CHEVRON LUBRICANTS  LANKA  PLC,LLUB.N0000,150,726000,108900000
2016-3,2016-07-01 00:00:00,CHEVRON LUBRICANTS  LANKA  PLC,LLUB.N0000,149,400000,59600000
2016-3,2016-07-01 00:00:00,CHEVRON LUBRICANTS  LANKA  PLC,LLUB.N0000,150,274667,41200050
2016-3,2016-07-01 00:00:00,JOHN KEELLS HOLDINGS PLC,JKH.N0000,136,250000,34000000
2016-3,2016-07-04 00:00:00,JOHN KEELLS HOLDINGS PLC,JKH.N0000,135,358000,48330000
2016-3,2016-07-07 00:00:00,CHEVRON LUBRICANTS  LANKA  PLC,LLUB.N0000,150,250000,37500000
2016-3,2016-07-07 00:00:00,CHEVRON LUBRICANTS  LANKA  PLC,LLUB.N0000,150,150000,22500000
2016-3,2016-07-07 00:00:00,CHEVRON LUBRICANTS  LANKA  PLC,LLUB.N0000,150,296525,44478750
2016-3,2016-07-07 00:00:00,CHEVRON LUBRICANTS  LANKA  PLC,LLUB.N0000,150,200000,30000000
2016-3,2016-07-07 00:00:00,CHEVRON LUBRICANTS  LANKA  PLC,LLUB.N0000,150,400000,60000000
2016-3,2016-07-07 00:00:00,CHEVRON LUBRICANTS  LANKA  PLC,LLUB.N0000,150,400000,60000000
2016-3,2016-07-07 00:00:00,JOHN KEELLS HOLDINGS PLC,JKH.N0000,139,691270,96086530
2016-3,2016-07-07 00:00:00,JOHN KEELLS HOLDINGS PLC,JKH.N0000,139,308730,42913470
2016-3,2016-07-07 00:00:00,JOHN KEELLS HOLDINGS PLC,JKH.N0000,139,287020,39895780
2016-3,2016-07-07 00:00:00,JOHN KEELLS HOLDINGS PLC,JKH.N0000,139,212980,29604220
2016-3,2016-07-07 00:00:00,JOHN KEELLS HOLDINGS PLC,JKH.N0000,139,691270,96086530
2016-3,2016-07-07 00:00:00,JOHN KEELLS HOLDINGS PLC,JKH.N0000,139,212980,29604220
2016-3,2016-07-07 00:00:00,JOHN KEELLS HOLDINGS PLC,JKH.N0000,139,287020,39895780
2016-3,2016-07-07 00:00:00,JOHN KEELLS HOLDINGS PLC,JKH.N0000,139,308730,42913470
2016-3,2016-07-08 00:00:00,EXPOLANKA HOLDINGS PLC,EXPO.N0000,6.6,12156513,80232985.8
2016-3,2016-07-08 00:00:00,JOHN KEELLS HOLDINGS PLC,JKH.N0000,140.7,1100000,154770000
2016-3,2016-07-08 00:00:00,LANKA ORIX LEASING COMPANY PLC,LOLC.N0000,81,325000,26325000
2016-3,2016-07-08 00:00:00,NATIONAL DEVELOPMENT BANK PLC,NDB.N0000,170,289108,49148360
2016-3,2016-07-11 00:00:00,JOHN KEELLS HOLDINGS PLC,JKH.N0000,141,454371,64066311
2016-3,2016-07-11 00:00:00,JOHN KEELLS HOLDINGS PLC,JKH.N0000,140.9,210081,29600412.9
2016-3,2016-07-11 00:00:00,JOHN KEELLS HOLDINGS PLC,JKH.N0000,140.9,305182,43000143.8
2016-3,2016-07-11 00:00:00,JOHN KEELLS HOLDINGS PLC,JKH.N0000,140.9,587638,82798194.2
2016-3,2016-07-11 00:00:00,JOHN KEELLS HOLDINGS PLC,JKH.N0000,140.9,681857,96073651.3
2016-3,2016-07-11 00:00:00,JOHN KEELLS HOLDINGS PLC,JKH.N0000,140.9,527863,74375896.7
2016-3,2016-07-11 00:00:00,LANKA ORIX LEASING COMPANY PLC,LOLC.N0000,81,300000,24300000
2016-3,2016-07-11 00:00:00,SEYLAN BANK PLC,SEYB.N0000,95,355000,33725000
2016-3,2016-07-11 00:00:00,SEYLAN BANK PLC,SEYB.N0000,95,1503504,142832880
2016-3,2016-07-12 00:00:00,COMMERCIAL BANK OF CEYLON PLC,COMB.N0000,129,200000,25800000
2016-3,2016-07-12 00:00:00,LANKA ORIX LEASING COMPANY PLC,LOLC.N0000,82,278000,22796000
2016-3,2016-07-13 00:00:00,BROWNS HYDRO POWER PLC,HPFL.N0000,7,37044056,259308392
2016-3,2016-07-13 00:00:00,BROWNS HYDRO POWER PLC,HPFL.N0000,7,37044056,259308392
2016-3,2016-07-13 00:00:00,BROWNS HYDRO POWER PLC,HPFL.N0000,7,3625400,25377800
2016-3,2016-07-14 00:00:00,CHEVRON LUBRICANTS  LANKA  PLC,LLUB.N0000,161.6,150000,24240000
2016-3,2016-07-14 00:00:00,CHEVRON LUBRICANTS  LANKA  PLC,LLUB.N0000,161.6,250000,40400000
2016-3,2016-07-14 00:00:00,COMMERCIAL BANK OF CEYLON PLC,COMB.N0000,130,181000,23530000
2016-3,2016-07-14 00:00:00,LANKA ORIX LEASING COMPANY PLC,LOLC.N0000,83,400000,33200000
2016-3,2016-07-14 00:00:00,PEOPLE'S INSURANCE PLC,PINS.N0000,16.8,1720000,28896000
2016-3,2016-07-14 00:00:00,PIRAMAL GLASS CEYLON PLC,GLAS.N0000,5.1,4725000,24097500
2016-3,2016-07-15 00:00:00,CENTRAL FINANCE COMPANY PLC,CFIN.N0000,225,138400,31140000
2016-3,2016-07-15 00:00:00,HATTON NATIONAL BANK PLC,HNB.X0000,173.1,300000,51930000
2016-3,2016-07-15 00:00:00,LANKA ORIX LEASING COMPANY PLC,LOLC.N0000,82,325000,26650000
2016-3,2016-07-18 00:00:00,JOHN KEELLS HOLDINGS PLC,JKH.N0000,142,359000,50978000
2016-3,2016-07-20 00:00:00,COMMERCIAL BANK OF CEYLON PLC,COMB.N0000,129,265281,34221249
2016-3,2016-07-22 00:00:00,DUNAMIS CAPITAL PLC,CSEC.N0000,21,6922299,145368279
2016-3,2016-07-22 00:00:00,LANKA ORIX LEASING COMPANY PLC,LOLC.N0000,82,350000,28700000
2016-3,2016-07-28 00:00:00,DIALOG AXIATA PLC,DIAL.N0000,11,4310000,47410000
2016-3,2016-07-28 00:00:00,DIALOG AXIATA PLC,DIAL.N0000,11,16887000,185757000
2016-3,2016-07-28 00:00:00,DIALOG AXIATA PLC,DIAL.N0000,11,13563000,149193000
2016-3,2016-07-28 00:00:00,DIALOG AXIATA PLC,DIAL.N0000,11,5194000,57134000
2016-3,2016-07-29 00:00:00,TEEJAY LANKA PLC,TJL.N0000,37.6,2000000,75200000
2016-3,2016-08-01 00:00:00,JOHN KEELLS HOLDINGS PLC,JKH.N0000,140.8,200000,28160000
2016-3,2016-08-01 00:00:00,TEEJAY LANKA PLC,TJL.N0000,38,3000000,114000000
2016-3,2016-08-01 00:00:00,TEEJAY LANKA PLC,TJL.N0000,38,2000000,76000000
2016-3,2016-08-02 00:00:00,DISTILLERIES COMPANY OF SRI LANKA PLC,DIST.N0000,275,200000,55000000
2016-3,2016-08-02 00:00:00,TEEJAY LANKA PLC,TJL.N0000,38.2,1309641,50028286.2
2016-3,2016-08-03 00:00:00,CHEVRON LUBRICANTS  LANKA  PLC,LLUB.N0000,165,500000,82500000
2016-3,2016-08-03 00:00:00,CHEVRON LUBRICANTS  LANKA  PLC,LLUB.N0000,165,180000,29700000
2016-3,2016-08-03 00:00:00,CHEVRON LUBRICANTS  LANKA  PLC,LLUB.N0000,165,320000,52800000
2016-3,2016-08-03 00:00:00,CHEVRON LUBRICANTS  LANKA  PLC,LLUB.N0000,165,320000,52800000
2016-3,2016-08-03 00:00:00,DISTILLERIES COMPANY OF SRI LANKA PLC,DIST.N0000,285,73077,20826945
2016-3,2016-08-03 00:00:00,JOHN KEELLS HOLDINGS PLC,JKH.N0000,145,414500,60102500
2016-3,2016-08-03 00:00:00,JOHN KEELLS HOLDINGS PLC,JKH.N0000,145,414500,60102500
2016-3,2016-08-05 00:00:00,CHEVRON LUBRICANTS  LANKA  PLC,LLUB.N0000,163,134848,21980224
2016-3,2016-08-05 00:00:00,EXPOLANKA HOLDINGS PLC,EXPO.N0000,6.9,5000000,34500000
2016-3,2016-08-05 00:00:00,EXPOLANKA HOLDINGS PLC,EXPO.N0000,6.9,3000000,20700000
2016-3,2016-08-05 00:00:00,HATTON NATIONAL BANK PLC,HNB.N0000,217.5,99500,21641250
2016-3,2016-08-05 00:00:00,SEYLAN BANK PLC,SEYB.X0000,66.5,508430,33810595
2016-3,2016-08-05 00:00:00,SINGER (SRI LANKA) PLC,SINS.N0000,125,1837500,229687500
2016-3,2016-08-09 00:00:00,ACCESS ENGINEERING PLC,AEL.N0000,24,850000,20400000
2016-3,2016-08-09 00:00:00,CHEVRON LUBRICANTS  LANKA  PLC,LLUB.N0000,163.1,400000,65240000
2016-3,2016-08-09 00:00:00,JOHN KEELLS HOLDINGS PLC,JKH.N0000,149,209690,31243810
2016-3,2016-08-09 00:00:00,JOHN KEELLS HOLDINGS PLC,JKH.N0000,149,186610,27804890
2016-3,2016-08-10 00:00:00,CHEVRON LUBRICANTS  LANKA  PLC,LLUB.N0000,163.1,149000,24301900
2016-3,2016-08-10 00:00:00,CHEVRON LUBRICANTS  LANKA  PLC,LLUB.N0000,163.1,342254,55821627.4
2016-3,2016-08-10 00:00:00,CHEVRON LUBRICANTS  LANKA  PLC,LLUB.N0000,163.1,150000,24465000
2016-3,2016-08-10 00:00:00,JOHN KEELLS HOLDINGS PLC,JKH.N0000,153.5,313240,48082340
2016-3,2016-08-11 00:00:00,CHEVRON LUBRICANTS  LANKA  PLC,LLUB.N0000,163,200000,32600000
2016-3,2016-08-11 00:00:00,DISTILLERIES COMPANY OF SRI LANKA PLC,DIST.N0000,267,150000,40050000
2016-3,2016-08-12 00:00:00,CHEVRON LUBRICANTS  LANKA  PLC,LLUB.N0000,163,200000,32600000
2016-3,2016-08-12 00:00:00,JOHN KEELLS HOLDINGS PLC,JKH.N0000,155,471900,73144500
2016-3,2016-08-12 00:00:00,JOHN KEELLS HOLDINGS PLC,JKH.N0000,155,276759,42897645
2016-3,2016-08-12 00:00:00,LION BREWERY (CEYLON) PLC,LION.N0000,380,153000,58140000
2016-3,2016-08-12 00:00:00,LION BREWERY (CEYLON) PLC,LION.N0000,380,147000,55860000
2016-3,2016-08-15 00:00:00,CHEVRON LUBRICANTS  LANKA  PLC,LLUB.N0000,162.6,303178,49296742.8
2016-3,2016-08-16 00:00:00,NATIONAL DEVELOPMENT BANK PLC,NDB.N0000,165,1000000,165000000
2016-3,2016-08-18 00:00:00,COMMERCIAL BANK OF CEYLON PLC,COMB.N0000,140,500000,70000000
2016-3,2016-08-18 00:00:00,JOHN KEELLS HOLDINGS PLC,JKH.N0000,157.5,325000,51187500
2016-3,2016-08-18 00:00:00,JOHN KEELLS HOLDINGS PLC,JKH.N0000,158,579500,91561000
2016-3,2016-08-18 00:00:00,JOHN KEELLS HOLDINGS PLC,JKH.N0000,158,369070,58313060
2016-3,2016-08-18 00:00:00,NATIONAL DEVELOPMENT BANK PLC,NDB.N0000,165,5000000,825000000
2016-3,2016-08-19 00:00:00,DISTILLERIES COMPANY OF SRI LANKA PLC,DIST.N0000,272,100000,27200000
2016-3,2016-08-19 00:00:00,JOHN KEELLS HOLDINGS PLC,JKH.N0000,158,461374,72897092
2016-3,2016-08-19 00:00:00,JOHN KEELLS HOLDINGS PLC,JKH.N0000,158,367300,58033400
2016-3,2016-08-19 00:00:00,NATIONAL DEVELOPMENT BANK PLC,NDB.N0000,165,1000000,165000000
2016-3,2016-08-19 00:00:00,NATIONAL DEVELOPMENT BANK PLC,NDB.N0000,165,1467026,242059290
2016-3,2016-08-19 00:00:00,NATIONAL DEVELOPMENT BANK PLC,NDB.N0000,165,250000,41250000
2016-3,2016-08-19 00:00:00,NATIONAL DEVELOPMENT BANK PLC,NDB.N0000,165,250000,41250000
2016-3,2016-08-19 00:00:00,TOKYO CEMENT COMPANY (LANKA) PLC,TKYO.N0000,52.3,2227500,116498250
2016-3,2016-08-22 00:00:00,CEYLON TOBACCO COMPANY PLC,CTC.N0000,915,32000,29280000
2016-3,2016-08-22 00:00:00,CHEVRON LUBRICANTS  LANKA  PLC,LLUB.N0000,168,172388,28961184
2016-3,2016-08-23 00:00:00,CHEVRON LUBRICANTS  LANKA  PLC,LLUB.N0000,167,300000,50100000
2016-3,2016-08-23 00:00:00,CHEVRON LUBRICANTS  LANKA  PLC,LLUB.N0000,167,127239,21248913
2016-3,2016-08-23 00:00:00,COMMERCIAL BANK OF CEYLON PLC,COMB.N0000,139,266486,37041554
2016-3,2016-08-23 00:00:00,COMMERCIAL BANK OF CEYLON PLC,COMB.N0000,140,1000000,140000000
2016-3,2016-08-23 00:00:00,JOHN KEELLS HOLDINGS PLC,JKH.N0000,158,190321,30070718
2016-3,2016-08-23 00:00:00,SAMPATH BANK PLC,SAMP.N0000,250.2,531217,132910493.4
2016-3,2016-08-24 00:00:00,CEYLON TOBACCO COMPANY PLC,CTC.N0000,915,25000,22875000
2016-3,2016-08-24 00:00:00,CEYLON TOBACCO COMPANY PLC,CTC.N0000,915,25000,22875000
2016-3,2016-08-24 00:00:00,CEYLON TOBACCO COMPANY PLC,CTC.N0000,915,25000,22875000
2016-3,2016-08-24 00:00:00,CEYLON TOBACCO COMPANY PLC,CTC.N0000,915,50000,45750000
2016-3,2016-08-24 00:00:00,CEYLON TOBACCO COMPANY PLC,CTC.N0000,915,25000,22875000
2016-3,2016-08-24 00:00:00,TOKYO CEMENT COMPANY (LANKA) PLC,TKYO.N0000,57,2227500,126967500
2016-3,2016-08-25 00:00:00,KEELLS FOOD PRODUCTS PLC,KFP.N0000,160,150000,24000000
2016-3,2016-08-26 00:00:00,CEYLON TOBACCO COMPANY PLC,CTC.N0000,916,25000,22900000
2016-3,2016-08-26 00:00:00,CEYLON TOBACCO COMPANY PLC,CTC.N0000,916,25000,22900000
2016-3,2016-08-29 00:00:00,EAST WEST PROPERTIES PLC,EAST.N0000,14.7,11000000,161700000
2016-3,2016-08-29 00:00:00,EAST WEST PROPERTIES PLC,EAST.N0000,14.7,11185562,164427761.4
2016-3,2016-08-29 00:00:00,ROYAL CERAMICS LANKA PLC,RCL.N0000,124,250000,31000000
2016-3,2016-08-30 00:00:00,CEYLON GRAIN ELEVATORS PLC,GRAN.N0000,88,500000,44000000
2016-3,2016-08-30 00:00:00,CEYLON GRAIN ELEVATORS PLC,GRAN.N0000,88,230000,20240000
2016-3,2016-08-30 00:00:00,CEYLON GRAIN ELEVATORS PLC,GRAN.N0000,88,230000,20240000
2016-3,2016-08-30 00:00:00,JOHN KEELLS HOLDINGS PLC,JKH.N0000,150,396774,59516100
2016-3,2016-08-30 00:00:00,JOHN KEELLS HOLDINGS PLC,JKH.N0000,150,500000,75000000
2016-3,2016-08-31 00:00:00,CEYLINCO INSURANCE PLC,CINS.N0000,1300,31294,40682200
2016-3,2016-08-31 00:00:00,CEYLON COLD STORES PLC,CCS.N0000,650,150000,97500000
2016-3,2016-08-31 00:00:00,CEYLON COLD STORES PLC,CCS.N0000,650,155637,101164050
2016-3,2016-08-31 00:00:00,DISTILLERIES COMPANY OF SRI LANKA PLC,DIST.N0000,267,200000,53400000
2016-3,2016-08-31 00:00:00,HEMAS HOLDINGS PLC,HHL.N0000,95,526642,50030990
2016-3,2016-09-02 00:00:00,CEYLON TOBACCO COMPANY PLC,CTC.N0000,885,263507,233203695
2016-3,2016-09-02 00:00:00,CEYLON TOBACCO COMPANY PLC,CTC.N0000,885,150493,133186305
2016-3,2016-09-02 00:00:00,CHEVRON LUBRICANTS  LANKA  PLC,LLUB.N0000,165,350000,57750000
2016-3,2016-09-02 00:00:00,THE KANDY HOTELS COMPANY (1938) PLC,KHC.N0000,8.4,28875000,242550000
2016-3,2016-09-02 00:00:00,THE KANDY HOTELS COMPANY (1938) PLC,KHC.N0000,8.4,40425000,339570000
2016-3,2016-09-05 00:00:00,HATTON NATIONAL BANK PLC,HNB.N0000,227.2,145567,33072822.4
2016-3,2016-09-06 00:00:00,CHEVRON LUBRICANTS  LANKA  PLC,LLUB.N0000,165,150000,24750000
2016-3,2016-09-06 00:00:00,HEMAS HOLDINGS PLC,HHL.N0000,100,201120,20112000
2016-3,2016-09-06 00:00:00,LION BREWERY (CEYLON) PLC,LION.N0000,380,79962,30385560
2016-3,2016-09-07 00:00:00,HATTON NATIONAL BANK PLC,HNB.N0000,227.5,127309,28962797.5
2016-3,2016-09-08 00:00:00,CEYLINCO INSURANCE PLC,CINS.X0000,726,29900,21707400
2016-3,2016-09-08 00:00:00,CEYLON COLD STORES PLC,CCS.N0000,608,82500,50160000
2016-3,2016-09-08 00:00:00,DISTILLERIES COMPANY OF SRI LANKA PLC,DIST.N0000,261.5,257000,67205500
2016-3,2016-09-08 00:00:00,DISTILLERIES COMPANY OF SRI LANKA PLC,DIST.N0000,261,623250,162668250
2016-3,2016-09-14 00:00:00,COMMERCIAL BANK OF CEYLON PLC,COMB.N0000,142,144577,20529934
2016-3,2016-09-14 00:00:00,COMMERCIAL BANK OF CEYLON PLC,COMB.N0000,142,246907,35060794
2016-3,2016-09-14 00:00:00,COMMERCIAL BANK OF CEYLON PLC,COMB.N0000,142,808516,114809272
2016-3,2016-09-21 00:00:00,HATTON NATIONAL BANK PLC,HNB.N0000,227,208255,47273885
2016-3,2016-09-21 00:00:00,JOHN KEELLS HOLDINGS PLC,JKH.N0000,150,1300000,195000000
2016-3,2016-09-21 00:00:00,JOHN KEELLS HOLDINGS PLC,JKH.N0000,150,145254,21788100
2016-3,2016-09-21 00:00:00,NATIONAL DEVELOPMENT BANK PLC,NDB.N0000,163.5,138402,22628727
2016-3,2016-09-21 00:00:00,NATIONAL DEVELOPMENT BANK PLC,NDB.N0000,163.5,129400,21156900
2016-3,2016-09-21 00:00:00,NATIONAL DEVELOPMENT BANK PLC,NDB.N0000,179.7,1500000,269550000
2016-3,2016-09-22 00:00:00,CITIZENS DEVELOPMENT BUSINESS FINANCE PLC,CDB.N0000,80,900000,72000000
2016-3,2016-09-22 00:00:00,HEMAS HOLDINGS PLC,HHL.N0000,105,438442,46036410
2016-3,2016-09-22 00:00:00,NATIONAL DEVELOPMENT BANK PLC,NDB.N0000,163.5,1300000,212550000
2016-3,2016-09-22 00:00:00,NATIONAL DEVELOPMENT BANK PLC,NDB.N0000,163.5,499488,81666288
2016-3,2016-09-22 00:00:00,TEEJAY LANKA PLC,TJL.N0000,45,500000,22500000
2016-3,2016-09-22 00:00:00,TEEJAY LANKA PLC,TJL.N0000,45,1000000,45000000
2016-3,2016-09-23 00:00:00,COMMERCIAL BANK OF CEYLON PLC,COMB.N0000,140,675000,94500000
2016-3,2016-09-23 00:00:00,COMMERCIAL BANK OF CEYLON PLC,COMB.N0000,140,185000,25900000
2016-3,2016-09-23 00:00:00,DFCC BANK PLC,DFCC.N0000,129,271912,35076648
2016-3,2016-09-23 00:00:00,DIALOG AXIATA PLC,DIAL.N0000,11.4,5000000,57000000
2016-3,2016-09-23 00:00:00,HEMAS HOLDINGS PLC,HHL.N0000,105,500000,52500000
2016-3,2016-09-26 00:00:00,CEYLON TOBACCO COMPANY PLC,CTC.N0000,860,46000,39560000
2016-3,2016-09-26 00:00:00,LION BREWERY (CEYLON) PLC,LION.N0000,379,324375,122938125
2016-3,2016-09-26 00:00:00,LION BREWERY (CEYLON) PLC,LION.N0000,379,159954,60622566
2016-3,2016-09-27 00:00:00,C T LAND DEVELOPMENT PLC,CTLD.N0000,58,1000000,58000000
2016-3,2016-09-27 00:00:00,C T LAND DEVELOPMENT PLC,CTLD.N0000,58,453062,26277596
2016-3,2016-09-27 00:00:00,COMMERCIAL BANK OF CEYLON PLC,COMB.N0000,140,252111,35295540
2016-3,2016-09-27 00:00:00,JOHN KEELLS HOLDINGS PLC,JKH.N0000,149.5,232609,34775045.5
2016-3,2016-09-27 00:00:00,JOHN KEELLS HOLDINGS PLC,JKH.N0000,152,150000,22800000
2016-3,2016-09-27 00:00:00,SOFTLOGIC HOLDINGS PLC,SHL.N0000,15,1500000,22500000
2016-3,2016-09-28 00:00:00,ASIRI HOSPITAL HOLDINGS PLC,ASIR.N0000,30,905000,27150000
2016-3,2016-09-28 00:00:00,ASIRI HOSPITAL HOLDINGS PLC,ASIR.N0000,30,1014726,30441780
2016-3,2016-09-28 00:00:00,DISTILLERIES COMPANY OF SRI LANKA PLC,DIST.N0000,247,880000,217360000
2016-3,2016-09-28 00:00:00,DISTILLERIES COMPANY OF SRI LANKA PLC,DIST.N0000,247,220000,54340000
2016-3,2016-09-28 00:00:00,LION BREWERY (CEYLON) PLC,LION.N0000,380,156291,59390580
2016-3,2016-09-28 00:00:00,TOKYO CEMENT COMPANY (LANKA) PLC,TKYO.X0000,47,700000,32900000
2016-3,2016-09-30 00:00:00,ACCESS ENGINEERING PLC,AEL.N0000,27.3,2000000,54600000
2016-3,2016-09-30 00:00:00,ACCESS ENGINEERING PLC,AEL.N0000,27.3,1000000,27300000
2016-3,2016-09-30 00:00:00,LB FINANCE PLC,LFIN.N0000,127,1500000,190500000
2016-3,2016-09-30 00:00:00,ROYAL CERAMICS LANKA PLC,RCL.N0000,126,175000,22050000
2016-4,2016-10-03 00:00:00,HATTON NATIONAL BANK PLC,HNB.N0000,226.5,158630,35929695
2016-4,2016-10-03 00:00:00,HEMAS HOLDINGS PLC,HHL.N0000,107,4009263,428991141
2016-4,2016-10-03 00:00:00,HEMAS HOLDINGS PLC,HHL.N0000,107,3382612,361939484
2016-4,2016-10-04 00:00:00,BROWNS INVESTMENTS PLC,BIL.N0000,1.4,20000000,28000000
2016-4,2016-10-04 00:00:00,JOHN KEELLS HOLDINGS PLC,JKH.N0000,156,144773,22584588
2016-4,2016-10-04 00:00:00,TOKYO CEMENT COMPANY (LANKA) PLC,TKYO.N0000,59.5,500000,29750000
2016-4,2016-10-05 00:00:00,BROWNS INVESTMENTS PLC,BIL.N0000,1.4,20000000,28000000
2016-4,2016-10-05 00:00:00,C. W. MACKIE PLC,CWM.N0000,53,1000000,53000000
2016-4,2016-10-06 00:00:00,HATTON NATIONAL BANK PLC,HNB.N0000,226.5,393981,89236696.5
2016-4,2016-10-06 00:00:00,JOHN KEELLS HOLDINGS PLC,JKH.N0000,157,201793,31681501
2016-4,2016-10-07 00:00:00,CARGILLS (CEYLON) PLC,CARG.N0000,175,263337,46083975
2016-4,2016-10-11 00:00:00,COMMERCIAL BANK OF CEYLON PLC,COMB.N0000,150,1238213,185731950
2016-4,2016-10-12 00:00:00,HATTON NATIONAL BANK PLC,HNB.N0000,229,259051,59322679
2016-4,2016-10-12 00:00:00,LB FINANCE PLC,LFIN.N0000,127,1600000,203200000
2016-4,2016-10-13 00:00:00,CEYLON TOBACCO COMPANY PLC,CTC.N0000,850,50000,42500000
2016-4,2016-10-13 00:00:00,COMMERCIAL BANK OF CEYLON PLC,COMB.N0000,148,400000,59200000
2016-4,2016-10-13 00:00:00,NATIONAL DEVELOPMENT BANK PLC,NDB.N0000,165,300000,49500000
2016-4,2016-10-14 00:00:00,CEYLON TOBACCO COMPANY PLC,CTC.N0000,850,196158,166734300
2016-4,2016-10-14 00:00:00,LION BREWERY (CEYLON) PLC,LION.N0000,400,200185,80074000
2016-4,2016-10-14 00:00:00,LION BREWERY (CEYLON) PLC,LION.N0000,400,220850,88340000
2016-4,2016-10-17 00:00:00,EXPOLANKA HOLDINGS PLC,EXPO.N0000,6.5,5000000,32500000
2016-4,2016-10-17 00:00:00,EXPOLANKA HOLDINGS PLC,EXPO.N0000,6.5,6000000,39000000
2016-4,2016-10-18 00:00:00,DIALOG AXIATA PLC,DIAL.N0000,11.5,2000000,23000000
2016-4,2016-10-18 00:00:00,HATTON NATIONAL BANK PLC,HNB.N0000,227,200000,45400000
2016-4,2016-10-18 00:00:00,JOHN KEELLS HOLDINGS PLC,JKH.N0000,151,364383,55021833
2016-4,2016-10-20 00:00:00,CEYLON TOBACCO COMPANY PLC,CTC.N0000,847,33228,28144116
2016-4,2016-10-20 00:00:00,NATIONAL DEVELOPMENT BANK PLC,NDB.N0000,163,150000,24450000
2016-4,2016-10-21 00:00:00,DIALOG AXIATA PLC,DIAL.N0000,11.6,16459160,190926256
2016-4,2016-10-21 00:00:00,DIALOG AXIATA PLC,DIAL.N0000,11.6,4350000,50460000
2016-4,2016-10-21 00:00:00,HEMAS HOLDINGS PLC,HHL.N0000,107,405000,43335000
2016-4,2016-10-21 00:00:00,HEMAS HOLDINGS PLC,HHL.N0000,107,208500,22309500
2016-4,2016-10-21 00:00:00,HEMAS HOLDINGS PLC,HHL.N0000,107,1000000,107000000
2016-4,2016-10-21 00:00:00,HEMAS HOLDINGS PLC,HHL.N0000,107,310000,33170000
2016-4,2016-10-21 00:00:00,PANASIAN POWER PLC,PAP.N0000,3,75000000,225000000
2016-4,2016-10-21 00:00:00,WATAWALA  PLANTATIONS  PLC,WATA.N0000,20,1000001,20000020
2016-4,2016-10-25 00:00:00,RENUKA AGRI FOODS PLC,RAL.N0000,3.5,8955580,31344530
2016-4,2016-10-26 00:00:00,JOHN KEELLS HOLDINGS PLC,JKH.N0000,150,496598,74489700
2016-4,2016-10-28 00:00:00,CARGILLS (CEYLON) PLC,CARG.N0000,173,187780,32485940
2016-4,2016-10-28 00:00:00,HATTON NATIONAL BANK PLC,HNB.X0000,190,300000,57000000
2016-4,2016-10-31 00:00:00,PANASIAN POWER PLC,PAP.N0000,3,10000000,30000000
2016-4,2016-11-01 00:00:00,NATIONAL DEVELOPMENT BANK PLC,NDB.N0000,161,1127500,181527500
2016-4,2016-11-01 00:00:00,TOKYO CEMENT COMPANY (LANKA) PLC,TKYO.N0000,60.5,495000,29947500
2016-4,2016-11-02 00:00:00,PEOPLE'S LEASING & FINANCE PLC,PLC.N0000,18.2,1110614,20213174.8
2016-4,2016-11-02 00:00:00,SAMPATH BANK PLC,SAMP.N0000,265,576214,152696710
2016-4,2016-11-03 00:00:00,HATTON NATIONAL BANK PLC,HNB.N0000,231,150000,34650000
2016-4,2016-11-04 00:00:00,TEEJAY LANKA PLC,TJL.N0000,46.7,595337,27802237.9
2016-4,2016-11-07 00:00:00,JOHN KEELLS HOLDINGS PLC,JKH.N0000,152,500000,76000000
2016-4,2016-11-07 00:00:00,JOHN KEELLS HOLDINGS PLC,JKH.N0000,152,315283,47923016
2016-4,2016-11-08 00:00:00,ACCESS ENGINEERING PLC,AEL.N0000,26.1,1000000,26100000
2016-4,2016-11-08 00:00:00,CENTRAL FINANCE COMPANY PLC,CFIN.N0000,108,200000,21600000
2016-4,2016-11-09 00:00:00,CEYLON TOBACCO COMPANY PLC,CTC.N0000,850.8,45495,38707146
2016-4,2016-11-09 00:00:00,HATTON NATIONAL BANK PLC,HNB.N0000,233,150000,34950000
2016-4,2016-11-09 00:00:00,NATION LANKA FINANCE PLC,CSF.N0000,1.7,53587275,91098367.5
2016-4,2016-11-09 00:00:00,TOKYO CEMENT COMPANY (LANKA) PLC,TKYO.X0000,51.5,500000,25750000
2016-4,2016-11-10 00:00:00,COMMERCIAL BANK OF CEYLON PLC,COMB.N0000,148,166573,24652804
2016-4,2016-11-10 00:00:00,JOHN KEELLS HOLDINGS PLC,JKH.N0000,150,340000,51000000
2016-4,2016-11-15 00:00:00,COMMERCIAL BANK OF CEYLON PLC,COMB.N0000,148,300000,44400000
2016-4,2016-11-15 00:00:00,COMMERCIAL BANK OF CEYLON PLC,COMB.N0000,148,800000,118400000
2016-4,2016-11-18 00:00:00,ACCESS ENGINEERING PLC,AEL.N0000,24.8,1000000,24800000
2016-4,2016-11-18 00:00:00,CHEVRON LUBRICANTS  LANKA  PLC,LLUB.N0000,158.5,309602,49071917
2016-4,2016-11-22 00:00:00,CARGILLS (CEYLON) PLC,CARG.N0000,174,200000,34800000
2016-4,2016-11-22 00:00:00,JOHN KEELLS HOLDINGS PLC,JKH.N0000,145,154155,22352475
2016-4,2016-11-23 00:00:00,JOHN KEELLS HOLDINGS PLC,JKH.N0000,145,600000,87000000
2016-4,2016-11-24 00:00:00,ACCESS ENGINEERING PLC,AEL.N0000,24,1632000,39168000
2016-4,2016-11-24 00:00:00,C T LAND DEVELOPMENT PLC,CTLD.N0000,58.2,727263,42326706.6
2016-4,2016-11-24 00:00:00,C T LAND DEVELOPMENT PLC,CTLD.N0000,58.2,1000000,58200000
2016-4,2016-11-24 00:00:00,JOHN KEELLS HOLDINGS PLC,JKH.N0000,146,490000,71540000
2016-4,2016-11-24 00:00:00,JOHN KEELLS HOLDINGS PLC,JKH.N0000,146,346666,50613236
2016-4,2016-11-28 00:00:00,CENTRAL FINANCE COMPANY PLC,CFIN.N0000,100,215000,21500000
2016-4,2016-11-28 00:00:00,DFCC BANK PLC,DFCC.N0000,117.7,400000,47080000
2016-4,2016-11-28 00:00:00,DFCC BANK PLC,DFCC.N0000,117.7,950000,111815000
2016-4,2016-11-29 00:00:00,AITKEN SPENCE PLC,SPEN.N0000,65,342998,22294870
2016-4,2016-11-29 00:00:00,AITKEN SPENCE PLC,SPEN.N0000,65,995700,64720500
2016-4,2016-11-29 00:00:00,AITKEN SPENCE PLC,SPEN.N0000,65,450000,29250000
2016-4,2016-11-29 00:00:00,AITKEN SPENCE PLC,SPEN.N0000,65,1918765,124719725
2016-4,2016-11-29 00:00:00,AITKEN SPENCE PLC,SPEN.N0000,65,367789,23906285
2016-4,2016-11-29 00:00:00,HATTON NATIONAL BANK PLC,HNB.N0000,218,200000,43600000
2016-4,2016-11-29 00:00:00,JOHN KEELLS HOLDINGS PLC,JKH.N0000,144.5,360000,52020000
2016-4,2016-11-29 00:00:00,TEEJAY LANKA PLC,TJL.N0000,42.5,2649000,112582500
2016-4,2016-11-29 00:00:00,TEEJAY LANKA PLC,TJL.N0000,42.5,851000,36167500
2016-4,2016-11-30 00:00:00,C T HOLDINGS PLC,CTHR.N0000,120,200000,24000000
2016-4,2016-11-30 00:00:00,CHEVRON LUBRICANTS  LANKA  PLC,LLUB.N0000,158.5,214000,33919000
2016-4,2016-11-30 00:00:00,CHEVRON LUBRICANTS  LANKA  PLC,LLUB.N0000,158.5,137934,21862539
2016-4,2016-12-01 00:00:00,HATTON NATIONAL BANK PLC,HNB.N0000,218.5,100000,21850000
2016-4,2016-12-01 00:00:00,HATTON NATIONAL BANK PLC,HNB.N0000,218.5,100000,21850000
2016-4,2016-12-01 00:00:00,HATTON NATIONAL BANK PLC,HNB.N0000,218.5,150000,32775000
2016-4,2016-12-01 00:00:00,JOHN KEELLS HOLDINGS PLC,JKH.N0000,149,200000,29800000
2016-4,2016-12-01 00:00:00,JOHN KEELLS HOLDINGS PLC,JKH.N0000,149,150000,22350000
2016-4,2016-12-01 00:00:00,JOHN KEELLS HOLDINGS PLC,JKH.N0000,149,150000,22350000
2016-4,2016-12-01 00:00:00,JOHN KEELLS HOLDINGS PLC,JKH.N0000,149,135000,20115000
2016-4,2016-12-01 00:00:00,JOHN KEELLS HOLDINGS PLC,JKH.N0000,149,437546,65194354
2016-4,2016-12-01 00:00:00,JOHN KEELLS HOLDINGS PLC,JKH.N0000,149,597940,89093060
2016-4,2016-12-01 00:00:00,JOHN KEELLS HOLDINGS PLC,JKH.N0000,149,200000,29800000
2016-4,2016-12-01 00:00:00,JOHN KEELLS HOLDINGS PLC,JKH.N0000,149,200000,29800000
2016-4,2016-12-02 00:00:00,HATTON NATIONAL BANK PLC,HNB.N0000,218.5,250000,54625000
2016-4,2016-12-02 00:00:00,HATTON NATIONAL BANK PLC,HNB.N0000,218.5,212974,46534819
2016-4,2016-12-02 00:00:00,JOHN KEELLS HOLDINGS PLC,JKH.N0000,150,226156,33923400
2016-4,2016-12-02 00:00:00,JOHN KEELLS HOLDINGS PLC,JKH.N0000,150,259659,38948850
2016-4,2016-12-02 00:00:00,JOHN KEELLS HOLDINGS PLC,JKH.N0000,150,191692,28753800
2016-4,2016-12-02 00:00:00,JOHN KEELLS HOLDINGS PLC,JKH.N0000,150,134000,20100000
2016-4,2016-12-02 00:00:00,JOHN KEELLS HOLDINGS PLC,JKH.N0000,150,306341,45951150
2016-4,2016-12-02 00:00:00,JOHN KEELLS HOLDINGS PLC,JKH.N0000,150,300113,45016950
2016-4,2016-12-05 00:00:00,DFCC BANK PLC,DFCC.N0000,117.7,599000,70502300
2016-4,2016-12-05 00:00:00,DFCC BANK PLC,DFCC.N0000,117.7,246400,29001280
2016-4,2016-12-05 00:00:00,DFCC BANK PLC,DFCC.N0000,117.7,580500,68324850
2016-4,2016-12-05 00:00:00,JOHN KEELLS HOLDINGS PLC,JKH.N0000,151,300000,45300000
2016-4,2016-12-06 00:00:00,TEEJAY LANKA PLC,TJL.N0000,44,491513,21626572
2016-4,2016-12-06 00:00:00,TEEJAY LANKA PLC,TJL.N0000,44,491510,21626440
2016-4,2016-12-07 00:00:00,AITKEN SPENCE PLC,SPEN.N0000,65,907029,58956885
2016-4,2016-12-07 00:00:00,AITKEN SPENCE PLC,SPEN.N0000,65,470682,30594330
2016-4,2016-12-07 00:00:00,LION BREWERY (CEYLON) PLC,LION.N0000,490,145000,71050000
2016-4,2016-12-07 00:00:00,NESTLE LANKA PLC,NEST.N0000,2050,19600,40180000
2016-4,2016-12-07 00:00:00,NESTLE LANKA PLC,NEST.N0000,2050,30400,62320000
2016-4,2016-12-08 00:00:00,COMMERCIAL CREDIT AND FINANCE PLC,COCR.N0000,111,12000000,1332000000
2016-4,2016-12-08 00:00:00,COMMERCIAL CREDIT AND FINANCE PLC,COCR.N0000,111,2367963,262843893
2016-4,2016-12-08 00:00:00,COMMERCIAL CREDIT AND FINANCE PLC,COCR.N0000,111,3750000,416250000
2016-4,2016-12-08 00:00:00,COMMERCIAL CREDIT AND FINANCE PLC,COCR.N0000,111,70822537,7861301607
2016-4,2016-12-08 00:00:00,COMMERCIAL CREDIT AND FINANCE PLC,COCR.N0000,111,1250000,138750000
2016-4,2016-12-08 00:00:00,COMMERCIAL CREDIT AND FINANCE PLC,COCR.N0000,111,5200000,577200000
2016-4,2016-12-08 00:00:00,HEMAS HOLDINGS PLC,HHL.N0000,98,394626,38673348
2016-4,2016-12-08 00:00:00,JOHN KEELLS HOLDINGS PLC,JKH.N0000,155,2000000,310000000
2016-4,2016-12-08 00:00:00,JOHN KEELLS HOLDINGS PLC,JKH.N0000,152,180000,27360000
2016-4,2016-12-09 00:00:00,COMMERCIAL BANK OF CEYLON PLC,COMB.N0000,145,1050300,152293500
2016-4,2016-12-09 00:00:00,DUNAMIS CAPITAL PLC,CSEC.N0000,25,4050000,101250000
2016-4,2016-12-09 00:00:00,TOKYO CEMENT COMPANY (LANKA) PLC,TKYO.N0000,60,594800,35688000
2016-4,2016-12-09 00:00:00,TOKYO CEMENT COMPANY (LANKA) PLC,TKYO.X0000,53,720000,38160000
2016-4,2016-12-14 00:00:00,ACCESS ENGINEERING PLC,AEL.N0000,25,1000000,25000000
2016-4,2016-12-14 00:00:00,CEYLON COLD STORES PLC,CCS.N0000,742,94000,69748000
2016-4,2016-12-14 00:00:00,CEYLON GRAIN ELEVATORS PLC,GRAN.N0000,82,300000,24600000
2016-4,2016-12-14 00:00:00,CHEVRON LUBRICANTS  LANKA  PLC,LLUB.N0000,158.5,169059,26795851.5
2016-4,2016-12-14 00:00:00,CHEVRON LUBRICANTS  LANKA  PLC,LLUB.N0000,158.5,322311,51086293.5
2016-4,2016-12-14 00:00:00,CHEVRON LUBRICANTS  LANKA  PLC,LLUB.N0000,158.5,1677689,265913706.5
2016-4,2016-12-14 00:00:00,CHEVRON LUBRICANTS  LANKA  PLC,LLUB.N0000,158.5,515441,81697398.5
2016-4,2016-12-14 00:00:00,CHEVRON LUBRICANTS  LANKA  PLC,LLUB.N0000,158.5,315500,50006750
2016-4,2016-12-14 00:00:00,COMMERCIAL BANK OF CEYLON PLC,COMB.N0000,145,199378,28909810
2016-4,2016-12-14 00:00:00,COMMERCIAL BANK OF CEYLON PLC,COMB.N0000,145,800000,116000000
2016-4,2016-12-14 00:00:00,NESTLE LANKA PLC,NEST.N0000,2050,30600,62730000
2016-4,2016-12-14 00:00:00,NESTLE LANKA PLC,NEST.N0000,2050,19400,39770000
2016-4,2016-12-14 00:00:00,RICHARD PIERIS AND COMPANY PLC,RICH.N0000,8,7900000,63200000
2016-4,2016-12-15 00:00:00,HATTON NATIONAL BANK PLC,HNB.X0000,190,206863,39303970
2016-4,2016-12-16 00:00:00,CHEVRON LUBRICANTS  LANKA  PLC,LLUB.N0000,161,975706,157088666
2016-4,2016-12-16 00:00:00,COMMERCIAL BANK OF CEYLON PLC,COMB.N0000,145,700000,101500000
2016-4,2016-12-19 00:00:00,NESTLE LANKA PLC,NEST.N0000,2050,36000,73800000
2016-4,2016-12-20 00:00:00,CEYLON TOBACCO COMPANY PLC,CTC.N0000,846.7,36500,30904550
2016-4,2016-12-20 00:00:00,CHEVRON LUBRICANTS  LANKA  PLC,LLUB.N0000,160,234248,37479680
2016-4,2016-12-20 00:00:00,COMMERCIAL BANK OF CEYLON PLC,COMB.N0000,145,800000,116000000
2016-4,2016-12-20 00:00:00,COMMERCIAL BANK OF CEYLON PLC,COMB.N0000,145,200000,29000000
2016-4,2016-12-21 00:00:00,CEYLON TOBACCO COMPANY PLC,CTC.N0000,845,86000,72670000
2016-4,2016-12-21 00:00:00,CEYLON TOBACCO COMPANY PLC,CTC.N0000,846,95354,80669484
2016-4,2016-12-28 00:00:00,COMMERCIAL BANK OF CEYLON PLC,COMB.N0000,145,2899893,420484485
2016-4,2016-12-28 00:00:00,COMMERCIAL BANK OF CEYLON PLC,COMB.N0000,145,1329186,192731970
2016-4,2016-12-28 00:00:00,COMMERCIAL BANK OF CEYLON PLC,COMB.N0000,145,758303,109953935
2016-4,2016-12-28 00:00:00,SUNSHINE HOLDINGS PLC,SUN.N0000,47.5,16015390,760731025
2016-4,2016-12-29 00:00:00,PAN ASIA BANKING CORPORATION PLC,PABC.N0000,21,29073325,610539825
