,SECURITY_DA,PRICE
1991-08-27 00:00:00,SAMP,23
1991-08-28 00:00:00,SAMP,23
1991-08-29 00:00:00,SAMP,22
1991-09-02 00:00:00,SAMP,17.5
1991-09-03 00:00:00,SAMP,20
1991-09-04 00:00:00,SAMP,21
1991-09-05 00:00:00,SAMP,21
1991-09-06 00:00:00,SAMP,20.5
1991-09-09 00:00:00,SAMP,21
1991-09-10 00:00:00,SAMP,21
1991-09-11 00:00:00,SAMP,19.25
1991-09-12 00:00:00,SAMP,19.25
1991-09-13 00:00:00,SAMP,20
1991-09-16 00:00:00,SAMP,20
1991-09-17 00:00:00,SAMP,19
1991-09-18 00:00:00,SAMP,19
1991-09-19 00:00:00,SAMP,19.25
1991-09-20 00:00:00,SAMP,19
1991-09-25 00:00:00,SAMP,21
1991-09-26 00:00:00,SAMP,21.25
1991-09-27 00:00:00,SAMP,21.25
1991-09-30 00:00:00,SAMP,22.5
1991-10-01 00:00:00,SAMP,22.75
1991-10-02 00:00:00,SAMP,21.5
1991-10-03 00:00:00,SAMP,20
1991-10-04 00:00:00,SAMP,20
1991-10-07 00:00:00,SAMP,21.25
1991-10-08 00:00:00,SAMP,21
1991-10-09 00:00:00,SAMP,20
1991-10-10 00:00:00,SAMP,20
1991-10-11 00:00:00,SAMP,20
1991-10-14 00:00:00,SAMP,20
1991-10-15 00:00:00,SAMP,20
1991-10-16 00:00:00,SAMP,20
1991-10-17 00:00:00,SAMP,20
1991-10-18 00:00:00,SAMP,19.25
1991-10-21 00:00:00,SAMP,19.75
1991-10-23 00:00:00,SAMP,19.75
1991-10-24 00:00:00,SAMP,19.75
1991-10-25 00:00:00,SAMP,19.5
1991-10-28 00:00:00,SAMP,19.5
1991-10-29 00:00:00,SAMP,19.75
1991-10-30 00:00:00,SAMP,19.75
1991-10-31 00:00:00,SAMP,19.75
1991-11-01 00:00:00,SAMP,19.75
1991-11-04 00:00:00,SAMP,19.25
1991-11-05 00:00:00,SAMP,19
1991-11-06 00:00:00,SAMP,18.75
1991-11-07 00:00:00,SAMP,19
1991-11-08 00:00:00,SAMP,19
1991-11-11 00:00:00,SAMP,18.75
1991-11-12 00:00:00,SAMP,18.5
1991-11-13 00:00:00,SAMP,18
1991-11-14 00:00:00,SAMP,22
1991-11-15 00:00:00,SAMP,25
1991-11-18 00:00:00,SAMP,28
1991-11-19 00:00:00,SAMP,28.75
1991-11-20 00:00:00,SAMP,29
1991-11-22 00:00:00,SAMP,29.75
1991-11-25 00:00:00,SAMP,31.25
1991-11-26 00:00:00,SAMP,30
1991-11-27 00:00:00,SAMP,29
1991-11-28 00:00:00,SAMP,28
1991-11-29 00:00:00,SAMP,26.75
1991-12-02 00:00:00,SAMP,25.5
1991-12-03 00:00:00,SAMP,23.5
1991-12-04 00:00:00,SAMP,25
1991-12-05 00:00:00,SAMP,25
1991-12-06 00:00:00,SAMP,25
1991-12-09 00:00:00,SAMP,27.75
1991-12-10 00:00:00,SAMP,27.75
1991-12-11 00:00:00,SAMP,28
1991-12-12 00:00:00,SAMP,30
1991-12-13 00:00:00,SAMP,30.25
1991-12-16 00:00:00,SAMP,30.75
1991-12-17 00:00:00,SAMP,31
1991-12-18 00:00:00,SAMP,31.5
1991-12-19 00:00:00,SAMP,31.75
1991-12-23 00:00:00,SAMP,33
1991-12-24 00:00:00,SAMP,35.5
1991-12-27 00:00:00,SAMP,39.5
1991-12-30 00:00:00,SAMP,41
1991-12-31 00:00:00,SAMP,45
1992-01-02 00:00:00,SAMP,50
1992-01-03 00:00:00,SAMP,55
1992-01-06 00:00:00,SAMP,62.25
1992-01-07 00:00:00,SAMP,68
1992-01-08 00:00:00,SAMP,61
1992-01-09 00:00:00,SAMP,50
1992-01-10 00:00:00,SAMP,53.25
1992-01-13 00:00:00,SAMP,50
1992-01-14 00:00:00,SAMP,50
1992-01-16 00:00:00,SAMP,47.5
1992-01-17 00:00:00,SAMP,48.75
1992-01-20 00:00:00,SAMP,49.25
1992-01-21 00:00:00,SAMP,49
1992-01-22 00:00:00,SAMP,44.25
1992-01-23 00:00:00,SAMP,43
1992-01-24 00:00:00,SAMP,41
1992-01-27 00:00:00,SAMP,39
1992-01-28 00:00:00,SAMP,38
1992-01-29 00:00:00,SAMP,36.25
1992-01-30 00:00:00,SAMP,40
1992-01-31 00:00:00,SAMP,47
1992-02-03 00:00:00,SAMP,48
1992-02-05 00:00:00,SAMP,47
1992-02-06 00:00:00,SAMP,40
1992-02-07 00:00:00,SAMP,41.25
1992-02-10 00:00:00,SAMP,41
1992-02-11 00:00:00,SAMP,40
1992-02-12 00:00:00,SAMP,39.5
1992-02-13 00:00:00,SAMP,39
1992-02-14 00:00:00,SAMP,37.5
1992-02-18 00:00:00,SAMP,37
1992-02-19 00:00:00,SAMP,37
1992-02-20 00:00:00,SAMP,37.75
1992-02-21 00:00:00,SAMP,38
1992-02-24 00:00:00,SAMP,41
1992-02-25 00:00:00,SAMP,42.5
1992-02-26 00:00:00,SAMP,39.5
1992-02-27 00:00:00,SAMP,38.75
1992-02-28 00:00:00,SAMP,39
1992-03-02 00:00:00,SAMP,37
1992-03-03 00:00:00,SAMP,37
1992-03-04 00:00:00,SAMP,36.25
1992-03-05 00:00:00,SAMP,36
1992-03-06 00:00:00,SAMP,35
1992-03-09 00:00:00,SAMP,35.25
1992-03-10 00:00:00,SAMP,32
1992-03-11 00:00:00,SAMP,33
1992-03-12 00:00:00,SAMP,33.25
1992-03-13 00:00:00,SAMP,33.5
1992-03-16 00:00:00,SAMP,33.5
1992-03-17 00:00:00,SAMP,34.5
1992-03-19 00:00:00,SAMP,36.5
1992-03-20 00:00:00,SAMP,37.5
1992-03-23 00:00:00,SAMP,39
1992-03-24 00:00:00,SAMP,38.5
1992-03-25 00:00:00,SAMP,37
1992-03-26 00:00:00,SAMP,37
1992-03-27 00:00:00,SAMP,36.25
1992-03-30 00:00:00,SAMP,36
1992-03-31 00:00:00,SAMP,35.75
1992-04-01 00:00:00,SAMP,35
1992-04-02 00:00:00,SAMP,35.5
1992-04-03 00:00:00,SAMP,36
1992-04-06 00:00:00,SAMP,35.5
1992-04-07 00:00:00,SAMP,36.5
1992-04-08 00:00:00,SAMP,36.75
1992-04-09 00:00:00,SAMP,36.75
1992-04-10 00:00:00,SAMP,36.25
1992-04-20 00:00:00,SAMP,37
1992-04-21 00:00:00,SAMP,36.5
1992-04-22 00:00:00,SAMP,35.5
1992-04-23 00:00:00,SAMP,35.5
1992-04-24 00:00:00,SAMP,36
1992-04-27 00:00:00,SAMP,36
1992-04-28 00:00:00,SAMP,35.25
1992-04-29 00:00:00,SAMP,35
1992-04-30 00:00:00,SAMP,34.5
1992-05-04 00:00:00,SAMP,33.5
1992-05-05 00:00:00,SAMP,33
1992-05-06 00:00:00,SAMP,33.5
1992-05-07 00:00:00,SAMP,33.25
1992-05-08 00:00:00,SAMP,33
1992-05-11 00:00:00,SAMP,33
1992-05-12 00:00:00,SAMP,33
1992-05-13 00:00:00,SAMP,32.5
1992-05-14 00:00:00,SAMP,31.25
1992-05-15 00:00:00,SAMP,30.5
1992-05-19 00:00:00,SAMP,31
1992-05-20 00:00:00,SAMP,31
1992-05-21 00:00:00,SAMP,31.25
1992-05-25 00:00:00,SAMP,31
1992-05-26 00:00:00,SAMP,31
1992-05-27 00:00:00,SAMP,28.5
1992-05-28 00:00:00,SAMP,30
1992-05-29 00:00:00,SAMP,31
1992-06-01 00:00:00,SAMP,29.75
1992-06-02 00:00:00,SAMP,28.25
1992-06-03 00:00:00,SAMP,29
1992-06-04 00:00:00,SAMP,29.75
1992-06-05 00:00:00,SAMP,30
1992-06-08 00:00:00,SAMP,32
1992-06-09 00:00:00,SAMP,33
1992-06-10 00:00:00,SAMP,31
1992-06-11 00:00:00,SAMP,30
1992-06-12 00:00:00,SAMP,29.5
1992-06-15 00:00:00,SAMP,30
1992-06-16 00:00:00,SAMP,30
1992-06-17 00:00:00,SAMP,30
1992-06-18 00:00:00,SAMP,29.75
1992-06-19 00:00:00,SAMP,29.5
1992-06-22 00:00:00,SAMP,30
1992-06-23 00:00:00,SAMP,29.75
1992-06-24 00:00:00,SAMP,29.75
1992-06-25 00:00:00,SAMP,30.25
1992-06-26 00:00:00,SAMP,30
1992-06-30 00:00:00,SAMP,33.25
1992-07-01 00:00:00,SAMP,30.25
1992-07-02 00:00:00,SAMP,32
1992-07-03 00:00:00,SAMP,32
1992-07-06 00:00:00,SAMP,32
1992-07-07 00:00:00,SAMP,31.25
1992-07-08 00:00:00,SAMP,30.5
1992-07-09 00:00:00,SAMP,30
1992-07-10 00:00:00,SAMP,30
1992-07-13 00:00:00,SAMP,30
1992-07-15 00:00:00,SAMP,30
1992-07-16 00:00:00,SAMP,30
1992-07-17 00:00:00,SAMP,29.5
1992-07-20 00:00:00,SAMP,27
1992-07-21 00:00:00,SAMP,26.5
1992-07-22 00:00:00,SAMP,25.25
1992-07-23 00:00:00,SAMP,28
1992-07-24 00:00:00,SAMP,29.5
1992-07-27 00:00:00,SAMP,29.75
1992-07-28 00:00:00,SAMP,29.5
1992-07-29 00:00:00,SAMP,29
1992-07-30 00:00:00,SAMP,28.25
1992-07-31 00:00:00,SAMP,27.25
1992-08-03 00:00:00,SAMP,28
1992-08-04 00:00:00,SAMP,27
1992-08-05 00:00:00,SAMP,27
1992-08-06 00:00:00,SAMP,26.25
1992-08-07 00:00:00,SAMP,26.5
1992-08-10 00:00:00,SAMP,27
1992-08-11 00:00:00,SAMP,27.25
1992-08-13 00:00:00,SAMP,28
1992-08-14 00:00:00,SAMP,27.5
1992-08-17 00:00:00,SAMP,27.75
1992-08-18 00:00:00,SAMP,28
1992-08-19 00:00:00,SAMP,27.75
1992-08-20 00:00:00,SAMP,28
1992-08-21 00:00:00,SAMP,28
1992-08-24 00:00:00,SAMP,27.75
1992-08-25 00:00:00,SAMP,28
1992-08-26 00:00:00,SAMP,28.75
1992-08-27 00:00:00,SAMP,29.25
1992-08-28 00:00:00,SAMP,31
1992-08-31 00:00:00,SAMP,32
1992-09-01 00:00:00,SAMP,33
1992-09-02 00:00:00,SAMP,33.75
1992-09-03 00:00:00,SAMP,34
1992-09-04 00:00:00,SAMP,32.5
1992-09-07 00:00:00,SAMP,32
1992-09-08 00:00:00,SAMP,31.5
1992-09-09 00:00:00,SAMP,31
1992-09-14 00:00:00,SAMP,31.5
1992-09-15 00:00:00,SAMP,31.5
1992-09-16 00:00:00,SAMP,31.5
1992-09-17 00:00:00,SAMP,31
1992-09-18 00:00:00,SAMP,30
1992-09-21 00:00:00,SAMP,29.5
1992-09-22 00:00:00,SAMP,29.5
1992-09-23 00:00:00,SAMP,30
1992-09-24 00:00:00,SAMP,29.75
1992-09-25 00:00:00,SAMP,30.5
1992-09-28 00:00:00,SAMP,30.5
1992-09-29 00:00:00,SAMP,30.25
1992-09-30 00:00:00,SAMP,30.25
1992-10-01 00:00:00,SAMP,29.75
1992-10-02 00:00:00,SAMP,30
1992-10-05 00:00:00,SAMP,30
1992-10-06 00:00:00,SAMP,30
1992-10-07 00:00:00,SAMP,30
1992-10-08 00:00:00,SAMP,29.75
1992-10-09 00:00:00,SAMP,29.75
1992-10-12 00:00:00,SAMP,29.5
1992-10-13 00:00:00,SAMP,30
1992-10-14 00:00:00,SAMP,29.5
1992-10-15 00:00:00,SAMP,29.75
1992-10-16 00:00:00,SAMP,29.75
1992-10-19 00:00:00,SAMP,29.75
1992-10-20 00:00:00,SAMP,29.5
1992-10-21 00:00:00,SAMP,29.5
1992-10-22 00:00:00,SAMP,29.25
1992-10-23 00:00:00,SAMP,28.5
1992-10-26 00:00:00,SAMP,28.5
1992-10-27 00:00:00,SAMP,28
1992-10-28 00:00:00,SAMP,28
1992-10-29 00:00:00,SAMP,27.5
1992-10-30 00:00:00,SAMP,27.25
1992-11-02 00:00:00,SAMP,27.5
1992-11-03 00:00:00,SAMP,28
1992-11-04 00:00:00,SAMP,29
1992-11-05 00:00:00,SAMP,29
1992-11-06 00:00:00,SAMP,29
1992-11-10 00:00:00,SAMP,28.25
1992-11-11 00:00:00,SAMP,28
1992-11-12 00:00:00,SAMP,27.25
1992-11-13 00:00:00,SAMP,26.75
1992-11-16 00:00:00,SAMP,26.5
1992-11-17 00:00:00,SAMP,26
1992-11-18 00:00:00,SAMP,26.5
1992-11-19 00:00:00,SAMP,26.25
1992-11-20 00:00:00,SAMP,26
1992-11-23 00:00:00,SAMP,25.25
1992-11-24 00:00:00,SAMP,25
1992-11-25 00:00:00,SAMP,24.75
1992-11-26 00:00:00,SAMP,21.75
1992-11-27 00:00:00,SAMP,24
1992-11-30 00:00:00,SAMP,23.75
1992-12-01 00:00:00,SAMP,24
1992-12-02 00:00:00,SAMP,24
1992-12-03 00:00:00,SAMP,24.5
1992-12-04 00:00:00,SAMP,23.75
1992-12-07 00:00:00,SAMP,24
1992-12-08 00:00:00,SAMP,23
1992-12-10 00:00:00,SAMP,21.5
1992-12-11 00:00:00,SAMP,21.5
1992-12-14 00:00:00,SAMP,21.75
1992-12-15 00:00:00,SAMP,21.25
1992-12-16 00:00:00,SAMP,21
1992-12-17 00:00:00,SAMP,20.75
1992-12-18 00:00:00,SAMP,20.5
1992-12-21 00:00:00,SAMP,20
1992-12-22 00:00:00,SAMP,20.5
1992-12-23 00:00:00,SAMP,21.5
1992-12-24 00:00:00,SAMP,24
1992-12-28 00:00:00,SAMP,25
1992-12-29 00:00:00,SAMP,23.25
1992-12-30 00:00:00,SAMP,23.5
1992-12-31 00:00:00,SAMP,24.75
1993-01-04 00:00:00,SAMP,24.5
1993-01-05 00:00:00,SAMP,24.5
1993-01-06 00:00:00,SAMP,24
1993-01-07 00:00:00,SAMP,23.25
1993-01-11 00:00:00,SAMP,22.5
1993-01-12 00:00:00,SAMP,22
1993-01-13 00:00:00,SAMP,22.25
1993-01-15 00:00:00,SAMP,22.25
1993-01-18 00:00:00,SAMP,23
1993-01-19 00:00:00,SAMP,23.25
1993-01-20 00:00:00,SAMP,23
1993-01-21 00:00:00,SAMP,22.25
1993-01-22 00:00:00,SAMP,23
1993-01-25 00:00:00,SAMP,23
1993-01-26 00:00:00,SAMP,22.5
1993-01-27 00:00:00,SAMP,22
1993-01-28 00:00:00,SAMP,21.75
1993-01-29 00:00:00,SAMP,21.75
1993-02-01 00:00:00,SAMP,21.5
1993-02-02 00:00:00,SAMP,21
1993-02-03 00:00:00,SAMP,21
1993-02-05 00:00:00,SAMP,21.5
1993-02-08 00:00:00,SAMP,21.5
1993-02-09 00:00:00,SAMP,21
1993-02-10 00:00:00,SAMP,21
1993-02-11 00:00:00,SAMP,21
1993-02-12 00:00:00,SAMP,22
1993-02-15 00:00:00,SAMP,21.75
1993-02-16 00:00:00,SAMP,21.5
1993-02-17 00:00:00,SAMP,22
1993-02-18 00:00:00,SAMP,23
1993-02-19 00:00:00,SAMP,22.75
1993-02-22 00:00:00,SAMP,22.5
1993-02-23 00:00:00,SAMP,22.5
1993-02-24 00:00:00,SAMP,22.75
1993-02-25 00:00:00,SAMP,23
1993-02-26 00:00:00,SAMP,24.25
1993-03-01 00:00:00,SAMP,25
1993-03-02 00:00:00,SAMP,25.25
1993-03-03 00:00:00,SAMP,25
1993-03-04 00:00:00,SAMP,25
1993-03-05 00:00:00,SAMP,23.75
1993-03-08 00:00:00,SAMP,23.5
1993-03-09 00:00:00,SAMP,23.25
1993-03-10 00:00:00,SAMP,23.5
1993-03-11 00:00:00,SAMP,23.25
1993-03-12 00:00:00,SAMP,24
1993-03-15 00:00:00,SAMP,23.25
1993-03-16 00:00:00,SAMP,24
1993-03-17 00:00:00,SAMP,24
1993-03-18 00:00:00,SAMP,24
1993-03-19 00:00:00,SAMP,24
1993-03-22 00:00:00,SAMP,23.5
1993-03-23 00:00:00,SAMP,23.75
1993-03-24 00:00:00,SAMP,23.75
1993-03-25 00:00:00,SAMP,23.5
1993-03-26 00:00:00,SAMP,23.75
1993-03-29 00:00:00,SAMP,23.5
1993-03-30 00:00:00,SAMP,23.5
1993-03-31 00:00:00,SAMP,23
1993-04-01 00:00:00,SAMP,23
1993-04-02 00:00:00,SAMP,22.75
1993-04-05 00:00:00,SAMP,23
1993-04-07 00:00:00,SAMP,23.25
1993-04-08 00:00:00,SAMP,23
1993-04-12 00:00:00,SAMP,22.75
1993-04-15 00:00:00,SAMP,23
1993-04-16 00:00:00,SAMP,22.75
1993-04-19 00:00:00,SAMP,22.5
1993-04-20 00:00:00,SAMP,22.75
1993-04-21 00:00:00,SAMP,22.75
1993-04-22 00:00:00,SAMP,22.5
1993-04-23 00:00:00,SAMP,22.5
1993-04-26 00:00:00,SAMP,22
1993-04-27 00:00:00,SAMP,22
1993-04-28 00:00:00,SAMP,22
1993-04-29 00:00:00,SAMP,22
1993-05-03 00:00:00,SAMP,20.5
1993-05-04 00:00:00,SAMP,20.75
1993-05-10 00:00:00,SAMP,21.75
1993-05-11 00:00:00,SAMP,22.25
1993-05-12 00:00:00,SAMP,22.25
1993-05-13 00:00:00,SAMP,22
1993-05-14 00:00:00,SAMP,22.5
1993-05-17 00:00:00,SAMP,23
1993-05-18 00:00:00,SAMP,23.75
1993-05-19 00:00:00,SAMP,24.5
1993-05-20 00:00:00,SAMP,23.75
1993-05-24 00:00:00,SAMP,24
1993-05-25 00:00:00,SAMP,23.75
1993-05-26 00:00:00,SAMP,23.75
1993-05-27 00:00:00,SAMP,23.25
1993-05-28 00:00:00,SAMP,23.25
1993-05-31 00:00:00,SAMP,23
1993-06-01 00:00:00,SAMP,23
1993-06-02 00:00:00,SAMP,22.75
1993-06-03 00:00:00,SAMP,23
1993-06-07 00:00:00,SAMP,23
1993-06-08 00:00:00,SAMP,23
1993-06-09 00:00:00,SAMP,22.75
1993-06-10 00:00:00,SAMP,23
1993-06-11 00:00:00,SAMP,23
1993-06-14 00:00:00,SAMP,23.25
1993-06-15 00:00:00,SAMP,23.25
1993-06-16 00:00:00,SAMP,23.5
1993-06-17 00:00:00,SAMP,25
1993-06-18 00:00:00,SAMP,26
1993-06-21 00:00:00,SAMP,28.25
1993-06-22 00:00:00,SAMP,28.25
1993-06-23 00:00:00,SAMP,26
1993-06-24 00:00:00,SAMP,26
1993-06-25 00:00:00,SAMP,28.5
1993-06-28 00:00:00,SAMP,28
1993-06-29 00:00:00,SAMP,27.75
1993-06-30 00:00:00,SAMP,27.25
1993-07-01 00:00:00,SAMP,27.25
1993-07-02 00:00:00,SAMP,27.75
1993-07-05 00:00:00,SAMP,27.75
1993-07-06 00:00:00,SAMP,28.25
1993-07-07 00:00:00,SAMP,28.75
1993-07-08 00:00:00,SAMP,30
1993-07-09 00:00:00,SAMP,34
1993-07-12 00:00:00,SAMP,34
1993-07-13 00:00:00,SAMP,34.5
1993-07-14 00:00:00,SAMP,35
1993-07-15 00:00:00,SAMP,34
1993-07-16 00:00:00,SAMP,33
1993-07-19 00:00:00,SAMP,34
1993-07-20 00:00:00,SAMP,35
1993-07-21 00:00:00,SAMP,33
1993-07-22 00:00:00,SAMP,34
1993-07-23 00:00:00,SAMP,33.5
1993-07-26 00:00:00,SAMP,33
1993-07-27 00:00:00,SAMP,33
1993-07-28 00:00:00,SAMP,34.75
1993-07-29 00:00:00,SAMP,33.5
1993-07-30 00:00:00,SAMP,33.5
1993-08-02 00:00:00,SAMP,33.5
1993-08-03 00:00:00,SAMP,33.5
1993-08-04 00:00:00,SAMP,33.25
1993-08-05 00:00:00,SAMP,35
1993-08-06 00:00:00,SAMP,36
1993-08-09 00:00:00,SAMP,37.25
1993-08-10 00:00:00,SAMP,37.5
1993-08-11 00:00:00,SAMP,35
1993-08-12 00:00:00,SAMP,36
1993-08-13 00:00:00,SAMP,34.5
1993-08-16 00:00:00,SAMP,34.5
1993-08-17 00:00:00,SAMP,34
1993-08-18 00:00:00,SAMP,32
1993-08-19 00:00:00,SAMP,33.5
1993-08-20 00:00:00,SAMP,34
1993-08-23 00:00:00,SAMP,35.25
1993-08-24 00:00:00,SAMP,36.5
1993-08-25 00:00:00,SAMP,35
1993-08-26 00:00:00,SAMP,34
1993-08-27 00:00:00,SAMP,33.5
1993-09-01 00:00:00,SAMP,33.5
1993-09-02 00:00:00,SAMP,34
1993-09-03 00:00:00,SAMP,34.5
1993-09-06 00:00:00,SAMP,34
1993-09-07 00:00:00,SAMP,34.75
1993-09-08 00:00:00,SAMP,35.25
1993-09-09 00:00:00,SAMP,35.5
1993-09-10 00:00:00,SAMP,36.5
1993-09-13 00:00:00,SAMP,36.25
1993-09-14 00:00:00,SAMP,36
1993-09-15 00:00:00,SAMP,34.5
1993-09-16 00:00:00,SAMP,34.5
1993-09-17 00:00:00,SAMP,34.75
1993-09-20 00:00:00,SAMP,33.75
1993-09-21 00:00:00,SAMP,34
1993-09-22 00:00:00,SAMP,33.75
1993-09-23 00:00:00,SAMP,34
1993-09-24 00:00:00,SAMP,33.75
1993-09-27 00:00:00,SAMP,33.75
1993-09-28 00:00:00,SAMP,33.75
1993-09-29 00:00:00,SAMP,33
1993-10-01 00:00:00,SAMP,33
1993-10-04 00:00:00,SAMP,33
1993-10-05 00:00:00,SAMP,33.5
1993-10-06 00:00:00,SAMP,33.25
1993-10-07 00:00:00,SAMP,33.75
1993-10-08 00:00:00,SAMP,33.75
1993-10-11 00:00:00,SAMP,33.75
1993-10-12 00:00:00,SAMP,34
1993-10-13 00:00:00,SAMP,33.5
1993-10-14 00:00:00,SAMP,33.75
1993-10-15 00:00:00,SAMP,34
1993-10-18 00:00:00,SAMP,35
1993-10-19 00:00:00,SAMP,35
1993-10-20 00:00:00,SAMP,36.25
1993-10-21 00:00:00,SAMP,36.25
1993-10-22 00:00:00,SAMP,38.5
1993-10-25 00:00:00,SAMP,39.25
1993-10-26 00:00:00,SAMP,39.75
1993-10-27 00:00:00,SAMP,40
1993-10-28 00:00:00,SAMP,42
1993-10-29 00:00:00,SAMP,46.75
1993-11-01 00:00:00,SAMP,48.25
1993-11-02 00:00:00,SAMP,49
1993-11-03 00:00:00,SAMP,49.5
1993-11-04 00:00:00,SAMP,46
1993-11-05 00:00:00,SAMP,46
1993-11-08 00:00:00,SAMP,47.75
1993-11-09 00:00:00,SAMP,48.75
1993-11-10 00:00:00,SAMP,53
1993-11-11 00:00:00,SAMP,54.5
1993-11-12 00:00:00,SAMP,54
1993-11-15 00:00:00,SAMP,51
1993-11-16 00:00:00,SAMP,50.25
1993-11-17 00:00:00,SAMP,53.75
1993-11-18 00:00:00,SAMP,53
1993-11-19 00:00:00,SAMP,52
1993-11-22 00:00:00,SAMP,51.5
1993-11-23 00:00:00,SAMP,50.25
1993-11-24 00:00:00,SAMP,49
1993-11-25 00:00:00,SAMP,50.5
1993-11-26 00:00:00,SAMP,53
1993-11-29 00:00:00,SAMP,54
1993-11-30 00:00:00,SAMP,53
1993-12-01 00:00:00,SAMP,53.75
1993-12-02 00:00:00,SAMP,52.5
1993-12-03 00:00:00,SAMP,51.5
1993-12-06 00:00:00,SAMP,52
1993-12-07 00:00:00,SAMP,50.5
1993-12-08 00:00:00,SAMP,52
1993-12-09 00:00:00,SAMP,51.75
1993-12-10 00:00:00,SAMP,50
1993-12-13 00:00:00,SAMP,50
1993-12-14 00:00:00,SAMP,49
1993-12-15 00:00:00,SAMP,49
1993-12-16 00:00:00,SAMP,49.75
1993-12-17 00:00:00,SAMP,50
1993-12-20 00:00:00,SAMP,49.25
1993-12-21 00:00:00,SAMP,50
1993-12-22 00:00:00,SAMP,52
1993-12-23 00:00:00,SAMP,52
1993-12-29 00:00:00,SAMP,53
1993-12-30 00:00:00,SAMP,54
1993-12-31 00:00:00,SAMP,54
1994-01-03 00:00:00,SAMP,54
1994-01-04 00:00:00,SAMP,54.75
1994-01-05 00:00:00,SAMP,55
1994-01-06 00:00:00,SAMP,57
1994-01-07 00:00:00,SAMP,58
1994-01-10 00:00:00,SAMP,59
1994-01-11 00:00:00,SAMP,59.75
1994-01-12 00:00:00,SAMP,61
1994-01-13 00:00:00,SAMP,63.5
1994-01-17 00:00:00,SAMP,65
1994-01-18 00:00:00,SAMP,65.75
1994-01-19 00:00:00,SAMP,62
1994-01-20 00:00:00,SAMP,60
1994-01-21 00:00:00,SAMP,60.5
1994-01-24 00:00:00,SAMP,61
1994-01-25 00:00:00,SAMP,59.75
1994-01-26 00:00:00,SAMP,59
1994-01-28 00:00:00,SAMP,59.5
1994-01-31 00:00:00,SAMP,62.25
1994-02-01 00:00:00,SAMP,61.5
1994-02-02 00:00:00,SAMP,60
1994-02-03 00:00:00,SAMP,59.75
1994-02-07 00:00:00,SAMP,60
1994-02-08 00:00:00,SAMP,61
1994-02-09 00:00:00,SAMP,62
1994-02-10 00:00:00,SAMP,64.75
1994-02-11 00:00:00,SAMP,65
1994-02-14 00:00:00,SAMP,69.5
1994-02-15 00:00:00,SAMP,71.25
1994-02-16 00:00:00,SAMP,68.75
1994-02-17 00:00:00,SAMP,68
1994-02-18 00:00:00,SAMP,72.25
1994-02-21 00:00:00,SAMP,80.25
1994-02-22 00:00:00,SAMP,80
1994-02-23 00:00:00,SAMP,77.25
1994-02-24 00:00:00,SAMP,77
1994-02-28 00:00:00,SAMP,78
1994-03-01 00:00:00,SAMP,78
1994-03-02 00:00:00,SAMP,75
1994-03-03 00:00:00,SAMP,75
1994-03-04 00:00:00,SAMP,71
1994-03-07 00:00:00,SAMP,73
1994-03-08 00:00:00,SAMP,75
1994-03-09 00:00:00,SAMP,72
1994-03-10 00:00:00,SAMP,72
1994-03-11 00:00:00,SAMP,72.25
1994-03-14 00:00:00,SAMP,71
1994-03-15 00:00:00,SAMP,70
1994-03-16 00:00:00,SAMP,67.75
1994-03-17 00:00:00,SAMP,70
1994-03-18 00:00:00,SAMP,70
1994-03-21 00:00:00,SAMP,67
1994-03-22 00:00:00,SAMP,66
1994-03-23 00:00:00,SAMP,68
1994-03-24 00:00:00,SAMP,70
1994-03-25 00:00:00,SAMP,68
1994-03-28 00:00:00,SAMP,65.5
1994-03-29 00:00:00,SAMP,64.25
1994-03-30 00:00:00,SAMP,64
1994-03-31 00:00:00,SAMP,67
1994-04-04 00:00:00,SAMP,65
1994-04-05 00:00:00,SAMP,64.5
1994-04-06 00:00:00,SAMP,63
1994-04-07 00:00:00,SAMP,61
1994-04-08 00:00:00,SAMP,62.25
1994-04-11 00:00:00,SAMP,63.75
1994-04-12 00:00:00,SAMP,63
1994-04-18 00:00:00,SAMP,65.5
1994-04-19 00:00:00,SAMP,69.5
1994-04-20 00:00:00,SAMP,65
1994-04-21 00:00:00,SAMP,64.5
1994-04-22 00:00:00,SAMP,63.5
1994-04-26 00:00:00,SAMP,61.5
1994-04-27 00:00:00,SAMP,58
1994-04-28 00:00:00,SAMP,55.25
1994-04-29 00:00:00,SAMP,50
1994-05-03 00:00:00,SAMP,47
1994-05-04 00:00:00,SAMP,51
1994-05-05 00:00:00,SAMP,54
1994-05-06 00:00:00,SAMP,57
1994-05-09 00:00:00,SAMP,56
1994-05-10 00:00:00,SAMP,53
1994-05-11 00:00:00,SAMP,50.25
1994-05-12 00:00:00,SAMP,52
1994-05-13 00:00:00,SAMP,54.75
1994-05-16 00:00:00,SAMP,55
1994-05-17 00:00:00,SAMP,55
1994-05-18 00:00:00,SAMP,55
1994-05-19 00:00:00,SAMP,55.5
1994-05-20 00:00:00,SAMP,55.25
1994-05-26 00:00:00,SAMP,55.25
1994-05-27 00:00:00,SAMP,55.5
1994-05-30 00:00:00,SAMP,55.5
1994-05-31 00:00:00,SAMP,54
1994-06-01 00:00:00,SAMP,52
1994-06-02 00:00:00,SAMP,53
1994-06-03 00:00:00,SAMP,53
1994-06-06 00:00:00,SAMP,53
1994-06-07 00:00:00,SAMP,52.25
1994-06-08 00:00:00,SAMP,51.5
1994-06-09 00:00:00,SAMP,50.25
1994-06-10 00:00:00,SAMP,49
1994-06-13 00:00:00,SAMP,49.25
1994-06-14 00:00:00,SAMP,48
1994-06-15 00:00:00,SAMP,45.5
1994-06-16 00:00:00,SAMP,45
1994-06-17 00:00:00,SAMP,45
1994-06-20 00:00:00,SAMP,45
1994-06-21 00:00:00,SAMP,46
1994-06-23 00:00:00,SAMP,46
1994-06-24 00:00:00,SAMP,49.25
1994-06-27 00:00:00,SAMP,53.75
1994-06-28 00:00:00,SAMP,50
1994-06-29 00:00:00,SAMP,49.75
1994-06-30 00:00:00,SAMP,50
1994-07-01 00:00:00,SAMP,49
1994-07-04 00:00:00,SAMP,49
1994-07-05 00:00:00,SAMP,48.25
1994-07-06 00:00:00,SAMP,48.75
1994-07-07 00:00:00,SAMP,48.75
1994-07-08 00:00:00,SAMP,49.5
1994-07-11 00:00:00,SAMP,52
1994-07-12 00:00:00,SAMP,51.5
1994-07-13 00:00:00,SAMP,51
1994-07-14 00:00:00,SAMP,53
1994-07-15 00:00:00,SAMP,53
1994-07-18 00:00:00,SAMP,52
1994-07-19 00:00:00,SAMP,51
1994-07-20 00:00:00,SAMP,50.5
1994-07-21 00:00:00,SAMP,50.5
1994-07-25 00:00:00,SAMP,50
1994-07-26 00:00:00,SAMP,49.75
1994-07-27 00:00:00,SAMP,50
1994-07-28 00:00:00,SAMP,49
1994-07-29 00:00:00,SAMP,50
1994-08-01 00:00:00,SAMP,51
1994-08-02 00:00:00,SAMP,52.25
1994-08-03 00:00:00,SAMP,53.5
1994-08-04 00:00:00,SAMP,53
1994-08-05 00:00:00,SAMP,52.75
1994-08-08 00:00:00,SAMP,53
1994-08-09 00:00:00,SAMP,53.25
1994-08-10 00:00:00,SAMP,53.25
1994-08-11 00:00:00,SAMP,53.5
1994-08-12 00:00:00,SAMP,53.75
1994-08-15 00:00:00,SAMP,53.25
1994-08-16 00:00:00,SAMP,52.25
1994-08-22 00:00:00,SAMP,50.25
1994-08-23 00:00:00,SAMP,50.25
1994-08-24 00:00:00,SAMP,49.75
1994-08-25 00:00:00,SAMP,52
1994-08-26 00:00:00,SAMP,54
1994-08-29 00:00:00,SAMP,56
1994-08-30 00:00:00,SAMP,56
1994-08-31 00:00:00,SAMP,55
1994-09-01 00:00:00,SAMP,54
1994-09-02 00:00:00,SAMP,56.25
1994-09-05 00:00:00,SAMP,59
1994-09-06 00:00:00,SAMP,60
1994-09-07 00:00:00,SAMP,60.75
1994-09-08 00:00:00,SAMP,59
1994-09-09 00:00:00,SAMP,61
1994-09-12 00:00:00,SAMP,63
1994-09-13 00:00:00,SAMP,63.25
1994-09-14 00:00:00,SAMP,64
1994-09-15 00:00:00,SAMP,64.25
1994-09-16 00:00:00,SAMP,63.5
1994-09-20 00:00:00,SAMP,63.5
1994-09-21 00:00:00,SAMP,60
1994-09-22 00:00:00,SAMP,60
1994-09-23 00:00:00,SAMP,62
1994-09-27 00:00:00,SAMP,62.5
1994-09-28 00:00:00,SAMP,58.5
1994-09-29 00:00:00,SAMP,58
1994-09-30 00:00:00,SAMP,58
1994-10-03 00:00:00,SAMP,56.75
1994-10-04 00:00:00,SAMP,55.5
1994-10-05 00:00:00,SAMP,55.5
1994-10-06 00:00:00,SAMP,56
1994-10-07 00:00:00,SAMP,56.5
1994-10-10 00:00:00,SAMP,57
1994-10-11 00:00:00,SAMP,55.5
1994-10-12 00:00:00,SAMP,53.75
1994-10-13 00:00:00,SAMP,53.75
1994-10-14 00:00:00,SAMP,53
1994-10-17 00:00:00,SAMP,52
1994-10-19 00:00:00,SAMP,51.5
1994-10-20 00:00:00,SAMP,52
1994-10-21 00:00:00,SAMP,52
1994-10-25 00:00:00,SAMP,50
1994-10-26 00:00:00,SAMP,50.5
1994-10-27 00:00:00,SAMP,53
1994-10-28 00:00:00,SAMP,52.75
1994-10-31 00:00:00,SAMP,52.5
1994-11-01 00:00:00,SAMP,52.25
1994-11-02 00:00:00,SAMP,52.5
1994-11-03 00:00:00,SAMP,53.5
1994-11-04 00:00:00,SAMP,54
1994-11-07 00:00:00,SAMP,55.5
1994-11-08 00:00:00,SAMP,56
1994-11-09 00:00:00,SAMP,55.5
1994-11-11 00:00:00,SAMP,57
1994-11-14 00:00:00,SAMP,58
1994-11-15 00:00:00,SAMP,55.25
1994-11-16 00:00:00,SAMP,55
1994-11-18 00:00:00,SAMP,54.5
1994-11-21 00:00:00,SAMP,53.5
1994-11-22 00:00:00,SAMP,51.5
1994-11-23 00:00:00,SAMP,50
1994-11-24 00:00:00,SAMP,50
1994-11-25 00:00:00,SAMP,52.5
1994-11-28 00:00:00,SAMP,53
1994-11-29 00:00:00,SAMP,52.5
1994-11-30 00:00:00,SAMP,52.75
1994-12-01 00:00:00,SAMP,53.25
1994-12-02 00:00:00,SAMP,54
1994-12-05 00:00:00,SAMP,53.75
1994-12-06 00:00:00,SAMP,50.75
1994-12-07 00:00:00,SAMP,50.5
1994-12-08 00:00:00,SAMP,50.75
1994-12-09 00:00:00,SAMP,51
1994-12-12 00:00:00,SAMP,49
1994-12-13 00:00:00,SAMP,48
1994-12-14 00:00:00,SAMP,49
1994-12-15 00:00:00,SAMP,50.75
1994-12-16 00:00:00,SAMP,50
1994-12-19 00:00:00,SAMP,49.5
1994-12-20 00:00:00,SAMP,49
1994-12-21 00:00:00,SAMP,50
1994-12-22 00:00:00,SAMP,50.75
1994-12-23 00:00:00,SAMP,50
1994-12-28 00:00:00,SAMP,51
1994-12-29 00:00:00,SAMP,50
1994-12-30 00:00:00,SAMP,50.5
1995-01-02 00:00:00,SAMP,50.75
1995-01-03 00:00:00,SAMP,51.75
1995-01-04 00:00:00,SAMP,53
1995-01-05 00:00:00,SAMP,54
1995-01-06 00:00:00,SAMP,56
1995-01-09 00:00:00,SAMP,56.5
1995-01-10 00:00:00,SAMP,55
1995-01-11 00:00:00,SAMP,54.5
1995-01-12 00:00:00,SAMP,53.25
1995-01-13 00:00:00,SAMP,53
1995-01-17 00:00:00,SAMP,52
1995-01-18 00:00:00,SAMP,50.75
1995-01-19 00:00:00,SAMP,51
1995-01-23 00:00:00,SAMP,50
1995-01-24 00:00:00,SAMP,50.5
1995-01-25 00:00:00,SAMP,50.75
1995-01-26 00:00:00,SAMP,51
1995-01-27 00:00:00,SAMP,51
1995-01-30 00:00:00,SAMP,50.75
1995-01-31 00:00:00,SAMP,50
1995-02-01 00:00:00,SAMP,48
1995-02-02 00:00:00,SAMP,48
1995-02-06 00:00:00,SAMP,47
1995-02-07 00:00:00,SAMP,47.5
1995-02-08 00:00:00,SAMP,49.25
1995-02-09 00:00:00,SAMP,48
1995-02-10 00:00:00,SAMP,42.25
1995-02-13 00:00:00,SAMP,41
1995-02-15 00:00:00,SAMP,43.5
1995-02-16 00:00:00,SAMP,43
1995-02-17 00:00:00,SAMP,42.5
1995-02-20 00:00:00,SAMP,41
1995-02-21 00:00:00,SAMP,39
1995-02-22 00:00:00,SAMP,39
1995-02-23 00:00:00,SAMP,38.75
1995-02-24 00:00:00,SAMP,39.75
1995-02-27 00:00:00,SAMP,41.25
1995-02-28 00:00:00,SAMP,42
1995-03-01 00:00:00,SAMP,40
1995-03-02 00:00:00,SAMP,42
1995-03-03 00:00:00,SAMP,44.5
1995-03-06 00:00:00,SAMP,46
1995-03-07 00:00:00,SAMP,48
1995-03-08 00:00:00,SAMP,50
1995-03-09 00:00:00,SAMP,51
1995-03-10 00:00:00,SAMP,47
1995-03-13 00:00:00,SAMP,49.5
1995-03-14 00:00:00,SAMP,49.5
1995-03-15 00:00:00,SAMP,49.5
1995-03-17 00:00:00,SAMP,49.5
1995-03-20 00:00:00,SAMP,47
1995-03-21 00:00:00,SAMP,47
1995-03-22 00:00:00,SAMP,45.25
1995-03-23 00:00:00,SAMP,46
1995-03-24 00:00:00,SAMP,46
1995-03-27 00:00:00,SAMP,46
1995-03-28 00:00:00,SAMP,46.75
1995-03-29 00:00:00,SAMP,46.5
1995-03-30 00:00:00,SAMP,47.5
1995-03-31 00:00:00,SAMP,48
1995-04-03 00:00:00,SAMP,47.75
1995-04-04 00:00:00,SAMP,47
1995-04-05 00:00:00,SAMP,46.5
1995-04-06 00:00:00,SAMP,46.5
1995-04-07 00:00:00,SAMP,46.5
1995-04-10 00:00:00,SAMP,46.5
1995-04-11 00:00:00,SAMP,46.75
1995-04-12 00:00:00,SAMP,48.75
1995-04-17 00:00:00,SAMP,48
1995-04-18 00:00:00,SAMP,47.5
1995-04-19 00:00:00,SAMP,46
1995-04-20 00:00:00,SAMP,46.5
1995-04-21 00:00:00,SAMP,46.5
1995-04-24 00:00:00,SAMP,46
1995-04-25 00:00:00,SAMP,45
1995-04-26 00:00:00,SAMP,44
1995-04-27 00:00:00,SAMP,43.75
1995-04-28 00:00:00,SAMP,45
1995-05-02 00:00:00,SAMP,43.5
1995-05-03 00:00:00,SAMP,43.25
1995-05-04 00:00:00,SAMP,43
1995-05-05 00:00:00,SAMP,43
1995-05-08 00:00:00,SAMP,41.5
1995-05-09 00:00:00,SAMP,39.75
1995-05-10 00:00:00,SAMP,39.5
1995-05-11 00:00:00,SAMP,39.5
1995-05-12 00:00:00,SAMP,40.25
1995-05-16 00:00:00,SAMP,41.5
1995-05-17 00:00:00,SAMP,43
1995-05-18 00:00:00,SAMP,43
1995-05-19 00:00:00,SAMP,43.75
1995-05-22 00:00:00,SAMP,42.5
1995-05-23 00:00:00,SAMP,42.5
1995-05-24 00:00:00,SAMP,42
1995-05-25 00:00:00,SAMP,42
1995-05-26 00:00:00,SAMP,42.5
1995-05-29 00:00:00,SAMP,41.75
1995-05-30 00:00:00,SAMP,42
1995-05-31 00:00:00,SAMP,43
1995-06-01 00:00:00,SAMP,43.5
1995-06-02 00:00:00,SAMP,43.75
1995-06-05 00:00:00,SAMP,44
1995-06-06 00:00:00,SAMP,45.25
1995-06-07 00:00:00,SAMP,45.5
1995-06-08 00:00:00,SAMP,46
1995-06-09 00:00:00,SAMP,47.5
1995-06-13 00:00:00,SAMP,47
1995-06-14 00:00:00,SAMP,45.25
1995-06-15 00:00:00,SAMP,44
1995-06-16 00:00:00,SAMP,45.5
1995-06-19 00:00:00,SAMP,46
1995-06-20 00:00:00,SAMP,46
1995-06-21 00:00:00,SAMP,46.25
1995-06-22 00:00:00,SAMP,46.5
1995-06-23 00:00:00,SAMP,46.5
1995-06-26 00:00:00,SAMP,46.25
1995-06-27 00:00:00,SAMP,46
1995-06-28 00:00:00,SAMP,45.75
1995-06-29 00:00:00,SAMP,46
1995-06-30 00:00:00,SAMP,45.5
1995-07-03 00:00:00,SAMP,44.25
1995-07-04 00:00:00,SAMP,44.25
1995-07-05 00:00:00,SAMP,44.5
1995-07-06 00:00:00,SAMP,46.5
1995-07-07 00:00:00,SAMP,47
1995-07-10 00:00:00,SAMP,47
1995-07-11 00:00:00,SAMP,47
1995-07-13 00:00:00,SAMP,47
1995-07-14 00:00:00,SAMP,46.5
1995-07-17 00:00:00,SAMP,46
1995-07-18 00:00:00,SAMP,46.25
1995-07-19 00:00:00,SAMP,46
1995-07-20 00:00:00,SAMP,46
1995-07-21 00:00:00,SAMP,45.5
1995-07-24 00:00:00,SAMP,45.5
1995-07-25 00:00:00,SAMP,45.75
1995-07-26 00:00:00,SAMP,45.5
1995-07-27 00:00:00,SAMP,45.25
1995-07-28 00:00:00,SAMP,45.5
1995-07-31 00:00:00,SAMP,46.25
1995-08-01 00:00:00,SAMP,47.5
1995-08-02 00:00:00,SAMP,48
1995-08-03 00:00:00,SAMP,49
1995-08-04 00:00:00,SAMP,49
1995-08-07 00:00:00,SAMP,50
1995-08-08 00:00:00,SAMP,50
1995-08-09 00:00:00,SAMP,49.5
1995-08-11 00:00:00,SAMP,50.25
1995-08-14 00:00:00,SAMP,50
1995-08-15 00:00:00,SAMP,49.5
1995-08-16 00:00:00,SAMP,48.5
1995-08-17 00:00:00,SAMP,48.5
1995-08-18 00:00:00,SAMP,48.75
1995-08-21 00:00:00,SAMP,50
1995-08-22 00:00:00,SAMP,49.75
1995-08-23 00:00:00,SAMP,49
1995-08-24 00:00:00,SAMP,48.75
1995-08-25 00:00:00,SAMP,49
1995-08-28 00:00:00,SAMP,48.5
1995-08-29 00:00:00,SAMP,48
1995-08-30 00:00:00,SAMP,47.75
1995-08-31 00:00:00,SAMP,48
1995-09-01 00:00:00,SAMP,48.25
1995-09-04 00:00:00,SAMP,47.75
1995-09-05 00:00:00,SAMP,48
1995-09-06 00:00:00,SAMP,46.5
1995-09-07 00:00:00,SAMP,46
1995-09-11 00:00:00,SAMP,45.5
1995-09-12 00:00:00,SAMP,45.25
1995-09-13 00:00:00,SAMP,45.25
1995-09-14 00:00:00,SAMP,45.25
1995-09-15 00:00:00,SAMP,46
1995-09-18 00:00:00,SAMP,45.5
1995-09-19 00:00:00,SAMP,45.5
1995-09-20 00:00:00,SAMP,45.5
1995-09-21 00:00:00,SAMP,45
1995-09-22 00:00:00,SAMP,45.25
1995-09-25 00:00:00,SAMP,45
1995-09-27 00:00:00,SAMP,44.5
1995-09-28 00:00:00,SAMP,44.5
1995-09-29 00:00:00,SAMP,45
1995-10-02 00:00:00,SAMP,45
1995-10-03 00:00:00,SAMP,45
1995-10-04 00:00:00,SAMP,45
1995-10-05 00:00:00,SAMP,45
1995-10-06 00:00:00,SAMP,45
1995-10-09 00:00:00,SAMP,45
1995-10-10 00:00:00,SAMP,44.5
1995-10-11 00:00:00,SAMP,44.75
1995-10-12 00:00:00,SAMP,45
1995-10-13 00:00:00,SAMP,45
1995-10-16 00:00:00,SAMP,45
1995-10-17 00:00:00,SAMP,45
1995-10-18 00:00:00,SAMP,45.25
1995-10-19 00:00:00,SAMP,45.25
1995-10-23 00:00:00,SAMP,44.75
1995-10-24 00:00:00,SAMP,44.5
1995-10-25 00:00:00,SAMP,45
1995-10-26 00:00:00,SAMP,45.25
1995-10-27 00:00:00,SAMP,46.5
1995-10-31 00:00:00,SAMP,48
1995-11-01 00:00:00,SAMP,49
1995-11-02 00:00:00,SAMP,48
1995-11-03 00:00:00,SAMP,48
1995-11-07 00:00:00,SAMP,49
1995-11-08 00:00:00,SAMP,49
1995-11-09 00:00:00,SAMP,49
1995-11-10 00:00:00,SAMP,49.5
1995-11-13 00:00:00,SAMP,49
1995-11-14 00:00:00,SAMP,49
1995-11-15 00:00:00,SAMP,47
1995-11-16 00:00:00,SAMP,47.25
1995-11-17 00:00:00,SAMP,48
1995-11-20 00:00:00,SAMP,48
1995-11-21 00:00:00,SAMP,48.25
1995-11-22 00:00:00,SAMP,49.25
1995-11-23 00:00:00,SAMP,48.5
1995-11-24 00:00:00,SAMP,48
1995-11-27 00:00:00,SAMP,48
1995-11-28 00:00:00,SAMP,48
1995-11-29 00:00:00,SAMP,47.75
1995-11-30 00:00:00,SAMP,47.75
1995-12-01 00:00:00,SAMP,47.25
1995-12-04 00:00:00,SAMP,47
1995-12-05 00:00:00,SAMP,46.5
1995-12-07 00:00:00,SAMP,46
1995-12-08 00:00:00,SAMP,45
1995-12-11 00:00:00,SAMP,45.75
1995-12-12 00:00:00,SAMP,46
1995-12-13 00:00:00,SAMP,46
1995-12-14 00:00:00,SAMP,47
1995-12-15 00:00:00,SAMP,48
1995-12-18 00:00:00,SAMP,47
1995-12-19 00:00:00,SAMP,47
1995-12-20 00:00:00,SAMP,46
1995-12-21 00:00:00,SAMP,45
1995-12-22 00:00:00,SAMP,45
1995-12-27 00:00:00,SAMP,45.25
1995-12-28 00:00:00,SAMP,45.5
1995-12-29 00:00:00,SAMP,45.5
1996-01-02 00:00:00,SAMP,46
1996-01-03 00:00:00,SAMP,45.75
1996-01-04 00:00:00,SAMP,45.75
1996-01-08 00:00:00,SAMP,45.75
1996-01-09 00:00:00,SAMP,46
1996-01-10 00:00:00,SAMP,46
1996-01-11 00:00:00,SAMP,45.25
1996-01-12 00:00:00,SAMP,45
1996-01-16 00:00:00,SAMP,45.5
1996-01-17 00:00:00,SAMP,46
1996-01-18 00:00:00,SAMP,46
1996-01-19 00:00:00,SAMP,45.5
1996-01-22 00:00:00,SAMP,45.5
1996-01-23 00:00:00,SAMP,45
1996-01-24 00:00:00,SAMP,45
1996-01-25 00:00:00,SAMP,45.5
1996-01-26 00:00:00,SAMP,45.25
1996-01-29 00:00:00,SAMP,45.5
1996-01-30 00:00:00,SAMP,45.25
1996-01-31 00:00:00,SAMP,45.5
1996-02-02 00:00:00,SAMP,46
1996-02-06 00:00:00,SAMP,47
1996-02-07 00:00:00,SAMP,47
1996-02-08 00:00:00,SAMP,47
1996-02-09 00:00:00,SAMP,48
1996-02-12 00:00:00,SAMP,49
1996-02-13 00:00:00,SAMP,49
1996-02-14 00:00:00,SAMP,49.5
1996-02-15 00:00:00,SAMP,49
1996-02-16 00:00:00,SAMP,50
1996-02-19 00:00:00,SAMP,49
1996-02-20 00:00:00,SAMP,48.75
1996-02-21 00:00:00,SAMP,49
1996-02-22 00:00:00,SAMP,49
1996-02-23 00:00:00,SAMP,49
1996-02-26 00:00:00,SAMP,48.5
1996-02-27 00:00:00,SAMP,48.25
1996-02-28 00:00:00,SAMP,48
1996-02-29 00:00:00,SAMP,49.5
1996-03-01 00:00:00,SAMP,50.75
1996-03-05 00:00:00,SAMP,50.25
1996-03-06 00:00:00,SAMP,52.5
1996-03-07 00:00:00,SAMP,52.75
1996-03-08 00:00:00,SAMP,53.5
1996-03-11 00:00:00,SAMP,54
1996-03-12 00:00:00,SAMP,54
1996-03-13 00:00:00,SAMP,54
1996-03-14 00:00:00,SAMP,54.75
1996-03-15 00:00:00,SAMP,54.75
1996-03-18 00:00:00,SAMP,54.5
1996-03-19 00:00:00,SAMP,54.75
1996-03-20 00:00:00,SAMP,54.5
1996-03-21 00:00:00,SAMP,54
1996-03-22 00:00:00,SAMP,54.5
1996-03-25 00:00:00,SAMP,54
1996-03-26 00:00:00,SAMP,53.5
1996-03-27 00:00:00,SAMP,53.5
1996-03-28 00:00:00,SAMP,53.5
1996-03-29 00:00:00,SAMP,53
1996-04-01 00:00:00,SAMP,51
1996-04-02 00:00:00,SAMP,50.5
1996-04-04 00:00:00,SAMP,50.75
1996-04-08 00:00:00,SAMP,50
1996-04-09 00:00:00,SAMP,50
1996-04-10 00:00:00,SAMP,49
1996-04-15 00:00:00,SAMP,50
1996-04-16 00:00:00,SAMP,50
1996-04-17 00:00:00,SAMP,50
1996-04-18 00:00:00,SAMP,50
1996-04-19 00:00:00,SAMP,50
1996-04-22 00:00:00,SAMP,49.5
1996-04-23 00:00:00,SAMP,49
1996-04-24 00:00:00,SAMP,48.5
1996-04-25 00:00:00,SAMP,48.5
1996-04-26 00:00:00,SAMP,49
1996-04-29 00:00:00,SAMP,48.75
1996-04-30 00:00:00,SAMP,48.75
1996-05-06 00:00:00,SAMP,48.5
1996-05-07 00:00:00,SAMP,48.75
1996-05-08 00:00:00,SAMP,48.75
1996-05-09 00:00:00,SAMP,49
1996-05-10 00:00:00,SAMP,49.75
1996-05-13 00:00:00,SAMP,50.25
1996-05-14 00:00:00,SAMP,49.75
1996-05-15 00:00:00,SAMP,50
1996-05-16 00:00:00,SAMP,50.25
1996-05-17 00:00:00,SAMP,51
1996-05-20 00:00:00,SAMP,51
1996-05-21 00:00:00,SAMP,52.25
1996-05-22 00:00:00,SAMP,51
1996-05-23 00:00:00,SAMP,50.5
1996-05-24 00:00:00,SAMP,50.5
1996-05-27 00:00:00,SAMP,51
1996-05-28 00:00:00,SAMP,51
1996-05-29 00:00:00,SAMP,51
1996-05-30 00:00:00,SAMP,51
1996-06-03 00:00:00,SAMP,50
1996-06-04 00:00:00,SAMP,49.75
1996-06-05 00:00:00,SAMP,49.5
1996-06-06 00:00:00,SAMP,49.75
1996-06-07 00:00:00,SAMP,50
1996-06-10 00:00:00,SAMP,50
1996-06-11 00:00:00,SAMP,50
1996-06-12 00:00:00,SAMP,49.75
1996-06-13 00:00:00,SAMP,51
1996-06-14 00:00:00,SAMP,49
1996-06-17 00:00:00,SAMP,49
1996-06-18 00:00:00,SAMP,49
1996-06-19 00:00:00,SAMP,49
1996-06-20 00:00:00,SAMP,48.75
1996-06-21 00:00:00,SAMP,48.75
1996-06-24 00:00:00,SAMP,48.5
1996-06-25 00:00:00,SAMP,49
1996-06-26 00:00:00,SAMP,49
1996-06-27 00:00:00,SAMP,48.5
1996-06-28 00:00:00,SAMP,49
1996-07-01 00:00:00,SAMP,48.25
1996-07-02 00:00:00,SAMP,48.75
1996-07-03 00:00:00,SAMP,48.5
1996-07-04 00:00:00,SAMP,47.5
1996-07-05 00:00:00,SAMP,47.5
1996-07-08 00:00:00,SAMP,47.5
1996-07-09 00:00:00,SAMP,47.5
1996-07-10 00:00:00,SAMP,46.25
1996-07-11 00:00:00,SAMP,45.5
1996-07-12 00:00:00,SAMP,44.75
1996-07-15 00:00:00,SAMP,42.75
1996-07-16 00:00:00,SAMP,40.75
1996-07-17 00:00:00,SAMP,40.25
1996-07-18 00:00:00,SAMP,40
1996-07-19 00:00:00,SAMP,40.5
1996-07-22 00:00:00,SAMP,40.5
1996-07-23 00:00:00,SAMP,40.5
1996-07-24 00:00:00,SAMP,41
1996-07-25 00:00:00,SAMP,41.5
1996-07-26 00:00:00,SAMP,43
1996-08-01 00:00:00,SAMP,43.5
1996-08-02 00:00:00,SAMP,43.25
1996-08-05 00:00:00,SAMP,44.25
1996-08-06 00:00:00,SAMP,44.25
1996-08-07 00:00:00,SAMP,43.75
1996-08-08 00:00:00,SAMP,44
1996-08-09 00:00:00,SAMP,43.75
1996-08-12 00:00:00,SAMP,43
1996-08-13 00:00:00,SAMP,42
1996-08-14 00:00:00,SAMP,43
1996-08-15 00:00:00,SAMP,42.5
1996-08-16 00:00:00,SAMP,42.5
1996-08-19 00:00:00,SAMP,42.5
1996-08-20 00:00:00,SAMP,42.5
1996-08-21 00:00:00,SAMP,42.5
1996-08-22 00:00:00,SAMP,42
1996-08-23 00:00:00,SAMP,42.5
1996-08-26 00:00:00,SAMP,42.5
1996-08-27 00:00:00,SAMP,42.5
1996-08-29 00:00:00,SAMP,42.5
1996-08-30 00:00:00,SAMP,42.5
1996-09-02 00:00:00,SAMP,42.5
1996-09-03 00:00:00,SAMP,43
1996-09-04 00:00:00,SAMP,43
1996-09-05 00:00:00,SAMP,43
1996-09-06 00:00:00,SAMP,43
1996-09-09 00:00:00,SAMP,43
1996-09-10 00:00:00,SAMP,43
1996-09-11 00:00:00,SAMP,43
1996-09-12 00:00:00,SAMP,43.25
1996-09-13 00:00:00,SAMP,43.25
1996-09-16 00:00:00,SAMP,43.5
1996-09-17 00:00:00,SAMP,44
1996-09-18 00:00:00,SAMP,43.5
1996-09-19 00:00:00,SAMP,43.5
1996-09-20 00:00:00,SAMP,43.75
1996-09-23 00:00:00,SAMP,43.75
1996-09-24 00:00:00,SAMP,43.75
1996-09-25 00:00:00,SAMP,47
1996-09-27 00:00:00,SAMP,45
1996-09-30 00:00:00,SAMP,45
1996-10-01 00:00:00,SAMP,45.25
1996-10-02 00:00:00,SAMP,46
1996-10-03 00:00:00,SAMP,46
1996-10-04 00:00:00,SAMP,46
1996-10-07 00:00:00,SAMP,46.5
1996-10-08 00:00:00,SAMP,46.5
1996-10-09 00:00:00,SAMP,46.5
1996-10-10 00:00:00,SAMP,47
1996-10-11 00:00:00,SAMP,46.5
1996-10-14 00:00:00,SAMP,46.75
1996-10-15 00:00:00,SAMP,46
1996-10-16 00:00:00,SAMP,46.5
1996-10-17 00:00:00,SAMP,47
1996-10-18 00:00:00,SAMP,46.75
1996-10-21 00:00:00,SAMP,46.5
1996-10-22 00:00:00,SAMP,47
1996-10-23 00:00:00,SAMP,46.5
1996-10-24 00:00:00,SAMP,46.75
1996-10-25 00:00:00,SAMP,46.5
1996-10-28 00:00:00,SAMP,46
1996-10-29 00:00:00,SAMP,46
1996-10-30 00:00:00,SAMP,46
1996-10-31 00:00:00,SAMP,46
1996-11-01 00:00:00,SAMP,46.5
1996-11-04 00:00:00,SAMP,46.25
1996-11-05 00:00:00,SAMP,46.25
1996-11-06 00:00:00,SAMP,46.25
1996-11-07 00:00:00,SAMP,46.5
1996-11-08 00:00:00,SAMP,46.5
1996-11-11 00:00:00,SAMP,46.5
1996-11-12 00:00:00,SAMP,46.75
1996-11-13 00:00:00,SAMP,46.5
1996-11-14 00:00:00,SAMP,46.25
1996-11-15 00:00:00,SAMP,46.25
1996-11-18 00:00:00,SAMP,46.25
1996-11-19 00:00:00,SAMP,46
1996-11-20 00:00:00,SAMP,46.25
1996-11-21 00:00:00,SAMP,46.25
1996-11-22 00:00:00,SAMP,46.25
1996-11-25 00:00:00,SAMP,45
1996-11-26 00:00:00,SAMP,45
1996-11-27 00:00:00,SAMP,44.25
1996-11-28 00:00:00,SAMP,44.25
1996-11-29 00:00:00,SAMP,44.5
1996-12-02 00:00:00,SAMP,45
1996-12-03 00:00:00,SAMP,45
1996-12-04 00:00:00,SAMP,46
1996-12-05 00:00:00,SAMP,44
1996-12-06 00:00:00,SAMP,43
1996-12-09 00:00:00,SAMP,43.5
1996-12-10 00:00:00,SAMP,43.5
1996-12-11 00:00:00,SAMP,44
1996-12-12 00:00:00,SAMP,45
1996-12-13 00:00:00,SAMP,45
1996-12-16 00:00:00,SAMP,45
1996-12-17 00:00:00,SAMP,44.75
1996-12-18 00:00:00,SAMP,44.5
1996-12-19 00:00:00,SAMP,44
1996-12-20 00:00:00,SAMP,45.75
1996-12-23 00:00:00,SAMP,45
1996-12-27 00:00:00,SAMP,45
1996-12-30 00:00:00,SAMP,46
1996-12-31 00:00:00,SAMP,46
1997-01-02 00:00:00,SAMP,46
1997-01-03 00:00:00,SAMP,46
1997-01-06 00:00:00,SAMP,46
1997-01-07 00:00:00,SAMP,46.5
1997-01-08 00:00:00,SAMP,46.5
1997-01-09 00:00:00,SAMP,48
1997-01-10 00:00:00,SAMP,49.5
1997-01-13 00:00:00,SAMP,50
1997-01-15 00:00:00,SAMP,50.25
1997-01-16 00:00:00,SAMP,51.25
1997-01-17 00:00:00,SAMP,51.5
1997-01-20 00:00:00,SAMP,51
1997-01-21 00:00:00,SAMP,51
1997-01-22 00:00:00,SAMP,51
1997-01-24 00:00:00,SAMP,51.75
1997-01-27 00:00:00,SAMP,51.25
1997-01-28 00:00:00,SAMP,51.5
1997-01-29 00:00:00,SAMP,51
1997-01-30 00:00:00,SAMP,50
1997-01-31 00:00:00,SAMP,49
1997-02-03 00:00:00,SAMP,48
1997-02-05 00:00:00,SAMP,48.5
1997-02-06 00:00:00,SAMP,48.25
1997-02-07 00:00:00,SAMP,49
1997-02-10 00:00:00,SAMP,49
1997-02-11 00:00:00,SAMP,49
1997-02-12 00:00:00,SAMP,49
1997-02-13 00:00:00,SAMP,48.75
1997-02-14 00:00:00,SAMP,48.75
1997-02-17 00:00:00,SAMP,48.5
1997-02-18 00:00:00,SAMP,48.25
1997-02-19 00:00:00,SAMP,48.5
1997-02-20 00:00:00,SAMP,48.5
1997-02-24 00:00:00,SAMP,48.5
1997-02-25 00:00:00,SAMP,48.75
1997-02-26 00:00:00,SAMP,48.75
1997-02-27 00:00:00,SAMP,48.75
1997-03-03 00:00:00,SAMP,49
1997-03-04 00:00:00,SAMP,49.25
1997-03-05 00:00:00,SAMP,49.25
1997-03-06 00:00:00,SAMP,49
1997-03-07 00:00:00,SAMP,49.5
1997-03-10 00:00:00,SAMP,49.5
1997-03-11 00:00:00,SAMP,50
1997-03-12 00:00:00,SAMP,50.5
1997-03-13 00:00:00,SAMP,50
1997-03-14 00:00:00,SAMP,50
1997-03-17 00:00:00,SAMP,49.75
1997-03-18 00:00:00,SAMP,49
1997-03-19 00:00:00,SAMP,49.5
1997-03-20 00:00:00,SAMP,49.5
1997-03-21 00:00:00,SAMP,49.5
1997-03-24 00:00:00,SAMP,50
1997-03-26 00:00:00,SAMP,50
1997-03-27 00:00:00,SAMP,50
1997-03-31 00:00:00,SAMP,50
1997-04-01 00:00:00,SAMP,50.25
1997-04-02 00:00:00,SAMP,50
1997-04-03 00:00:00,SAMP,50.25
1997-04-04 00:00:00,SAMP,50
1997-04-07 00:00:00,SAMP,50
1997-04-08 00:00:00,SAMP,50.25
1997-04-09 00:00:00,SAMP,50.5
1997-04-10 00:00:00,SAMP,51
1997-04-11 00:00:00,SAMP,55
1997-04-16 00:00:00,SAMP,60
1997-04-17 00:00:00,SAMP,58
1997-04-18 00:00:00,SAMP,58.25
1997-04-21 00:00:00,SAMP,62
1997-04-23 00:00:00,SAMP,64.5
1997-04-24 00:00:00,SAMP,60
1997-04-25 00:00:00,SAMP,60.75
1997-04-28 00:00:00,SAMP,60.75
1997-04-29 00:00:00,SAMP,63.25
1997-04-30 00:00:00,SAMP,65.5
1997-05-02 00:00:00,SAMP,66.75
1997-05-05 00:00:00,SAMP,67
1997-05-06 00:00:00,SAMP,65
1997-05-07 00:00:00,SAMP,65.75
1997-05-08 00:00:00,SAMP,65.75
1997-05-09 00:00:00,SAMP,66
1997-05-12 00:00:00,SAMP,65.25
1997-05-13 00:00:00,SAMP,65
1997-05-14 00:00:00,SAMP,64.5
1997-05-15 00:00:00,SAMP,64.5
1997-05-16 00:00:00,SAMP,65
1997-05-19 00:00:00,SAMP,64
1997-05-20 00:00:00,SAMP,64
1997-05-23 00:00:00,SAMP,64
1997-05-26 00:00:00,SAMP,63.5
1997-05-27 00:00:00,SAMP,62.25
1997-05-28 00:00:00,SAMP,62.75
1997-05-29 00:00:00,SAMP,63.5
1997-05-30 00:00:00,SAMP,63.5
1997-06-02 00:00:00,SAMP,64
1997-06-03 00:00:00,SAMP,64
1997-06-04 00:00:00,SAMP,64
1997-06-05 00:00:00,SAMP,64.75
1997-06-06 00:00:00,SAMP,65
1997-06-09 00:00:00,SAMP,66
1997-06-10 00:00:00,SAMP,67
1997-06-11 00:00:00,SAMP,67.5
1997-06-12 00:00:00,SAMP,70
1997-06-13 00:00:00,SAMP,68.5
1997-06-16 00:00:00,SAMP,70
1997-06-17 00:00:00,SAMP,69
1997-06-18 00:00:00,SAMP,70.25
1997-06-19 00:00:00,SAMP,73
1997-06-23 00:00:00,SAMP,76
1997-06-24 00:00:00,SAMP,80
1997-06-25 00:00:00,SAMP,78
1997-06-26 00:00:00,SAMP,76
1997-06-27 00:00:00,SAMP,76
1997-06-30 00:00:00,SAMP,75.5
1997-07-01 00:00:00,SAMP,79
1997-07-02 00:00:00,SAMP,79
1997-07-03 00:00:00,SAMP,79
1997-07-04 00:00:00,SAMP,79.75
1997-07-07 00:00:00,SAMP,80
1997-07-08 00:00:00,SAMP,79
1997-07-09 00:00:00,SAMP,77
1997-07-10 00:00:00,SAMP,79
1997-07-11 00:00:00,SAMP,79
1997-07-14 00:00:00,SAMP,79
1997-07-15 00:00:00,SAMP,78.5
1997-07-16 00:00:00,SAMP,77.25
1997-07-17 00:00:00,SAMP,79
1997-07-21 00:00:00,SAMP,80.5
1997-07-22 00:00:00,SAMP,82
1997-07-23 00:00:00,SAMP,82
1997-07-24 00:00:00,SAMP,83.5
1997-07-25 00:00:00,SAMP,85.5
1997-07-28 00:00:00,SAMP,89.5
1997-07-29 00:00:00,SAMP,88.5
1997-07-30 00:00:00,SAMP,88.75
1997-07-31 00:00:00,SAMP,88.75
1997-08-01 00:00:00,SAMP,86
1997-08-04 00:00:00,SAMP,85.75
1997-08-05 00:00:00,SAMP,86
1997-08-06 00:00:00,SAMP,86
1997-08-07 00:00:00,SAMP,86
1997-08-08 00:00:00,SAMP,84.75
1997-08-11 00:00:00,SAMP,85.5
1997-08-12 00:00:00,SAMP,84
1997-08-13 00:00:00,SAMP,82
1997-08-14 00:00:00,SAMP,81
1997-08-15 00:00:00,SAMP,83
1997-08-19 00:00:00,SAMP,82.75
1997-08-20 00:00:00,SAMP,80
1997-08-21 00:00:00,SAMP,78.75
1997-08-22 00:00:00,SAMP,79
1997-08-25 00:00:00,SAMP,79
1997-08-26 00:00:00,SAMP,79.5
1997-08-27 00:00:00,SAMP,79.75
1997-08-28 00:00:00,SAMP,78.5
1997-08-29 00:00:00,SAMP,77
1997-09-01 00:00:00,SAMP,77
1997-09-02 00:00:00,SAMP,76.5
1997-09-03 00:00:00,SAMP,74
1997-09-04 00:00:00,SAMP,72.75
1997-09-05 00:00:00,SAMP,76.5
1997-09-08 00:00:00,SAMP,77
1997-09-09 00:00:00,SAMP,75
1997-09-10 00:00:00,SAMP,74
1997-09-11 00:00:00,SAMP,74
1997-09-12 00:00:00,SAMP,73.5
1997-09-15 00:00:00,SAMP,72
1997-09-17 00:00:00,SAMP,69.5
1997-09-18 00:00:00,SAMP,72
1997-09-19 00:00:00,SAMP,74
1997-09-22 00:00:00,SAMP,72.5
1997-09-23 00:00:00,SAMP,71.25
1997-09-24 00:00:00,SAMP,71
1997-09-25 00:00:00,SAMP,71
1997-09-26 00:00:00,SAMP,71
1997-09-29 00:00:00,SAMP,71.5
1997-09-30 00:00:00,SAMP,72.5
1997-10-01 00:00:00,SAMP,72
1997-10-02 00:00:00,SAMP,72
1997-10-03 00:00:00,SAMP,72
1997-10-06 00:00:00,SAMP,71.5
1997-10-07 00:00:00,SAMP,71.25
1997-10-08 00:00:00,SAMP,72
1997-10-09 00:00:00,SAMP,72.25
1997-10-10 00:00:00,SAMP,72
1997-10-13 00:00:00,SAMP,72.5
1997-10-14 00:00:00,SAMP,73.5
1997-10-16 00:00:00,SAMP,70.75
1997-10-17 00:00:00,SAMP,71
1997-10-20 00:00:00,SAMP,72
1997-10-21 00:00:00,SAMP,71.5
1997-10-22 00:00:00,SAMP,70.5
1997-10-23 00:00:00,SAMP,70.5
1997-10-24 00:00:00,SAMP,69
1997-10-27 00:00:00,SAMP,68
1997-10-28 00:00:00,SAMP,65
1997-10-29 00:00:00,SAMP,65
1997-10-30 00:00:00,SAMP,64
1997-10-31 00:00:00,SAMP,63
1997-11-03 00:00:00,SAMP,63
1997-11-04 00:00:00,SAMP,63
1997-11-05 00:00:00,SAMP,62.5
1997-11-06 00:00:00,SAMP,62
1997-11-07 00:00:00,SAMP,61
1997-11-10 00:00:00,SAMP,60.5
1997-11-11 00:00:00,SAMP,60.5
1997-11-12 00:00:00,SAMP,60
1997-11-13 00:00:00,SAMP,60
1997-11-17 00:00:00,SAMP,57
1997-11-18 00:00:00,SAMP,55
1997-11-19 00:00:00,SAMP,58
1997-11-20 00:00:00,SAMP,58
1997-11-21 00:00:00,SAMP,57.75
1997-11-24 00:00:00,SAMP,58.5
1997-11-25 00:00:00,SAMP,57.25
1997-11-26 00:00:00,SAMP,56.75
1997-11-27 00:00:00,SAMP,57
1997-11-28 00:00:00,SAMP,57.5
1997-12-01 00:00:00,SAMP,58.5
1997-12-02 00:00:00,SAMP,58.5
1997-12-03 00:00:00,SAMP,58.5
1997-12-04 00:00:00,SAMP,58.5
1997-12-05 00:00:00,SAMP,61.5
1997-12-08 00:00:00,SAMP,61
1997-12-09 00:00:00,SAMP,63
1997-12-10 00:00:00,SAMP,66
1997-12-11 00:00:00,SAMP,63.5
1997-12-12 00:00:00,SAMP,61.5
1997-12-15 00:00:00,SAMP,62
1997-12-16 00:00:00,SAMP,61
1997-12-17 00:00:00,SAMP,62
1997-12-18 00:00:00,SAMP,62
1997-12-19 00:00:00,SAMP,61
1997-12-22 00:00:00,SAMP,61
1997-12-23 00:00:00,SAMP,61.25
1997-12-24 00:00:00,SAMP,64.75
1997-12-29 00:00:00,SAMP,62
1997-12-30 00:00:00,SAMP,62
1997-12-31 00:00:00,SAMP,62
1998-01-02 00:00:00,SAMP,62
1998-01-05 00:00:00,SAMP,63
1998-01-06 00:00:00,SAMP,63
1998-01-07 00:00:00,SAMP,63
1998-01-08 00:00:00,SAMP,61
1998-01-09 00:00:00,SAMP,61
1998-01-13 00:00:00,SAMP,60.25
1998-01-15 00:00:00,SAMP,59.5
1998-01-16 00:00:00,SAMP,58
1998-01-19 00:00:00,SAMP,58
1998-01-20 00:00:00,SAMP,58
1998-01-21 00:00:00,SAMP,57
1998-01-22 00:00:00,SAMP,55
1998-01-23 00:00:00,SAMP,55.5
1998-01-26 00:00:00,SAMP,55
1998-01-27 00:00:00,SAMP,55.25
1998-01-28 00:00:00,SAMP,56.5
1998-01-29 00:00:00,SAMP,57
1998-01-30 00:00:00,SAMP,57.25
1998-02-02 00:00:00,SAMP,58
1998-02-03 00:00:00,SAMP,58
1998-02-06 00:00:00,SAMP,58.5
1998-02-09 00:00:00,SAMP,59
1998-02-11 00:00:00,SAMP,59
1998-02-12 00:00:00,SAMP,59
1998-02-13 00:00:00,SAMP,60
1998-02-16 00:00:00,SAMP,60
1998-02-17 00:00:00,SAMP,60
1998-02-18 00:00:00,SAMP,61.75
1998-02-19 00:00:00,SAMP,62
1998-02-20 00:00:00,SAMP,64.25
1998-02-23 00:00:00,SAMP,63.75
1998-02-24 00:00:00,SAMP,63
1998-02-25 00:00:00,SAMP,61
1998-02-26 00:00:00,SAMP,60
1998-02-27 00:00:00,SAMP,60.25
1998-03-02 00:00:00,SAMP,60.5
1998-03-03 00:00:00,SAMP,61
1998-03-04 00:00:00,SAMP,60.75
1998-03-05 00:00:00,SAMP,61
1998-03-06 00:00:00,SAMP,61.25
1998-03-09 00:00:00,SAMP,60
1998-03-10 00:00:00,SAMP,60
1998-03-11 00:00:00,SAMP,60
1998-03-13 00:00:00,SAMP,60.5
1998-03-16 00:00:00,SAMP,60.25
1998-03-17 00:00:00,SAMP,60.25
1998-03-18 00:00:00,SAMP,60.5
1998-03-19 00:00:00,SAMP,61.75
1998-03-20 00:00:00,SAMP,62
1998-03-23 00:00:00,SAMP,62.25
1998-03-24 00:00:00,SAMP,62.75
1998-03-25 00:00:00,SAMP,62.5
1998-03-26 00:00:00,SAMP,63
1998-03-27 00:00:00,SAMP,62.75
1998-03-30 00:00:00,SAMP,62.5
1998-03-31 00:00:00,SAMP,62.75
1998-04-01 00:00:00,SAMP,62.5
1998-04-02 00:00:00,SAMP,64
1998-04-03 00:00:00,SAMP,64
1998-04-06 00:00:00,SAMP,65
1998-04-07 00:00:00,SAMP,63
1998-04-08 00:00:00,SAMP,65
1998-04-09 00:00:00,SAMP,64.75
1998-04-15 00:00:00,SAMP,65.5
1998-04-16 00:00:00,SAMP,67
1998-04-17 00:00:00,SAMP,69
1998-04-20 00:00:00,SAMP,68
1998-04-21 00:00:00,SAMP,69
1998-04-22 00:00:00,SAMP,69
1998-04-23 00:00:00,SAMP,69
1998-04-24 00:00:00,SAMP,69
1998-04-27 00:00:00,SAMP,69
1998-04-28 00:00:00,SAMP,68
1998-04-29 00:00:00,SAMP,68.25
1998-04-30 00:00:00,SAMP,68.25
1998-05-04 00:00:00,SAMP,69
1998-05-05 00:00:00,SAMP,69
1998-05-06 00:00:00,SAMP,67.5
1998-05-07 00:00:00,SAMP,68.75
1998-05-08 00:00:00,SAMP,68
1998-05-13 00:00:00,SAMP,67
1998-05-14 00:00:00,SAMP,64
1998-05-15 00:00:00,SAMP,62.5
1998-05-18 00:00:00,SAMP,64
1998-05-19 00:00:00,SAMP,63.25
1998-05-20 00:00:00,SAMP,62.5
1998-05-21 00:00:00,SAMP,63
1998-05-22 00:00:00,SAMP,62.5
1998-05-25 00:00:00,SAMP,64
1998-05-26 00:00:00,SAMP,63
1998-05-27 00:00:00,SAMP,62
1998-05-28 00:00:00,SAMP,58
1998-05-29 00:00:00,SAMP,58.75
1998-06-01 00:00:00,SAMP,57.75
1998-06-02 00:00:00,SAMP,58.5
1998-06-03 00:00:00,SAMP,57.75
1998-06-04 00:00:00,SAMP,57.75
1998-06-05 00:00:00,SAMP,57.5
1998-06-08 00:00:00,SAMP,57
1998-06-10 00:00:00,SAMP,56
1998-06-11 00:00:00,SAMP,55
1998-06-12 00:00:00,SAMP,55
1998-06-15 00:00:00,SAMP,48
1998-06-16 00:00:00,SAMP,50
1998-06-17 00:00:00,SAMP,50
1998-06-18 00:00:00,SAMP,52.5
1998-06-19 00:00:00,SAMP,55
1998-06-22 00:00:00,SAMP,52
1998-06-23 00:00:00,SAMP,51
1998-06-24 00:00:00,SAMP,50.25
1998-06-25 00:00:00,SAMP,48
1998-06-26 00:00:00,SAMP,49
1998-06-29 00:00:00,SAMP,50.25
1998-06-30 00:00:00,SAMP,51
1998-07-01 00:00:00,SAMP,51
1998-07-02 00:00:00,SAMP,53
1998-07-03 00:00:00,SAMP,53
1998-07-06 00:00:00,SAMP,53
1998-07-08 00:00:00,SAMP,53
1998-07-10 00:00:00,SAMP,54
1998-07-13 00:00:00,SAMP,54
1998-07-14 00:00:00,SAMP,53.25
1998-07-15 00:00:00,SAMP,53
1998-07-16 00:00:00,SAMP,52
1998-07-20 00:00:00,SAMP,52
1998-07-21 00:00:00,SAMP,52
1998-07-22 00:00:00,SAMP,51
1998-07-23 00:00:00,SAMP,51
1998-07-24 00:00:00,SAMP,50
1998-07-27 00:00:00,SAMP,50.5
1998-07-28 00:00:00,SAMP,50.5
1998-07-29 00:00:00,SAMP,51
1998-07-30 00:00:00,SAMP,51
1998-07-31 00:00:00,SAMP,51
1998-08-03 00:00:00,SAMP,51
1998-08-04 00:00:00,SAMP,50
1998-08-05 00:00:00,SAMP,50.75
1998-08-06 00:00:00,SAMP,50
1998-08-10 00:00:00,SAMP,50
1998-08-11 00:00:00,SAMP,50
1998-08-12 00:00:00,SAMP,48.5
1998-08-13 00:00:00,SAMP,45
1998-08-14 00:00:00,SAMP,44.25
1998-08-17 00:00:00,SAMP,44.25
1998-08-18 00:00:00,SAMP,44.25
1998-08-19 00:00:00,SAMP,44.25
1998-08-20 00:00:00,SAMP,42
1998-08-21 00:00:00,SAMP,43
1998-08-24 00:00:00,SAMP,43.5
1998-08-25 00:00:00,SAMP,37
1998-08-26 00:00:00,SAMP,40
1998-08-27 00:00:00,SAMP,39
1998-08-28 00:00:00,SAMP,37.5
1998-08-31 00:00:00,SAMP,36.5
1998-09-01 00:00:00,SAMP,35
1998-09-02 00:00:00,SAMP,32.5
1998-09-03 00:00:00,SAMP,33.5
1998-09-04 00:00:00,SAMP,35
1998-09-07 00:00:00,SAMP,35
1998-09-08 00:00:00,SAMP,36
1998-09-09 00:00:00,SAMP,35.75
1998-09-10 00:00:00,SAMP,36
1998-09-11 00:00:00,SAMP,37
1998-09-14 00:00:00,SAMP,37.75
1998-09-15 00:00:00,SAMP,40
1998-09-16 00:00:00,SAMP,41.75
1998-09-17 00:00:00,SAMP,39
1998-09-18 00:00:00,SAMP,38
1998-09-21 00:00:00,SAMP,40
1998-09-22 00:00:00,SAMP,40.5
1998-09-23 00:00:00,SAMP,41
1998-09-24 00:00:00,SAMP,41
1998-09-25 00:00:00,SAMP,40
1998-09-28 00:00:00,SAMP,41
1998-09-29 00:00:00,SAMP,40
1998-09-30 00:00:00,SAMP,39
1998-10-01 00:00:00,SAMP,40
1998-10-02 00:00:00,SAMP,39.5
1998-10-06 00:00:00,SAMP,39
1998-10-07 00:00:00,SAMP,40
1998-10-08 00:00:00,SAMP,39
1998-10-09 00:00:00,SAMP,38.75
1998-10-12 00:00:00,SAMP,38.25
1998-10-13 00:00:00,SAMP,37.75
1998-10-14 00:00:00,SAMP,37.5
1998-10-15 00:00:00,SAMP,37.75
1998-10-16 00:00:00,SAMP,38.5
1998-10-19 00:00:00,SAMP,39
1998-10-20 00:00:00,SAMP,39.5
1998-10-21 00:00:00,SAMP,39
1998-10-22 00:00:00,SAMP,39
1998-10-23 00:00:00,SAMP,39
1998-10-26 00:00:00,SAMP,39.25
1998-10-27 00:00:00,SAMP,39.5
1998-10-28 00:00:00,SAMP,39.5
1998-10-29 00:00:00,SAMP,38.5
1998-10-30 00:00:00,SAMP,38
1998-11-02 00:00:00,SAMP,39
1998-11-04 00:00:00,SAMP,39.25
1998-11-05 00:00:00,SAMP,40.25
1998-11-06 00:00:00,SAMP,40.25
1998-11-09 00:00:00,SAMP,40.75
1998-11-10 00:00:00,SAMP,41
1998-11-11 00:00:00,SAMP,41.5
1998-11-12 00:00:00,SAMP,40.75
1998-11-13 00:00:00,SAMP,42
1998-11-16 00:00:00,SAMP,44
1998-11-17 00:00:00,SAMP,44
1998-11-18 00:00:00,SAMP,46.5
1998-11-19 00:00:00,SAMP,45
1998-11-20 00:00:00,SAMP,44
1998-11-23 00:00:00,SAMP,45.75
1998-11-24 00:00:00,SAMP,45.75
1998-11-25 00:00:00,SAMP,47
1998-11-26 00:00:00,SAMP,47
1998-11-27 00:00:00,SAMP,47
1998-11-30 00:00:00,SAMP,47.5
1998-12-01 00:00:00,SAMP,47.75
1998-12-02 00:00:00,SAMP,47
1998-12-04 00:00:00,SAMP,46.5
1998-12-07 00:00:00,SAMP,45.5
1998-12-08 00:00:00,SAMP,44.5
1998-12-09 00:00:00,SAMP,44.5
1998-12-10 00:00:00,SAMP,44.5
1998-12-11 00:00:00,SAMP,44.75
1998-12-14 00:00:00,SAMP,46
1998-12-15 00:00:00,SAMP,45.75
1998-12-16 00:00:00,SAMP,46.25
1998-12-17 00:00:00,SAMP,45.5
1998-12-18 00:00:00,SAMP,46.25
1998-12-21 00:00:00,SAMP,46.75
1998-12-22 00:00:00,SAMP,45
1998-12-23 00:00:00,SAMP,46
1998-12-24 00:00:00,SAMP,46.5
1998-12-28 00:00:00,SAMP,47.25
1998-12-29 00:00:00,SAMP,49
1998-12-30 00:00:00,SAMP,49.25
1998-12-31 00:00:00,SAMP,49.25
1999-01-04 00:00:00,SAMP,48
1999-01-05 00:00:00,SAMP,47.5
1999-01-06 00:00:00,SAMP,47.5
1999-01-07 00:00:00,SAMP,49.5
1999-01-08 00:00:00,SAMP,49.5
1999-01-11 00:00:00,SAMP,49
1999-01-12 00:00:00,SAMP,49
1999-01-13 00:00:00,SAMP,49.25
1999-01-14 00:00:00,SAMP,49
1999-01-18 00:00:00,SAMP,49
1999-01-19 00:00:00,SAMP,49
1999-01-20 00:00:00,SAMP,49
1999-01-21 00:00:00,SAMP,49.75
1999-01-22 00:00:00,SAMP,49.75
1999-01-25 00:00:00,SAMP,50
1999-01-26 00:00:00,SAMP,49.75
1999-01-27 00:00:00,SAMP,49
1999-01-28 00:00:00,SAMP,48
1999-01-29 00:00:00,SAMP,48.5
1999-02-01 00:00:00,SAMP,49
1999-02-02 00:00:00,SAMP,46.5
1999-02-03 00:00:00,SAMP,47
1999-02-05 00:00:00,SAMP,47
1999-02-08 00:00:00,SAMP,47
1999-02-09 00:00:00,SAMP,46.75
1999-02-10 00:00:00,SAMP,46.75
1999-02-11 00:00:00,SAMP,47
1999-02-12 00:00:00,SAMP,47.25
1999-02-15 00:00:00,SAMP,47.75
1999-02-16 00:00:00,SAMP,48
1999-02-17 00:00:00,SAMP,48
1999-02-18 00:00:00,SAMP,48
1999-02-19 00:00:00,SAMP,48
1999-02-22 00:00:00,SAMP,47.25
1999-02-23 00:00:00,SAMP,47
1999-02-24 00:00:00,SAMP,46.25
1999-02-25 00:00:00,SAMP,46
1999-02-26 00:00:00,SAMP,47
1999-03-02 00:00:00,SAMP,46
1999-03-03 00:00:00,SAMP,46.25
1999-03-04 00:00:00,SAMP,45.25
1999-03-05 00:00:00,SAMP,45
1999-03-08 00:00:00,SAMP,44
1999-03-09 00:00:00,SAMP,44.25
1999-03-10 00:00:00,SAMP,44.5
1999-03-11 00:00:00,SAMP,44.25
1999-03-12 00:00:00,SAMP,44
1999-03-15 00:00:00,SAMP,43.25
1999-03-16 00:00:00,SAMP,43.5
1999-03-17 00:00:00,SAMP,43
1999-03-18 00:00:00,SAMP,42
1999-03-19 00:00:00,SAMP,43
1999-03-22 00:00:00,SAMP,44
1999-03-23 00:00:00,SAMP,43.25
1999-03-24 00:00:00,SAMP,43.5
1999-03-25 00:00:00,SAMP,43.5
1999-03-26 00:00:00,SAMP,43
1999-03-29 00:00:00,SAMP,43.75
1999-03-30 00:00:00,SAMP,44
1999-04-01 00:00:00,SAMP,43.25
1999-04-05 00:00:00,SAMP,43.25
1999-04-07 00:00:00,SAMP,44
1999-04-08 00:00:00,SAMP,45.5
1999-04-09 00:00:00,SAMP,46
1999-04-12 00:00:00,SAMP,46
1999-04-15 00:00:00,SAMP,46.5
1999-04-16 00:00:00,SAMP,45.75
1999-04-19 00:00:00,SAMP,45
1999-04-20 00:00:00,SAMP,44.5
1999-04-21 00:00:00,SAMP,44.25
1999-04-22 00:00:00,SAMP,44.25
1999-04-26 00:00:00,SAMP,44.25
1999-04-27 00:00:00,SAMP,44.75
1999-04-28 00:00:00,SAMP,44.5
1999-05-03 00:00:00,SAMP,44.5
1999-05-04 00:00:00,SAMP,44.5
1999-05-05 00:00:00,SAMP,44
1999-05-06 00:00:00,SAMP,43.5
1999-05-07 00:00:00,SAMP,43.5
1999-05-10 00:00:00,SAMP,43.5
1999-05-11 00:00:00,SAMP,43
1999-05-12 00:00:00,SAMP,43.5
1999-05-13 00:00:00,SAMP,43.5
1999-05-14 00:00:00,SAMP,44.5
1999-05-17 00:00:00,SAMP,46
1999-05-18 00:00:00,SAMP,46
1999-05-19 00:00:00,SAMP,47.25
1999-05-20 00:00:00,SAMP,47
1999-05-21 00:00:00,SAMP,47
1999-05-24 00:00:00,SAMP,46
1999-05-25 00:00:00,SAMP,44.75
1999-05-27 00:00:00,SAMP,44.5
1999-05-28 00:00:00,SAMP,45
1999-06-01 00:00:00,SAMP,45.5
1999-06-02 00:00:00,SAMP,45
1999-06-03 00:00:00,SAMP,43.5
1999-06-04 00:00:00,SAMP,42.5
1999-06-07 00:00:00,SAMP,42.5
1999-06-08 00:00:00,SAMP,42.25
1999-06-09 00:00:00,SAMP,42.5
1999-06-10 00:00:00,SAMP,42.5
1999-06-11 00:00:00,SAMP,42
1999-06-14 00:00:00,SAMP,42.25
1999-06-15 00:00:00,SAMP,42.25
1999-06-16 00:00:00,SAMP,42
1999-06-17 00:00:00,SAMP,42
1999-06-18 00:00:00,SAMP,41
1999-06-21 00:00:00,SAMP,40
1999-06-22 00:00:00,SAMP,40.5
1999-06-23 00:00:00,SAMP,40.25
1999-06-24 00:00:00,SAMP,40
1999-06-25 00:00:00,SAMP,40
1999-06-30 00:00:00,SAMP,39.5
1999-07-01 00:00:00,SAMP,40
1999-07-02 00:00:00,SAMP,39.5
1999-07-05 00:00:00,SAMP,40
1999-07-06 00:00:00,SAMP,40
1999-07-07 00:00:00,SAMP,40.25
1999-07-08 00:00:00,SAMP,40
1999-07-09 00:00:00,SAMP,40.5
1999-07-12 00:00:00,SAMP,41
1999-07-13 00:00:00,SAMP,41.5
1999-07-14 00:00:00,SAMP,41
1999-07-15 00:00:00,SAMP,40.5
1999-07-16 00:00:00,SAMP,41
1999-07-19 00:00:00,SAMP,41
1999-07-20 00:00:00,SAMP,42.5
1999-07-21 00:00:00,SAMP,41.5
1999-07-22 00:00:00,SAMP,43.25
1999-07-23 00:00:00,SAMP,46
1999-07-26 00:00:00,SAMP,44
1999-07-27 00:00:00,SAMP,44
1999-07-29 00:00:00,SAMP,47
1999-07-30 00:00:00,SAMP,45
1999-08-02 00:00:00,SAMP,46.5
1999-08-03 00:00:00,SAMP,46
1999-08-04 00:00:00,SAMP,46
1999-08-05 00:00:00,SAMP,45.5
1999-08-06 00:00:00,SAMP,45.5
1999-08-09 00:00:00,SAMP,45.75
1999-08-10 00:00:00,SAMP,45.5
1999-08-11 00:00:00,SAMP,46
1999-08-12 00:00:00,SAMP,44
1999-08-13 00:00:00,SAMP,46
1999-08-16 00:00:00,SAMP,45
1999-08-17 00:00:00,SAMP,45
1999-08-18 00:00:00,SAMP,43.25
1999-08-19 00:00:00,SAMP,43.5
1999-08-23 00:00:00,SAMP,43.25
1999-08-24 00:00:00,SAMP,44
1999-08-25 00:00:00,SAMP,44
1999-08-30 00:00:00,SAMP,43.5
1999-08-31 00:00:00,SAMP,43.5
1999-09-01 00:00:00,SAMP,43.25
1999-09-02 00:00:00,SAMP,43
1999-09-03 00:00:00,SAMP,43
1999-09-06 00:00:00,SAMP,43.25
1999-09-07 00:00:00,SAMP,43
1999-09-08 00:00:00,SAMP,43
1999-09-09 00:00:00,SAMP,43
1999-09-10 00:00:00,SAMP,43
1999-09-13 00:00:00,SAMP,43
1999-09-14 00:00:00,SAMP,43
1999-09-15 00:00:00,SAMP,43
1999-09-16 00:00:00,SAMP,42.75
1999-09-17 00:00:00,SAMP,43
1999-09-20 00:00:00,SAMP,43
1999-09-21 00:00:00,SAMP,42.75
1999-09-22 00:00:00,SAMP,42
1999-09-23 00:00:00,SAMP,42
1999-09-24 00:00:00,SAMP,42.5
1999-09-27 00:00:00,SAMP,42
1999-09-28 00:00:00,SAMP,41.75
1999-09-29 00:00:00,SAMP,41.25
1999-09-30 00:00:00,SAMP,41.5
1999-10-01 00:00:00,SAMP,41.25
1999-10-04 00:00:00,SAMP,41.25
1999-10-05 00:00:00,SAMP,41.25
1999-10-06 00:00:00,SAMP,41
1999-10-07 00:00:00,SAMP,41
1999-10-08 00:00:00,SAMP,41.5
1999-10-11 00:00:00,SAMP,41.5
1999-10-12 00:00:00,SAMP,40.75
1999-10-13 00:00:00,SAMP,40.5
1999-10-14 00:00:00,SAMP,40
1999-10-15 00:00:00,SAMP,39
1999-10-18 00:00:00,SAMP,39
1999-10-19 00:00:00,SAMP,39
1999-10-20 00:00:00,SAMP,39
1999-10-21 00:00:00,SAMP,39
1999-10-22 00:00:00,SAMP,39.5
1999-10-25 00:00:00,SAMP,39.5
1999-10-26 00:00:00,SAMP,38.75
1999-10-27 00:00:00,SAMP,36.5
1999-10-28 00:00:00,SAMP,37
1999-10-29 00:00:00,SAMP,37
1999-11-01 00:00:00,SAMP,37
1999-11-02 00:00:00,SAMP,37.5
1999-11-03 00:00:00,SAMP,37.25
1999-11-04 00:00:00,SAMP,38.5
1999-11-05 00:00:00,SAMP,38.75
1999-11-08 00:00:00,SAMP,38
1999-11-09 00:00:00,SAMP,38
1999-11-10 00:00:00,SAMP,39.5
1999-11-11 00:00:00,SAMP,39.5
1999-11-12 00:00:00,SAMP,39.25
1999-11-15 00:00:00,SAMP,39
1999-11-16 00:00:00,SAMP,39
1999-11-17 00:00:00,SAMP,38
1999-11-18 00:00:00,SAMP,38
1999-11-19 00:00:00,SAMP,38
1999-11-23 00:00:00,SAMP,38.5
1999-11-24 00:00:00,SAMP,39.5
1999-11-25 00:00:00,SAMP,39.25
1999-11-26 00:00:00,SAMP,39.25
1999-11-29 00:00:00,SAMP,41
1999-11-30 00:00:00,SAMP,41
1999-12-01 00:00:00,SAMP,42
1999-12-02 00:00:00,SAMP,42.25
1999-12-03 00:00:00,SAMP,43
1999-12-06 00:00:00,SAMP,42
1999-12-07 00:00:00,SAMP,42.75
1999-12-08 00:00:00,SAMP,43
1999-12-09 00:00:00,SAMP,44
1999-12-10 00:00:00,SAMP,45
1999-12-13 00:00:00,SAMP,46.5
1999-12-14 00:00:00,SAMP,51
1999-12-15 00:00:00,SAMP,50
1999-12-16 00:00:00,SAMP,50
1999-12-17 00:00:00,SAMP,50.5
1999-12-20 00:00:00,SAMP,50
1999-12-21 00:00:00,SAMP,51
1999-12-23 00:00:00,SAMP,48.25
1999-12-27 00:00:00,SAMP,47
1999-12-28 00:00:00,SAMP,45.5
1999-12-29 00:00:00,SAMP,44
1999-12-30 00:00:00,SAMP,45
2000-01-03 00:00:00,SAMP,46
2000-01-04 00:00:00,SAMP,47
2000-01-05 00:00:00,SAMP,45.5
2000-01-06 00:00:00,SAMP,45
2000-01-10 00:00:00,SAMP,45
2000-01-11 00:00:00,SAMP,45
2000-01-12 00:00:00,SAMP,46
2000-01-13 00:00:00,SAMP,45.5
2000-01-14 00:00:00,SAMP,45
2000-01-17 00:00:00,SAMP,45
2000-01-18 00:00:00,SAMP,45.5
2000-01-19 00:00:00,SAMP,45.25
2000-01-24 00:00:00,SAMP,45.25
2000-01-25 00:00:00,SAMP,46
2000-01-26 00:00:00,SAMP,47
2000-01-27 00:00:00,SAMP,46.25
2000-01-28 00:00:00,SAMP,46.25
2000-01-31 00:00:00,SAMP,46.25
2000-02-01 00:00:00,SAMP,46
2000-02-02 00:00:00,SAMP,46.5
2000-02-03 00:00:00,SAMP,46.5
2000-02-07 00:00:00,SAMP,47
2000-02-08 00:00:00,SAMP,49
2000-02-09 00:00:00,SAMP,49.5
2000-02-10 00:00:00,SAMP,48.75
2000-02-11 00:00:00,SAMP,49.25
2000-02-14 00:00:00,SAMP,49
2000-02-15 00:00:00,SAMP,47.5
2000-02-16 00:00:00,SAMP,48
2000-02-17 00:00:00,SAMP,48
2000-02-18 00:00:00,SAMP,48
2000-02-21 00:00:00,SAMP,48.5
2000-02-22 00:00:00,SAMP,48.5
2000-02-23 00:00:00,SAMP,48.5
2000-02-24 00:00:00,SAMP,48.5
2000-02-25 00:00:00,SAMP,48.5
2000-02-28 00:00:00,SAMP,47.5
2000-02-29 00:00:00,SAMP,46
2000-03-01 00:00:00,SAMP,45.75
2000-03-02 00:00:00,SAMP,45.5
2000-03-03 00:00:00,SAMP,45.75
2000-03-06 00:00:00,SAMP,45.25
2000-03-07 00:00:00,SAMP,45
2000-03-08 00:00:00,SAMP,45
2000-03-09 00:00:00,SAMP,45
2000-03-10 00:00:00,SAMP,45
2000-03-13 00:00:00,SAMP,44
2000-03-14 00:00:00,SAMP,44
2000-03-15 00:00:00,SAMP,44
2000-03-16 00:00:00,SAMP,44
2000-03-17 00:00:00,SAMP,44
2000-03-20 00:00:00,SAMP,44
2000-03-21 00:00:00,SAMP,44.25
2000-03-22 00:00:00,SAMP,44.25
2000-03-23 00:00:00,SAMP,44.25
2000-03-24 00:00:00,SAMP,45
2000-03-27 00:00:00,SAMP,44.25
2000-03-28 00:00:00,SAMP,45
2000-03-29 00:00:00,SAMP,44.25
2000-03-30 00:00:00,SAMP,44.25
2000-03-31 00:00:00,SAMP,44
2000-04-03 00:00:00,SAMP,43.5
2000-04-04 00:00:00,SAMP,43
2000-04-05 00:00:00,SAMP,43.25
2000-04-06 00:00:00,SAMP,43
2000-04-07 00:00:00,SAMP,43
2000-04-10 00:00:00,SAMP,43
2000-04-11 00:00:00,SAMP,42
2000-04-17 00:00:00,SAMP,42.25
2000-04-19 00:00:00,SAMP,42
2000-04-20 00:00:00,SAMP,42
2000-04-24 00:00:00,SAMP,42
2000-04-25 00:00:00,SAMP,42
2000-04-26 00:00:00,SAMP,42
2000-04-27 00:00:00,SAMP,42
2000-04-28 00:00:00,SAMP,42
2000-05-02 00:00:00,SAMP,42
2000-05-03 00:00:00,SAMP,41.5
2000-05-04 00:00:00,SAMP,41.25
2000-05-05 00:00:00,SAMP,41
2000-05-08 00:00:00,SAMP,39.75
2000-05-09 00:00:00,SAMP,39
2000-05-10 00:00:00,SAMP,40
2000-05-11 00:00:00,SAMP,39
2000-05-12 00:00:00,SAMP,37.5
2000-05-15 00:00:00,SAMP,38.5
2000-05-16 00:00:00,SAMP,40
2000-05-19 00:00:00,SAMP,42
2000-05-22 00:00:00,SAMP,40.25
2000-05-23 00:00:00,SAMP,40.5
2000-05-24 00:00:00,SAMP,40.5
2000-05-25 00:00:00,SAMP,42
2000-05-26 00:00:00,SAMP,41.75
2000-05-29 00:00:00,SAMP,42
2000-05-31 00:00:00,SAMP,42.25
2000-06-01 00:00:00,SAMP,42.25
2000-06-05 00:00:00,SAMP,43
2000-06-06 00:00:00,SAMP,43
2000-06-07 00:00:00,SAMP,43
2000-06-08 00:00:00,SAMP,42.75
2000-06-09 00:00:00,SAMP,50
2000-06-12 00:00:00,SAMP,54.75
2000-06-13 00:00:00,SAMP,62.75
2000-06-19 00:00:00,SAMP,60
2000-06-20 00:00:00,SAMP,51
2000-06-21 00:00:00,SAMP,49
2000-06-22 00:00:00,SAMP,56
2000-06-23 00:00:00,SAMP,62.5
2000-06-26 00:00:00,SAMP,60
2000-06-27 00:00:00,SAMP,60.25
2000-06-28 00:00:00,SAMP,58
2000-06-29 00:00:00,SAMP,60
2000-06-30 00:00:00,SAMP,56.25
2000-07-03 00:00:00,SAMP,55
2000-07-04 00:00:00,SAMP,54
2000-07-05 00:00:00,SAMP,54
2000-07-06 00:00:00,SAMP,52.25
2000-07-07 00:00:00,SAMP,54
2000-07-10 00:00:00,SAMP,56.25
2000-07-11 00:00:00,SAMP,55
2000-07-12 00:00:00,SAMP,54
2000-07-13 00:00:00,SAMP,51
2000-07-18 00:00:00,SAMP,58.25
2000-07-19 00:00:00,SAMP,59
2000-07-20 00:00:00,SAMP,57.5
2000-07-21 00:00:00,SAMP,55
2000-07-24 00:00:00,SAMP,55
2000-07-25 00:00:00,SAMP,54.75
2000-07-26 00:00:00,SAMP,54.5
2000-07-27 00:00:00,SAMP,55
2000-07-28 00:00:00,SAMP,55
2000-07-31 00:00:00,SAMP,50
2000-08-01 00:00:00,SAMP,52.5
2000-08-02 00:00:00,SAMP,51
2000-08-03 00:00:00,SAMP,52
2000-08-04 00:00:00,SAMP,50.5
2000-08-07 00:00:00,SAMP,50.25
2000-08-08 00:00:00,SAMP,50.5
2000-08-09 00:00:00,SAMP,51
2000-08-10 00:00:00,SAMP,52
2000-08-11 00:00:00,SAMP,51.75
2000-08-15 00:00:00,SAMP,50.25
2000-08-16 00:00:00,SAMP,49.75
2000-08-17 00:00:00,SAMP,49
2000-08-18 00:00:00,SAMP,48
2000-08-21 00:00:00,SAMP,47
2000-08-22 00:00:00,SAMP,46.5
2000-08-23 00:00:00,SAMP,46.75
2000-08-24 00:00:00,SAMP,47
2000-08-25 00:00:00,SAMP,49
2000-08-28 00:00:00,SAMP,48.5
2000-08-29 00:00:00,SAMP,48.5
2000-08-30 00:00:00,SAMP,47
2000-08-31 00:00:00,SAMP,47
2000-09-01 00:00:00,SAMP,47
2000-09-04 00:00:00,SAMP,47
2000-09-05 00:00:00,SAMP,46.25
2000-09-06 00:00:00,SAMP,46
2000-09-07 00:00:00,SAMP,46
2000-09-08 00:00:00,SAMP,46
2000-09-11 00:00:00,SAMP,46
2000-09-12 00:00:00,SAMP,46.25
2000-09-14 00:00:00,SAMP,46.25
2000-09-15 00:00:00,SAMP,46.25
2000-09-19 00:00:00,SAMP,46.25
2000-09-20 00:00:00,SAMP,46.5
2000-09-21 00:00:00,SAMP,50
2000-09-22 00:00:00,SAMP,50
2000-09-26 00:00:00,SAMP,49.5
2000-09-27 00:00:00,SAMP,48
2000-09-29 00:00:00,SAMP,50.5
2000-10-02 00:00:00,SAMP,50
2000-10-03 00:00:00,SAMP,49
2000-10-04 00:00:00,SAMP,50
2000-10-05 00:00:00,SAMP,50
2000-10-06 00:00:00,SAMP,50
2000-10-09 00:00:00,SAMP,49
2000-10-10 00:00:00,SAMP,46.5
2000-10-11 00:00:00,SAMP,46
2000-10-13 00:00:00,SAMP,46.5
2000-10-16 00:00:00,SAMP,46
2000-10-17 00:00:00,SAMP,48.25
2000-10-18 00:00:00,SAMP,48.75
2000-10-19 00:00:00,SAMP,48.75
2000-10-23 00:00:00,SAMP,48
2000-10-24 00:00:00,SAMP,48
2000-10-25 00:00:00,SAMP,47.5
2000-10-26 00:00:00,SAMP,47
2000-10-27 00:00:00,SAMP,47
2000-10-30 00:00:00,SAMP,45.25
2000-10-31 00:00:00,SAMP,45.5
2000-11-01 00:00:00,SAMP,45.75
2000-11-02 00:00:00,SAMP,45.5
2000-11-03 00:00:00,SAMP,45.75
2000-11-06 00:00:00,SAMP,45.5
2000-11-07 00:00:00,SAMP,45.5
2000-11-09 00:00:00,SAMP,46
2000-11-10 00:00:00,SAMP,45.75
2000-11-13 00:00:00,SAMP,45.75
2000-11-14 00:00:00,SAMP,45.75
2000-11-15 00:00:00,SAMP,45.75
2000-11-16 00:00:00,SAMP,45.75
2000-11-17 00:00:00,SAMP,45.5
2000-11-20 00:00:00,SAMP,45
2000-11-21 00:00:00,SAMP,45
2000-11-22 00:00:00,SAMP,45.25
2000-11-23 00:00:00,SAMP,45
2000-11-24 00:00:00,SAMP,44.25
2000-11-27 00:00:00,SAMP,42
2000-11-28 00:00:00,SAMP,40
2000-11-29 00:00:00,SAMP,39
2000-11-30 00:00:00,SAMP,39
2000-12-01 00:00:00,SAMP,40
2000-12-04 00:00:00,SAMP,38.5
2000-12-05 00:00:00,SAMP,40
2000-12-06 00:00:00,SAMP,39
2000-12-08 00:00:00,SAMP,40
2000-12-11 00:00:00,SAMP,40
2000-12-12 00:00:00,SAMP,40
2000-12-13 00:00:00,SAMP,41
2000-12-15 00:00:00,SAMP,44
2000-12-18 00:00:00,SAMP,41
2000-12-19 00:00:00,SAMP,40
2000-12-21 00:00:00,SAMP,40
2000-12-22 00:00:00,SAMP,41.5
2000-12-27 00:00:00,SAMP,41.5
2000-12-28 00:00:00,SAMP,41.5
2001-01-04 00:00:00,SAMP,43
2001-01-05 00:00:00,SAMP,43
2001-01-08 00:00:00,SAMP,43
2001-01-10 00:00:00,SAMP,41.5
2001-01-11 00:00:00,SAMP,41.75
2001-01-17 00:00:00,SAMP,41.5
2001-01-18 00:00:00,SAMP,41.5
2001-01-22 00:00:00,SAMP,41
2001-01-23 00:00:00,SAMP,41
2001-01-24 00:00:00,SAMP,41.25
2001-01-25 00:00:00,SAMP,41
2001-01-26 00:00:00,SAMP,41
2001-01-29 00:00:00,SAMP,41.25
2001-01-30 00:00:00,SAMP,41
2001-01-31 00:00:00,SAMP,41
2001-02-06 00:00:00,SAMP,41
2001-02-08 00:00:00,SAMP,40
2001-02-09 00:00:00,SAMP,40
2001-02-12 00:00:00,SAMP,40.5
2001-02-13 00:00:00,SAMP,40
2001-02-14 00:00:00,SAMP,40
2001-02-16 00:00:00,SAMP,39.5
2001-02-20 00:00:00,SAMP,39.5
2001-02-21 00:00:00,SAMP,39
2001-02-22 00:00:00,SAMP,38.25
2001-02-23 00:00:00,SAMP,38.5
2001-02-26 00:00:00,SAMP,38.25
2001-02-27 00:00:00,SAMP,38.25
2001-02-28 00:00:00,SAMP,38.75
2001-03-01 00:00:00,SAMP,39.5
2001-03-02 00:00:00,SAMP,39.5
2001-03-05 00:00:00,SAMP,40
2001-03-06 00:00:00,SAMP,39.75
2001-03-07 00:00:00,SAMP,39.75
2001-03-08 00:00:00,SAMP,40
2001-03-12 00:00:00,SAMP,39.5
2001-03-13 00:00:00,SAMP,39.75
2001-03-14 00:00:00,SAMP,39.5
2001-03-15 00:00:00,SAMP,39
2001-03-16 00:00:00,SAMP,39
2001-03-19 00:00:00,SAMP,39.5
2001-03-20 00:00:00,SAMP,39.5
2001-03-21 00:00:00,SAMP,39.5
2001-03-22 00:00:00,SAMP,39
2001-03-23 00:00:00,SAMP,38.5
2001-03-26 00:00:00,SAMP,39
2001-03-27 00:00:00,SAMP,39
2001-03-28 00:00:00,SAMP,39
2001-03-29 00:00:00,SAMP,39
2001-03-30 00:00:00,SAMP,38.5
2001-04-02 00:00:00,SAMP,39
2001-04-03 00:00:00,SAMP,39.5
2001-04-04 00:00:00,SAMP,39
2001-04-05 00:00:00,SAMP,39
2001-04-06 00:00:00,SAMP,39.5
2001-04-09 00:00:00,SAMP,39.75
2001-04-10 00:00:00,SAMP,39.75
2001-04-11 00:00:00,SAMP,39.25
2001-04-17 00:00:00,SAMP,39.25
2001-04-18 00:00:00,SAMP,39.25
2001-04-19 00:00:00,SAMP,39
