symbol,company_name,sector,board,delisted,delisting_date,listing_date,isin,market_cap,shares_outstanding,par_value,base_ticker,share_type,yahoo_ticker
ABAN.N0000,ABANS ELECTRICALS PLC,Unknown,Main,False,,01/JAN/1984,LK0001N00004,5688053280.0,5110560,1.0,ABAN,Voting,ABAN.CM
AFSL.N0000,ABANS FINANCE PLC,Unknown,Main,False,,27/JUN/2011,LK0388N00005,7030328513.4,73693171,1.0,AFSL,Voting,AFSL.CM
AEL.N0000,ACCESS ENGINEERING PLC,Unknown,Main,False,,27/MAR/2012,LK0409N00009,76000000000.0,1000000000,1.0,AEL,Voting,AEL.CM
ACL.N0000,ACL CABLES PLC,Unknown,Main,False,,01/JAN/1976,LK0011N00003,68494412448.0,718724160,1.0,ACL,Voting,ACL.CM
APLA.N0000,ACL PLASTICS PLC,Unknown,Main,False,,05/APR/1995,LK0238N00002,5908031250.0,42125000,1.0,APLA,Voting,APLA.CM
ACME.N0000,ACME PRINTING & PACKAGING PLC,Unknown,Main,False,,01/JAN/1956,LK0002N00002,3125500000.0,665000000,1.0,ACME,Voting,ACME.CM
AGAL.N0000,AGALAWATTE  PLANTATIONS  PLC,Unknown,Main,False,,22/JAN/1996,LK0248N00001,8281250000.0,156250000,1.0,AGAL,Voting,AGAL.CM
AGST.X0000,AGSTAR PLC,Unknown,Main,False,,16/FEB/2012,LK0408X00000,296179045.5,26210535,1.0,AGST,Non-Voting,AGST.CM
AGST.N0000,AGSTAR PLC,Unknown,Main,False,,16/FEB/2012,LK0408N00001,5074184115.0,461289465,1.0,AGST,Voting,AGST.CM
AHUN.N0000,AITKEN SPENCE HOTEL HOLDINGS PLC,Unknown,Main,False,,01/JAN/1980,LK0003N00000,30636019911.0,336290010,1.0,AHUN,Voting,AHUN.CM
SPEN.N0000,AITKEN SPENCE PLC,Unknown,Main,False,,01/JAN/1983,LK0004N00008,58869426525.0,405996045,1.0,SPEN,Voting,SPEN.CM
ALLI.N0000,ALLIANCE FINANCE COMPANY PLC,Unknown,Main,False,,01/JAN/1959,LK0005N00005,10925928000.0,33696000,1.0,ALLI,Voting,ALLI.CM
AFS.N0000,ALPHA FIRE SERVICES PLC,Unknown,Main,False,,,LK0486N00007,1138500000.0,37950000,1.0,AFS,Voting,AFS.CM
ALUM.N0000,ALUMEX PLC,Unknown,Main,False,,31/MAR/2014,LK0427N00001,9996714856.0,598605680,1.0,ALUM,Voting,ALUM.CM
ABL.N0000,AMANA BANK PLC,Unknown,Main,False,,29/JAN/2014,LK0424N00008,14607404359.0,551222806,1.0,ABL,Voting,ABL.CM
ATL.N0000,AMANA TAKAFUL PLC,Unknown,Main,False,,27/NOV/2006,LK0354N00007,5720657311.4,299510854,1.0,ATL,Voting,ATL.CM
ATLL.N0000,AMANA TAKAFUL LIFE PLC,Unknown,Main,False,,18/AUG/2016,LK0448N00007,1150000000.0,50000000,1.0,ATLL,Voting,ATLL.CM
TAP.N0000,AMBEON CAPITAL PLC,Unknown,Main,False,,17/MAY/2012,LK0411N00005,31488468180.4,1022352863,1.0,TAP,Voting,TAP.CM
GREG.N0000,AMBEON HOLDINGS PLC,Unknown,Main,False,,01/JAN/1970,LK0168N00001,52102971236.0,1427478664,1.0,GREG,Voting,GREG.CM
AMCL.N0000,AMW CAPITAL LEASING AND FINANCE PLC,Unknown,Main,False,,08/JUN/2011,LK0384N00004,448000000.0,20000000,1.0,AMCL,Voting,AMCL.CM
ALHP.N0000,ANILANA HOTELS AND PROPERTIES PLC,Unknown,Main,False,,17/JUL/2013,LK0422N00002,,1281320814,1.0,ALHP,Voting,ALHP.CM
AINS.N0000,ARPICO INSURANCE PLC,Unknown,Main,False,,16/JAN/2015,LK0434N00007,1834582273.9,66230407,1.0,AINS,Voting,AINS.CM
AAF.N0000,ASIA ASSET FINANCE PLC,Unknown,Main,False,,12/JAN/2012,LK0406N00005,7203340914.0,124195533,1.0,AAF,Voting,AAF.CM
ACAP.N0000,ASIA CAPITAL PLC,Unknown,Main,False,,22/SEP/1994,LK0224N00002,,131329995,1.0,ACAP,Voting,ACAP.CM
ASIY.N0000,ASIA SIYAKA COMMODITIES LIMITED,Unknown,Main,False,,12/SEP/2012,LK0419N00008,3198000000.0,260000000,1.0,ASIY,Voting,ASIY.CM
AHPL.N0000,ASIAN HOTELS AND PROPERTIES PLC,Unknown,Main,False,,30/JAN/2004,LK0341N00004,22050209940.0,442775300,1.0,AHPL,Voting,AHPL.CM
AMSL.N0000,ASIRI SURGICAL HOSPITAL PLC,Unknown,Main,False,,12/NOV/2004,LK0344N00008,7768325911.5,528457545,1.0,AMSL,Voting,AMSL.CM
ASIR.N0000,ASIRI HOSPITAL HOLDINGS PLC,Unknown,Main,False,,01/JUN/1986,LK0010N00005,39358662421.6,1137533596,1.0,ASIR,Voting,ASIR.CM
AMF.N0000,ASSOCIATED MOTOR FINANCE COMPANY PLC,Unknown,Main,False,,23/JUN/2011,LK0387N00007,5972347023.6,113327268,1.0,AMF,Voting,AMF.CM
AGPL.N0000,AGARAPATANA PLANTATIONS PLC,Unknown,Main,False,,04/SEP/2023,LK0490N00009,8000000000.0,500000000,1.0,AGPL,Voting,AGPL.CM
BPPL.N0000,B P P L HOLDINGS PLC,Unknown,Main,False,,04/APR/2017,LK0451N00001,5891392454.4,306843357,1.0,BPPL,Voting,BPPL.CM
BFL.N0000,BAIRAHA FARMS PLC,Unknown,Main,False,,05/DEC/1994,LK0229N00001,7673600000.0,88000000,1.0,BFL,Voting,BFL.CM
BALA.N0000,BALANGODA  PLANTATIONS  PLC,Unknown,Main,False,,03/JUN/1998,LK0286N00001,2841090832.6,47272726,1.0,BALA,Voting,BALA.CM
BRR.N0000,BANSEI ROYAL RESORTS HIKKADUWA PLC,Unknown,Main,False,,27/MAR/2014,LK0426N00003,1139033600.0,53728000,1.0,BRR,Voting,BRR.CM
BERU.N0000,BERUWALA RESORTS PLC,Unknown,Main,False,,04/JUL/2012,LK0416N00004,2101632885.0,700544295,1.0,BERU,Voting,BERU.CM
BLI.N0000,BIMPUTH LANKA INVESTMENTS PLC,Unknown,Main,False,,13/JUN/2011,LK0383N00006,,107733344,1.0,BLI,Voting,BLI.CM
BLUE.X0000,BLUE DIAMONDS JEWELLERY WORLDWIDE PLC,Unknown,Main,False,,31/MAR/1992,LK0193X00008,,225976714,1.0,BLUE,Non-Voting,BLUE.CM
BLUE.N0000,BLUE DIAMONDS JEWELLERY WORLDWIDE PLC,Unknown,Main,False,,31/MAR/1992,LK0193N00009,,699524300,1.0,BLUE,Voting,BLUE.CM
BOGA.N0000,BOGALA GRAPHITE LANKA PLC,Unknown,Main,False,,08/MAY/1992,LK0194N00007,12870074944.0,94632904,1.0,BOGA,Voting,BOGA.CM
BOPL.N0000,BOGAWANTALAWA TEA ESTATES PLC,Unknown,Main,False,,08/DEC/1995,LK0243N00002,5561000000.0,83750000,1.0,BOPL,Voting,BOPL.CM
BRWN.N0000,BROWN & COMPANY PLC,Unknown,Main,False,,25/APR/1991,LK0018N00008,30724312500.0,212625000,1.0,BRWN,Voting,BRWN.CM
BBH.N0000,BROWNS BEACH HOTELS PLC,Unknown,Main,False,,22/FEB/1993,LK0204N00004,,129600000,1.0,BBH,Voting,BBH.CM
BIL.N0000,BROWNS INVESTMENTS PLC,Unknown,Main,False,,26/JUL/2011,LK0390N00001,76159502538.0,14369717460,1.0,BIL,Voting,BIL.CM
BUKI.N0000,BUKIT DARAH PLC,Unknown,Main,False,,01/JAN/1970,LK0019N00006,88332000000.0,102000000,1.0,BUKI,Voting,BUKI.CM
COLO.N0000,C M HOLDINGS PLC,Unknown,Main,False,,01/JAN/1970,LK0052N00007,5943200000.0,152000000,1.0,COLO,Voting,COLO.CM
CTHR.N0000,C T HOLDINGS PLC,Unknown,Main,False,,01/JAN/1928,LK0041N00000,102314744824.0,201406978,1.0,CTHR,Voting,CTHR.CM
CTLD.N0000,C T LAND DEVELOPMENT PLC,Unknown,Main,False,,22/MAR/1988,LK0175N00006,3144375000.0,81250000,1.0,CTLD,Voting,CTLD.CM
CWM.N0000,C. W. MACKIE PLC,Unknown,Main,False,,09/JAN/1995,LK0232N00005,7197711200.0,179942780,1.0,CWM,Voting,CWM.CM
CSLK.N0000,CABLE SOLUTIONS PLC,Unknown,Main,False,,14/AUG/2024,LK0494N00001,5553865880.0,470666600,1.0,CSLK,Voting,CSLK.CM
CALC.U0000,CAL FIVE YEAR CLOSED END FUND (“Units”),Unknown,Main,False,,20/MAR/2025,LK0498U00007,,914925446,1.0,CALC,Unit,CALC.CM
CALI.U0000,CAL FIVE YEAR OPTIMUM FUND (“Units”),Unknown,Main,False,,01/FEB/2024,LK0492U00000,,193904428,1.0,CALI,Unit,CALI.CM
CALU.U0000,CAL THREE YEAR CLOSED END FUND (“Units”),Unknown,Main,False,,19/FEB/2026,LK0511U00007,,841263375,1.0,CALU,Unit,CALU.CM
CALH.N0000,CAPITAL ALLIANCE HOLDINGS PLC,Unknown,Main,False,,30/MAY/2025,LK0504N00007,28179871092.0,2072049345,1.0,CALH,Voting,CALH.CM
CALT.N0000,CAPITAL ALLIANCE PLC,Unknown,Main,False,,15/DEC/2021,LK0477N00006,16536777776.8,329417884,1.0,CALT,Voting,CALT.CM
CARG.N0000,CARGILLS (CEYLON) PLC,Unknown,Main,False,,01/JAN/1946,LK0020N00004,162594648261.0,257677731,1.0,CARG,Voting,CARG.CM
CBNK.N0000,CARGILLS BANK PLC,Unknown,Main,False,,09/JAN/2024,LK0491N00007,9794758578.2,1239842858,1.0,CBNK,Voting,CBNK.CM
CABO.N0000,CARGO BOAT DEVELOPMENT COMPANY PLC,Unknown,Main,False,,01/JAN/1981,LK0021N00002,3516239025.0,18031995,1.0,CABO,Voting,CABO.CM
CARS.N0000,CARSON CUMBERBATCH PLC,Unknown,Main,False,,01/JAN/1967,LK0022N00000,139434708940.0,196386914,1.0,CARS,Voting,CARS.CM
CFIN.N0000,CENTRAL FINANCE COMPANY PLC,Unknown,Main,False,,01/JAN/1969,LK0023N00008,49790627178.0,227354462,1.0,CFIN,Voting,CFIN.CM
CIND.N0000,CENTRAL INDUSTRIES PLC,Unknown,Main,False,,14/AUG/1990,LK0185N00005,5208015293.25,24195193,1.0,CIND,Voting,CIND.CM
CINS.N0000,CEYLINCO HOLDINGS PLC,Unknown,Main,False,,21/APR/1988,LK0176N00004,60000000000.0,20000000,1.0,CINS,Voting,CINS.CM
CINS.X0000,CEYLINCO HOLDINGS PLC,Unknown,Main,False,,21/APR/1988,LK0176X00003,9812550780.0,6414480,1.0,CINS,Non-Voting,CINS.CM
BREW.N0000,CEYLON BEVERAGE HOLDINGS PLC,Unknown,Main,False,,01/JAN/1970,LK0026N00001,64018921522.5,20988090,1.0,BREW,Voting,BREW.CM
CCS.N0000,CEYLON COLD STORES PLC,Unknown,Main,False,,01/JAN/1970,LK0027N00009,117849600000.0,950400000,1.0,CCS,Voting,CCS.CM
GRAN.N0000,CEYLON GRAIN ELEVATORS PLC,Unknown,Main,False,,01/JAN/1984,LK0029N00005,28305000000.0,60000000,1.0,GRAN,Voting,GRAN.CM
GUAR.N0000,CEYLON GUARDIAN INVESTMENT TRUST PLC,Unknown,Main,False,,01/JAN/1951,LK0030N00003,17692816011.0,80057991,1.0,GUAR,Voting,GUAR.CM
CHL.N0000,CEYLON HOSPITALS PLC,Unknown,Main,False,,14/NOV/2003,LK0338N00000,7813629858.0,127050892,1.0,CHL,Voting,CHL.CM
CHL.X0000,CEYLON HOSPITALS PLC,Unknown,Main,False,,14/NOV/2003,LK0338X00009,2038913518.0,40535060,1.0,CHL,Non-Voting,CHL.CM
CHOT.N0000,CEYLON HOTELS CORPORATION PLC,Unknown,Main,False,,01/JAN/1967,LK0032N00009,5688977767.2,180030942,1.0,CHOT,Voting,CHOT.CM
CINV.N0000,CEYLON INVESTMENT PLC,Unknown,Main,False,,01/JAN/1949,LK0033N00007,9768674671.5,97200743,1.0,CINV,Voting,CINV.CM
KZOO.N0000,CEYLON LAND & EQUITY PLC,Unknown,Main,False,,01/JAN/1958,LK0094N00009,8014745378.7,921235101,1.0,KZOO,Voting,KZOO.CM
CTBL.N0000,CEYLON TEA BROKERS PLC,Unknown,Main,False,,16/MAR/2010,LK0362N00000,1951680000.0,182400000,1.0,CTBL,Voting,CTBL.CM
CTC.N0000,CEYLON TOBACCO COMPANY PLC,Unknown,Main,False,,01/JAN/1955,LK0042N00008,337182751800.0,187323751,1.0,CTC,Voting,CTC.CM
CHMX.N0000,CHEMANEX PLC,Unknown,Main,False,,01/JAN/1974,LK0044N00004,2576300303.5,16152353,1.0,CHMX,Voting,CHMX.CM
LLUB.N0000,CHEVRON LUBRICANTS  LANKA  PLC,Unknown,Main,False,,14/OCT/1996,LK0290N00003,47520000000.0,240000000,1.0,LLUB,Voting,LLUB.CM
CWL.N0000,CHRISSWORLD PLC,Unknown,Main,False,,18/MAY/2021,LK0463N00006,543000000.0,30000000,1.0,CWL,Voting,CWL.CM
CIC.N0000,C I C HOLDINGS PLC,Unknown,Main,False,,11/OCT/1964,LK0045N00001,43740000000.0,1458000000,1.0,CIC,Voting,CIC.CM
CIC.X0000,C I C HOLDINGS PLC,Unknown,Main,False,,11/OCT/1964,LK0045X00000,10760040000.0,437400000,1.0,CIC,Non-Voting,CIC.CM
CDB.X0000,CITIZENS DEVELOPMENT BUSINESS FINANCE PLC,Unknown,Main,False,,06/OCT/2010,LK0368X00006,3309973760.0,103436680,1.0,CDB,Non-Voting,CDB.CM
CDB.N0000,CITIZENS DEVELOPMENT BUSINESS FINANCE PLC,Unknown,Main,False,,06/OCT/2010,LK0368N00007,24864147180.0,613929560,1.0,CDB,Voting,CDB.CM
REEF.N0000,CITRUS LEISURE PLC,Unknown,Main,False,,01/JAN/1984,LK0083N00002,2517780240.3,645584677,1.0,REEF,Voting,REEF.CM
CHOU.N0000,CITY HOUSING & REAL ESTATE CO. PLC,Unknown,Main,False,,29/APR/1988,LK0177N00002,,13379850,1.0,CHOU,Voting,CHOU.CM
COOP.N0000,Co-operative Insurance Company PLC,Unknown,Main,False,,30/DEC/2021,LK0481N00008,5782621600.0,1652177600,1.0,COOP,Voting,COOP.CM
PHAR.N0000,COLOMBO CITY HOLDINGS PLC,Unknown,Main,False,,01/JAN/1949,LK0051N00009,4213156670.0,25457140,1.0,PHAR,Voting,PHAR.CM
DOCK.N0000,COLOMBO DOCKYARD PLC,Unknown,Main,False,,01/JAN/1983,LK0047N00007,48810174127.0,395224082,1.0,DOCK,Voting,DOCK.CM
CFI.N0000,COLOMBO FORT INVESTMENTS PLC,Unknown,Main,False,,15/JUN/1986,LK0048N00005,3352369125.0,8939651,1.0,CFI,Voting,CFI.CM
CIT.N0000,COLOMBO INVESTMENT TRUST PLC,Unknown,Main,False,,01/JUN/1987,LK0172N00003,2884323200.0,7210808,1.0,CIT,Voting,CIT.CM
CLND.N0000,COLOMBO LAND AND DEVELOPMENT COMPANY PLC,Unknown,Main,False,,19/MAR/1986,LK0050N00001,9994050400.0,199881008,1.0,CLND,Voting,CLND.CM
COMB.N0000,COMMERCIAL BANK OF CEYLON PLC,Unknown,Main,False,,01/JAN/1970,LK0053N00005,314771631565.25,1556349229,1.0,COMB,Voting,COMB.CM
COMB.X0000,COMMERCIAL BANK OF CEYLON PLC,Unknown,Main,False,,01/JAN/1970,LK0053X00004,18394603605.0,97325945,1.0,COMB,Non-Voting,COMB.CM
COCR.N0000,COMMERCIAL CREDIT AND FINANCE PLC,Unknown,Main,False,,01/JUN/2011,LK0380N00002,36976144931.25,318074365,1.0,COCR,Voting,COCR.CM
COMD.N0000,COMMERCIAL DEVELOPMENT COMPANY PLC,Unknown,Main,False,,01/JAN/1983,LK0054N00003,3597000000.0,12000000,1.0,COMD,Voting,COMD.CM
SOY.N0000,CONVENIENCE FOODS LANKA PLC,Unknown,Main,False,,13/MAY/1992,LK0196N00002,6531250000.0,2750000,1.0,SOY,Voting,SOY.CM
DPL.N0000,DANKOTUWA PORCELAIN PLC,Unknown,Main,False,,21/FEB/1995,LK0235N00008,2389527924.0,162552920,1.0,DPL,Voting,DPL.CM
DFCC.N0000,DFCC BANK PLC,Unknown,Main,False,,01/JAN/1956,LK0055N00000,58029567065.0,450715084,1.0,DFCC,Voting,DFCC.CM
DIAL.N0000,DIALOG AXIATA PLC,Unknown,Main,False,,28/JUL/2005,LK0348N00009,407574840234.2,9200334994,1.0,DIAL,Voting,DIAL.CM
CALF.N0000,DIALOG FINANCE PLC,Unknown,Main,False,,04/OCT/2011,LK0397N00006,15144582714.0,117399866,1.0,CALF,Voting,CALF.CM
DIMO.N0000,DIESEL & MOTOR ENGINEERING PLC,Unknown,Main,False,,01/JAN/1964,LK0056N00008,13801083530.0,9231494,1.0,DIMO,Voting,DIMO.CM
PKME.N0000,DIGITAL MOBILITY SOLUTIONS LANKA PLC,Unknown,Main,False,,03/OCT/2024,LK0495N00008,54748413290.25,333323673,1.0,PKME,Voting,PKME.CM
CTEA.N0000,DILMAH CEYLON TEA COMPANY PLC,Unknown,Main,False,,01/JAN/1982,LK0039N00004,30318225000.0,20737500,1.0,CTEA,Voting,CTEA.CM
DIPD.N0000,DIPPED PRODUCTS PLC,Unknown,Main,False,,01/JAN/1982,LK0057N00006,33522446720.0,598615120,1.0,DIPD,Voting,DIPD.CM
DIST.N0000,DISTILLERIES COMPANY OF SRI LANKA PLC,Unknown,Main,False,,10/AUG/1992,LK0191N00003,254840000000.0,4600000000,1.0,DIST,Voting,DIST.CM
STAF.N0000,DOLPHIN HOTELS PLC,Unknown,Main,False,,01/JAN/1982,LK0158N00002,2656204068.0,63242954,1.0,STAF,Voting,STAF.CM
EBCR.N0000,E B CREASY & COMPANY PLC,Unknown,Main,False,,01/JAN/1968,LK0059N00002,11156015200.0,278900380,1.0,EBCR,Voting,EBCR.CM
EML.N0000,E M L CONSULTANTS PLC,Unknown,Main,False,,27/SEP/2021,LK0470N00001,799920000.0,90900000,1.0,EML,Voting,EML.CM
ECL.N0000,E - CHANNELLING PLC,Unknown,Main,False,,21/MAY/2002,LK0323N00002,1893036932.5,122131415,1.0,ECL,Voting,ECL.CM
EAST.N0000,EAST WEST PROPERTIES PLC,Unknown,Main,False,,01/JAN/1983,LK0060N00000,8543232000.0,138240000,1.0,EAST,Voting,EAST.CM
EMER.N0000,EASTERN MERCHANTS PLC,Unknown,Main,False,,01/JAN/1982,LK0061N00008,1397607400.0,117446000,1.0,EMER,Voting,EMER.CM
EDEN.N0000,EDEN HOTEL LANKA PLC,Unknown,Main,False,,13/DEC/1993,LK0214N00003,16473600000.0,1584000000,1.0,EDEN,Voting,EDEN.CM
ELPL.N0000,ELPITIYA PLANTATIONS PLC,Unknown,Main,False,,08/DEC/2000,LK0315N00008,12933790970.0,72866428,1.0,ELPL,Voting,ELPL.CM
ETWO.N0000,EQUITY TWO PLC,Unknown,Main,False,,21/NOV/1994,LK0228N00003,1922000000.0,31000000,1.0,ETWO,Voting,ETWO.CM
PACK.N0000,Ex-pack Corrugated Cartons PLC,Unknown,Main,False,,10/NOV/2021,LK0473N00005,4033333329.3,333333333,1.0,PACK,Voting,PACK.CM
EXT.N0000,EXTERMINATORS PLC,Unknown,Main,False,,30/MAR/2022,LK0485N00009,687081967.0,52852459,1.0,EXT,Voting,EXT.CM
CFVF.N0000,FIRST CAPITAL HOLDINGS PLC,Unknown,Main,False,,22/AUG/1994,LK0222N00006,19480500000.0,405000000,1.0,CFVF,Voting,CFVF.CM
FCT.N0000,First Capital Treasuries PLC,Unknown,Main,False,,02/MAR/2015,LK0439N00006,18468000000.0,615600000,1.0,FCT,Voting,FCT.CM
GHLL.N0000,GALADARI HOTELS (LANKA) PLC,Unknown,Main,False,,01/JAN/1970,LK0067N00005,8363853718.8,500829564,1.0,GHLL,Voting,GHLL.CM
WAPO.N0000,GALLE FACE CAPITAL PARTNERS PLC,Unknown,Main,False,,21/NOV/2001,LK0317N00004,2591385740.4,118328116,1.0,WAPO,Voting,WAPO.CM
GEST.N0000,GESTETNER OF CEYLON PLC,Unknown,Main,False,,01/JAN/1965,LK0069N00001,906978345.0,2657812,1.0,GEST,Voting,GEST.CM
MEL.N0000,GREENTECH ENERGY PLC,Unknown,Main,False,,25/APR/2012,LK0410N00007,550000000.0,100000000,1.0,MEL,Voting,MEL.CM
HAPU.N0000,HAPUGASTENNE PLANTATIONS PLC,Unknown,Main,False,,25/MAR/1998,LK0285N00003,2561263131.7,46315789,1.0,HAPU,Voting,HAPU.CM
HARI.N0000,HARISCHANDRA MILLS PLC,Unknown,Main,False,,01/JAN/1983,LK0077N00004,10209392600.0,1919600,1.0,HARI,Voting,HARI.CM
HNB.N0000,HATTON NATIONAL BANK PLC,Unknown,Main,False,,01/JAN/1971,LK0078N00002,180520581105.0,460218180,1.0,HNB,Voting,HNB.CM
HNB.X0000,HATTON NATIONAL BANK PLC,Unknown,Main,False,,01/JAN/1971,LK0078X00001,36946308845.0,117103990,1.0,HNB,Non-Voting,HNB.CM
HPL.N0000,HATTON PLANTATIONS PLC,Unknown,Main,False,,02/FEB/2018,LK0457N00008,6035000110.5,236666671,1.0,HPL,Voting,HPL.CM
HAYC.N0000,HAYCARB PLC,Unknown,Main,False,,01/JAN/1975,LK0079N00000,49693947187.5,297123750,1.0,HAYC,Voting,HAYC.CM
MGT.N0000,HAYLEYS FABRIC PLC,Unknown,Main,False,,23/APR/2003,LK0335N00006,12755290523.2,415481776,1.0,MGT,Voting,MGT.CM
HEXP.N0000,HAYLEYS FIBRE PLC,Unknown,Main,False,,17/MAR/1992,LK0192N00001,3816000000.0,24000000,1.0,HEXP,Voting,HEXP.CM
CONN.N0000,HAYLEYS LEISURE PLC,Unknown,Main,False,,11/MAR/1996,LK0281N00002,2904929870.2,107989958,1.0,CONN,Voting,CONN.CM
HAYL.N0000,HAYLEYS PLC,Unknown,Main,False,,01/JAN/1953,LK0080N00008,182850000000.0,795000000,1.0,HAYL,Voting,HAYL.CM
HELA.N0000,HELA APPAREL HOLDINGS PLC,Unknown,Main,False,,07/FEB/2022,LK0484N00002,,1636746787,1.0,HELA,Voting,HELA.CM
HHL.N0000,HEMAS HOLDINGS PLC,Unknown,Main,False,,15/OCT/2003,LK0337N00002,94373527972.5,2995985015,1.0,HHL,Voting,HHL.CM
CITH.N0000,HIKKADUWA BEACH RESORT PLC,Unknown,Main,False,,17/DEC/2012,LK0420N00006,2713317655.0,542663531,1.0,CITH,Voting,CITH.CM
HNBF.N0000,HNB FINANCE PLC,Unknown,Main,False,,08/JAN/2020,LK0460N00002,18052850011.6,2099168606,1.0,HNBF,Voting,HNBF.CM
HNBF.X0000,HNB FINANCE PLC,Unknown,Main,False,,08/JAN/2020,LK0460X00001,3170859998.4,440397222,1.0,HNBF,Non-Voting,HNBF.CM
HASU.N0000,HNB LIFE PLC,Unknown,Main,False,,28/NOV/2003,LK0340N00006,22050000000.0,150000000,1.0,HASU,Voting,HASU.CM
HOPL.N0000,HORANA PLANTATIONS PLC,Unknown,Main,False,,12/FEB/1996,LK0252N00003,1425000000.0,25000000,1.0,HOPL,Voting,HOPL.CM
HSIG.N0000,HOTEL SIGIRIYA PLC,Unknown,Main,False,,01/JAN/1981,LK0085N00007,1265544000.0,17577000,1.0,HSIG,Voting,HSIG.CM
HDFC.N0000,HOUSING DEVELOPMENT FINANCE CORPORATION BANK OF SL,Unknown,Main,False,,12/NOV/2003,LK0339N00008,4432670620.0,64710520,1.0,HDFC,Voting,HDFC.CM
HBS.N0000,hSenid Business Solutions PLC,Unknown,Main,False,,21/DEC/2021,LK0476N00008,6990872728.0,285341744,1.0,HBS,Voting,HBS.CM
HUNA.N0000,HUNAS HOLDINGS PLC,Unknown,Main,False,,18/OCT/1993,LK0210N00001,13159965000.0,849030000,1.0,HUNA,Voting,HUNA.CM
HUNT.N0000,HUNTER & COMPANY PLC,Unknown,Main,False,,01/JAN/1947,LK0087N00003,7717500000.0,5145000,1.0,HUNT,Voting,HUNT.CM
HVA.N0000,HVA FOODS PLC,Unknown,Main,False,,15/FEB/2011,LK0374N00005,1393799271.6,244526188,1.0,HVA,Voting,HVA.CM
ASPH.N0000,INDUSTRIAL ASPHALTS (CEYLON) PLC,Unknown,Main,False,,01/JAN/1978,LK0089N00009,2249646750.0,3749411250,1.0,ASPH,Voting,ASPH.CM
INME.N0000,INSUREME INSURANCE BROKERS PLC,Unknown,Main,False,,28/NOV/2025,LK0507N00000,3714936675.0,2055290,1.0,INME,Voting,INME.CM
BFN.N0000,JANASHAKTHI FINANCE PLC,Unknown,Main,False,,30/JUN/2011,LK0391N00009,7494091002.5,211101155,1.0,BFN,Voting,BFN.CM
JINS.N0000,JANASHAKTHI INSURANCE PLC,Unknown,Main,False,,21/JUL/2008,LK0356N00002,29629620812.4,679578459,1.0,JINS,Voting,JINS.CM
JXG.N0000,JANASHAKTHI LIMITED,Unknown,Main,False,,29/APR/2026,LK0513N00008,26680000000.0,2300000000,1.0,JXG,Voting,JXG.CM
JAT.N0000,JAT HOLDINGS PLC,Unknown,Main,False,,12/AUG/2021,LK0469N00003,19330149612.0,522436476,1.0,JAT,Voting,JAT.CM
JETS.N0000,JETWING SYMPHONY PLC,Unknown,Main,False,,05/JAN/2018,LK0455N00002,8430639826.0,602188559,1.0,JETS,Voting,JETS.CM
JFP.N0000,JF PACKAGING PLC,Unknown,Main,False,,19/NOV/2025,LK0506N00002,2564751065.6,172130944,1.0,JFP,Voting,JFP.CM
JKH.N0000,JOHN KEELLS HOLDINGS PLC,Unknown,Main,False,,23/OCT/1986,LK0092N00003,351135360892.8,17734109136,1.0,JKH,Voting,JKH.CM
KHL.N0000,JOHN KEELLS HOTELS PLC,Unknown,Main,False,,17/SEP/2004,LK0343N00000,25045724616.0,1456146780,1.0,KHL,Voting,KHL.CM
JKL.N0000,JOHN KEELLS PLC,Unknown,Main,False,,01/JAN/1974,LK0093N00001,4882240000.0,60800000,1.0,JKL,Voting,JKL.CM
KAHA.N0000,KAHAWATTE  PLANTATIONS  PLC,Unknown,Main,False,,02/DEC/1998,LK0297N00008,1660091739.7,99406691,1.0,KAHA,Voting,KAHA.CM
KPHL.N0000,KAPRUKA HOLDINGS PLC,Unknown,Main,False,,07/JAN/2022,LK0482N00006,3118476840.0,164130360,1.0,KPHL,Voting,KPHL.CM
KFP.N0000,KEELLS FOOD PRODUCTS PLC,Unknown,Main,False,,01/JAN/1983,LK0101N00002,4335000000.0,25500000,1.0,KFP,Voting,KFP.CM
KGAL.N0000,KEGALLE  PLANTATIONS  PLC,Unknown,Main,False,,08/JAN/1996,LK0247N00003,3375000000.0,25000000,1.0,KGAL,Voting,KGAL.CM
KCAB.N0000,KELANI CABLES PLC,Unknown,Main,False,,01/JAN/1974,LK0102N00000,22781000000.0,218000000,1.0,KCAB,Voting,KCAB.CM
TYRE.N0000,KELANI TYRES PLC,Unknown,Main,False,,28/JAN/1994,LK0216N00008,7075200000.0,80400000,1.0,TYRE,Voting,TYRE.CM
KVAL.N0000,KELANI VALLEY PLANTATIONS PLC,Unknown,Main,False,,18/JAN/1996,LK0249N00009,5759600000.0,68000000,1.0,KVAL,Voting,KVAL.CM
KDL.N0000,KELSEY DEVELOPMENTS PLC,Unknown,Main,False,,01/JAN/1984,LK0100N00004,,17429274,1.0,KDL,Voting,KDL.CM
CPRT.N0000,KERNER HAUS GLOBAL SOLUTIONS PLC,Unknown,Main,False,,01/JAN/1974,LK0036N00000,1470416500.0,42011900,1.0,CPRT,Voting,CPRT.CM
KOTA.N0000,KOTAGALA PLANTATIONS PLC,Unknown,Main,False,,12/DEC/1995,LK0244N00000,3469753125.0,423140625,1.0,KOTA,Voting,KOTA.CM
LAMB.N0000,KOTMALE HOLDINGS PLC,Unknown,Main,False,,01/JAN/1969,LK0107N00009,38653400000.0,31400000,1.0,LAMB,Voting,LAMB.CM
LFIN.N0000,LB FINANCE PLC,Unknown,Main,False,,30/DEC/1997,LK0301N00008,88926170328.0,554057136,1.0,LFIN,Voting,LFIN.CM
LPRT.N0000,LAKE HOUSE PRINTERS & PUBLISHERS PLC,Unknown,Main,False,,01/JAN/1975,LK0106N00001,2022293182.5,2937245,1.0,LPRT,Voting,LPRT.CM
LALU.N0000,LANKA ALUMINIUM INDUSTRIES PLC,Unknown,Main,False,,20/APR/1987,LK0108N00007,2925552710.5,68514115,1.0,LALU,Voting,LALU.CM
ASHO.N0000,LANKA ASHOK LEYLAND PLC,Unknown,Main,False,,01/JAN/1983,LK0109N00005,9835114798.75,3620843,1.0,ASHO,Voting,ASHO.CM
CERA.N0000,LANKA CERAMIC PLC,Unknown,Main,False,,07/APR/1993,LK0206N00009,1020000000.0,6000000,1.0,CERA,Voting,CERA.CM
LCBF.N0000,LANKA CREDIT AND BUSINESS FINANCE PLC,Unknown,Main,False,,16/NOV/2021,LK0474N00003,4820029558.0,790168780,1.0,LCBF,Voting,LCBF.CM
LIOC.N0000,LANKA IOC PLC,Unknown,Main,False,,22/DEC/2004,LK0345N00005,72415335880.0,532465705,1.0,LIOC,Voting,LIOC.CM
LMF.N0000,LANKA MILK FOODS (CWE) PLC,Unknown,Main,False,,01/JAN/1983,LK0112N00009,33878306000.0,399980000,1.0,LMF,Voting,LMF.CM
ASCO.N0000,LANKA REALTY INVESTMENTS PLC,Unknown,Main,False,,01/JAN/1969,LK0008N00009,11139221555.6,211370428,1.0,ASCO,Voting,ASCO.CM
TILE.N0000,LANKA TILES PLC,Unknown,Main,False,,01/JUN/1986,LK0114N00005,11618039790.0,265252050,1.0,TILE,Voting,TILE.CM
LVEN.N0000,LANKA VENTURES PLC,Unknown,Main,False,,08/JUN/1995,LK0240N00008,3015398984.4,58324932,1.0,LVEN,Voting,LVEN.CM
LWL.N0000,LANKA WALLTILE PLC,Unknown,Main,False,,13/JUN/1994,LK0219N00002,12012000000.0,273000000,1.0,LWL,Voting,LWL.CM
LCEY.N0000,LANKEM CEYLON PLC,Unknown,Main,False,,01/JAN/1970,LK0115N00002,5696097108.0,137255352,1.0,LCEY,Voting,LCEY.CM
LDEV.N0000,LANKEM DEVELOPMENTS PLC,Unknown,Main,False,,01/JAN/1975,LK0116N00000,2976000000.0,160000000,1.0,LDEV,Voting,LDEV.CM
LGL.X0000,LAUGFS GAS PLC,Unknown,Main,False,,08/DEC/2010,LK0371X00000,2028000000.0,52000000,1.0,LGL,Non-Voting,LGL.CM
LGL.N0000,LAUGFS GAS PLC,Unknown,Main,False,,08/DEC/2010,LK0371N00001,17319504446.2,335000086,1.0,LGL,Voting,LGL.CM
LPL.N0000,LAUGFS POWER PLC,Unknown,Main,False,,30/OCT/2019,LK0459N00004,3651500937.4,335000086,1.0,LPL,Voting,LPL.CM
LPL.X0000,LAUGFS POWER PLC,Unknown,Main,False,,30/OCT/2019,LK0459X00003,462800000.0,52000000,1.0,LPL,Non-Voting,LPL.CM
LITE.N0000,LAXAPANA PLC,Unknown,Main,False,,01/JAN/1982,LK0063N00004,2781447438.0,66224939,1.0,LITE,Voting,LITE.CM
SHAW.N0000,LEE HEDGES PLC,Unknown,Main,False,,01/JAN/1954,LK0152N00005,7680819000.0,25602730,1.0,SHAW,Voting,SHAW.CM
LION.N0000,LION BREWERY (CEYLON) PLC,Unknown,Main,False,,22/JAN/1997,LK0291N00001,138180000000.0,80000000,1.0,LION,Voting,LION.CM
LOFC.N0000,LOLC FINANCE PLC,Unknown,Main,False,,07/JUL/2011,LK0392N00007,147800735805.0,29560147161,1.0,LOFC,Voting,LOFC.CM
LGIL.N0000,LOLC GENERAL INSURANCE PLC,Unknown,Main,False,,31/DEC/2021,LK0480N00000,9000000000.0,1200000000,1.0,LGIL,Voting,LGIL.CM
LOLC.N0000,L O L C HOLDINGS PLC,Unknown,Main,False,,01/JAN/1982,LK0113N00007,231897600000.0,475200000,1.0,LOLC,Voting,LOLC.CM
HPFL.N0000,LOTUS HYDRO POWER PLC,Unknown,Main,False,,25/NOV/2010,LK0370N00003,1494507134.4,109088112,1.0,HPFL,Voting,HPFL.CM
LUMX.N0000,LUMINEX PLC,Unknown,Main,False,,23/JUN/2022,LK0487N00005,2739625000.0,271250000,1.0,LUMX,Voting,LUMX.CM
LVEF.N0000,L V L ENERGY FUND PLC,Unknown,Main,False,,09/JAN/2018,LK0456N00000,5364471952.0,766353136,1.0,LVEF,Voting,LVEF.CM
MADU.N0000,MADULSIMA  PLANTATIONS  PLC,Unknown,Main,False,,06/JUL/1998,LK0251N00005,1745861299.1,169501097,1.0,MADU,Voting,MADU.CM
MFPE.N0000,MAHARAJA FOODS PLC,Unknown,Main,False,,26/JUL/2024,LK0493N00003,2310000000.0,137500000,1.0,MFPE,Voting,MFPE.CM
MCPL.N0000,MAHAWELI COCONUT PLANTATIONS PLC,Unknown,Main,False,,03/JUN/2019,LK0458N00006,1732307692.5,34996115,1.0,MCPL,Voting,MCPL.CM
MRH.N0000,MAHAWELI REACH HOTELS PLC,Unknown,Main,False,,01/JAN/1982,LK0118N00006,800129599.0,47066447,1.0,MRH,Voting,MRH.CM
MAL.N0000,MALWATTE VALLEY PLANTATION PLC,Unknown,Main,False,,26/JUL/2000,LK0313N00003,11538883633.9,202792331,1.0,MAL,Voting,MAL.CM
MAL.X0000,MALWATTE VALLEY PLANTATION PLC,Unknown,Main,False,,26/JUL/2000,LK0313X00002,830277060.0,20250660,1.0,MAL,Non-Voting,MAL.CM
MARA.N0000,MARAWILA  RESORTS  PLC,Unknown,Main,False,,18/JUN/1997,LK0292N00009,2041155656.2,351923389,1.0,MARA,Voting,MARA.CM
MASK.N0000,MASKELIYA PLANTATIONS PLC,Unknown,Main,False,,05/NOV/1997,LK0250N00007,3620279111.9,53953489,1.0,MASK,Voting,MASK.CM
MELS.N0000,MELSTACORP PLC,Unknown,Main,False,,30/DEC/2016,LK0450N00003,211810917836.0,1165397072,1.0,MELS,Voting,MELS.CM
MERC.N0000,MERCANTILE INVESTMENTS AND FINANCE PLC,Unknown,Main,False,,02/JUN/2011,LK0379N00004,15865000000.0,634600000,1.0,MERC,Voting,MERC.CM
MSL.N0000,MERCANTILE SHIPPING COMPANY PLC,Unknown,Main,False,,01/JAN/1983,LK0121N00000,541970595.0,2844990,1.0,MSL,Voting,MSL.CM
MBSL.N0000,MERCHANT BANK OF SRI LANKA & FINANCE PLC,Unknown,Main,False,,04/JAN/1991,LK0186N00003,5612574115.9,524539637,1.0,MBSL,Voting,MBSL.CM
MHDL.N0000,MILLENNIUM HOUSING DEVELOPERS PLC,Unknown,Main,False,,19/FEB/2014,LK0425N00005,1077450560.0,134681320,1.0,MHDL,Voting,MHDL.CM
MULL.N0000,MULLER & PHIPPS (CEYLON) PLC,Unknown,Main,False,,01/JAN/1965,LK0126N00009,594300000.0,283000000,1.0,MULL,Voting,MULL.CM
MDL.N0000,MYLAND DEVELOPMENTS PLC,Unknown,Main,False,,28/DEC/2021,LK0478N00004,746750000.0,36250000,1.0,MDL,Voting,MDL.CM
NAVF.U0000,NAMAL ACUITY VALUE FUND,Unknown,Main,False,,12/OCT/2009,LK0359U00001,,10751200,1.0,NAVF,Unit,NAVF.CM
NAMU.N0000,NAMUNUKULA PLANTATIONS PLC,Unknown,Main,False,,10/MAR/1999,LK0295N00002,15888750000.0,237500000,1.0,NAMU,Voting,NAMU.CM
CSF.N0000,NATION LANKA FINANCE PLC,Unknown,Main,False,,13/JUN/1994,LK0218N00004,,6996774035,1.0,CSF,Voting,CSF.CM
NDB.N0000,NATIONAL DEVELOPMENT BANK PLC,Unknown,Main,False,,26/APR/1993,LK0207N00007,47541761740.0,432197834,1.0,NDB,Voting,NDB.CM
NTB.X0000,NATIONS TRUST BANK PLC,Unknown,Main,False,,03/MAY/1999,LK0309X00000,18670583079.0,44935218,1.0,NTB,Non-Voting,NTB.CM
NTB.N0000,NATIONS TRUST BANK PLC,Unknown,Main,False,,03/MAY/1999,LK0309N00001,89792994315.0,288491548,1.0,NTB,Voting,NTB.CM
NHL.N0000,NAWALOKA HOSPITALS PLC,Unknown,Main,False,,09/SEP/2004,LK0342N00002,19169276105.6,1409505596,1.0,NHL,Voting,NHL.CM
ODEL.N0000,ODEL PLC,Unknown,Main,False,,04/AUG/2010,LK0366N00001,6352765221.2,538369934,1.0,ODEL,Voting,ODEL.CM
OFEQ.N0000,OFFICE EQUIPMENT PLC,Unknown,Main,False,,01/JAN/1974,LK0132N00007,421781360.0,833560,1.0,OFEQ,Voting,OFEQ.CM
ONAL.N0000,ON'ALLY HOLDINGS PLC,Unknown,Main,False,,20/OCT/1988,LK0180N00006,4464148176.0,93003087,1.0,ONAL,Voting,ONAL.CM
OSEA.N0000,OVERSEAS REALTY (CEYLON) PLC,Unknown,Main,False,,01/JAN/1982,LK0133N00005,60659843601.6,1243029582,1.0,OSEA,Voting,OSEA.CM
PALM.N0000,PALM GARDEN HOTELS PLC,Unknown,Main,False,,08/MAR/1993,LK0208N00005,24510755500.0,475937000,1.0,PALM,Voting,PALM.CM
PABC.N0000,PAN ASIA BANKING CORPORATION PLC,Unknown,Main,False,,05/APR/2005,LK0346N00003,22570643079.0,442561629,1.0,PABC,Voting,PABC.CM
PAP.N0000,PANASIAN POWER PLC,Unknown,Main,False,,07/JAN/2011,LK0372N00009,9937500000.0,625000000,1.0,PAP,Voting,PAP.CM
PARA.N0000,PARAGON CEYLON PLC,Unknown,Main,False,,01/JAN/1974,LK0134N00003,680190400.0,1000280,1.0,PARA,Voting,PARA.CM
PEG.N0000,PEGASUS HOTELS OF CEYLON PLC,Unknown,Main,False,,01/JAN/1970,LK0136N00008,1646208330.0,42210470,1.0,PEG,Voting,PEG.CM
PINS.N0000,PEOPLE'S INSURANCE PLC,Unknown,Main,False,,12/JAN/2016,LK0445N00003,5416623914.8,203632478,1.0,PINS,Voting,PINS.CM
PLC.N0000,PEOPLE'S LEASING & FINANCE PLC,Unknown,Main,False,,24/NOV/2011,LK0399N00002,46981426077.0,2269634110,1.0,PLC,Voting,PLC.CM
GLAS.N0000,PGP GLASS CEYLON PLC,Unknown,Main,False,,05/SEP/1994,LK0223N00004,55104992640.0,950086080,1.0,GLAS,Voting,GLAS.CM
PMB.N0000,PMF FINANCE PLC,Unknown,Main,False,,11/JUL/1994,LK0221N00008,4620439950.0,405301750,1.0,PMB,Voting,PMB.CM
PLR.N0000,PRIME LANDS RESIDENCIES PLC,Unknown,Main,False,,08/JUN/2021,LK0465N00001,39000000000.0,937500000,1.0,PLR,Voting,PLR.CM
CARE.N0000,PRINTCARE PLC,Unknown,Main,False,,02/MAY/1995,LK0241N00006,3438666800.0,85966670,1.0,CARE,Voting,CARE.CM
RIL.N0000,R I L PROPERTY PLC,Unknown,Main,False,,04/MAY/2017,LK0452N00009,19360000000.0,800000000,1.0,RIL,Voting,RIL.CM
RGEM.N0000,RADIANT GEMS INTERNATIONAL PLC,Unknown,Main,False,,01/JAN/1983,LK0140N00000,343200000.0,2400000,1.0,RGEM,Voting,RGEM.CM
RWSL.N0000,RAIGAM WAYAMBA SALTERNS PLC,Unknown,Main,False,,29/APR/2010,LK0363N00008,5107952492.0,282207320,1.0,RWSL,Voting,RWSL.CM
RFL.N0000,RAMBODA FALLS PLC,Unknown,Main,False,,18/JUN/2012,LK0415N00006,492000000.0,20000000,1.0,RFL,Voting,RFL.CM
RAL.N0000,RENUKA AGRI FOODS PLC,Unknown,Main,False,,04/JAN/2010,LK0361N00002,8707239424.5,798829305,1.0,RAL,Voting,RAL.CM
RENU.N0000,RENUKA CITY HOTELS PLC.,Unknown,Main,False,,19/OCT/1992,LK0201N00000,5426750000.0,7000000,1.0,RENU,Voting,RENU.CM
COCO.N0000,RENUKA FOODS PLC,Unknown,Main,False,,06/JUN/1994,LK0220N00000,8856261596.4,360010634,1.0,COCO,Voting,COCO.CM
COCO.X0000,RENUKA FOODS PLC,Unknown,Main,False,,06/JUN/1994,LK0220X00009,305424240.0,14613600,1.0,COCO,Non-Voting,COCO.CM
RHL.X0000,RENUKA HOLDINGS PLC,Unknown,Main,False,,10/MAR/2008,LK0355X00003,847060165.0,24201719,1.0,RHL,Non-Voting,RHL.CM
RHL.N0000,RENUKA HOLDINGS PLC,Unknown,Main,False,,10/MAR/2008,LK0355N00004,7281483924.0,165488271,1.0,RHL,Voting,RHL.CM
RCH.N0000,RENUKA HOTELS PLC,Unknown,Main,False,,21/NOV/2017,LK0454N00005,8663968950.0,40297530,1.0,RCH,Voting,RCH.CM
HPWR.N0000,RESUS ENERGY PLC,Unknown,Main,False,,08/OCT/2009,LK0360N00004,3792132388.0,430924135,1.0,HPWR,Voting,HPWR.CM
RICH.N0000,RICHARD PIERIS AND COMPANY PLC,Unknown,Main,False,,01/JAN/1951,LK0143N00004,62475675042.5,2035038275,1.0,RICH,Voting,RICH.CM
REXP.N0000,RICHARD PIERIS EXPORTS PLC,Unknown,Main,False,,11/OCT/1993,LK0209N00003,3901728877.5,11163745,1.0,REXP,Voting,REXP.CM
RCL.N0000,ROYAL CERAMICS LANKA PLC,Unknown,Main,False,,03/MAY/1994,LK0217N00006,48304171424.0,1107893840,1.0,RCL,Voting,RCL.CM
RPBH.N0000,ROYAL PALMS BEACH HOTELS PLC,Unknown,Main,False,,15/JUN/1998,LK0307N00005,2500000000.0,50000000,1.0,RPBH,Voting,RPBH.CM
SAMP.N0000,SAMPATH BANK PLC,Unknown,Main,False,,10/JUN/1987,LK0090N00007,160660004120.0,1172700760,1.0,SAMP,Voting,SAMP.CM
SIL.N0000,SAMSON INTERNATIONAL PLC,Unknown,Main,False,,22/MAR/1993,LK0205N00001,2204215498.25,4232771,1.0,SIL,Voting,SIL.CM
SDB.N0000,SANASA DEVELOPMENT BANK PLC,Unknown,Main,False,,31/MAY/2012,LK0412N00003,8553074337.4,164166494,1.0,SDB,Voting,SDB.CM
SDF.N0000,SARVODAYA DEVELOPMENT FINANCE PLC,Unknown,Main,False,,14/DEC/2021,LK0475N00000,5834246028.0,149596052,1.0,SDF,Voting,SDF.CM
SMOT.N0000,SATHOSA MOTORS PLC,Unknown,Main,False,,08/NOV/1993,LK0211N00009,7394203761.0,6033622,1.0,SMOT,Voting,SMOT.CM
COF.U0000,SENFIN SECURITIES LIMITED,Unknown,Main,False,,01/DEC/2015,LK0441U00007,,50495900,1.0,COF,Unit,COF.CM
SFCL.N0000,SENKADAGALA FINANCE COMPANY PLC,Unknown,Main,False,,22/MAR/2011,LK0350N00005,34425653880.0,90593826,1.0,SFCL,Voting,SFCL.CM
SHOT.X0000,SERENDIB HOTELS PLC,Unknown,Main,False,,01/JAN/1973,LK0149X00000,1814957222.4,144044224,1.0,SHOT,Non-Voting,SHOT.CM
SHOT.N0000,SERENDIB HOTELS PLC,Unknown,Main,False,,01/JAN/1973,LK0149N00001,4863149127.2,302058952,1.0,SHOT,Voting,SHOT.CM
SLND.N0000,SERENDIB LAND PLC,Unknown,Main,False,,01/JAN/1983,LK0150N00009,1359770827.5,398906,1.0,SLND,Voting,SLND.CM
SEYB.X0000,SEYLAN BANK PLC,Unknown,Main,False,,05/JAN/1989,LK0182X00001,21807086268.0,330410398,1.0,SEYB,Non-Voting,SEYB.CM
SEYB.N0000,SEYLAN BANK PLC,Unknown,Main,False,,05/JAN/1989,LK0182N00002,30493170006.3,305236937,1.0,SEYB,Voting,SEYB.CM
CSD.N0000,SEYLAN DEVELOPMENTS PLC,Unknown,Main,False,,08/FEB/1995,LK0234N00001,3576020428.8,139688298,1.0,CSD,Voting,CSD.CM
SIRA.N0000,SIERRA CABLES PLC,Unknown,Main,False,,22/NOV/2005,LK0351N00003,14459084367.0,537512430,1.0,SIRA,Voting,SIRA.CM
SIGV.N0000,SIGIRIYA VILLAGE HOTELS PLC,Unknown,Main,False,,01/JAN/1980,LK0154N00001,1215000000.0,90000000,1.0,SIGV,Voting,SIGV.CM
SINS.N0000,SINGER (SRI LANKA) PLC,Unknown,Main,False,,01/JAN/1981,LK0156N00006,84068489664.0,1167617912,1.0,SINS,Voting,SINS.CM
SFIN.N0000,SINGER FINANCE LANKA PLC,Unknown,Main,False,,17/JAN/2011,LK0373N00007,13864807464.7,277851853,1.0,SFIN,Voting,SFIN.CM
SINH.N0000,SINGHE HOSPITALS PLC,Unknown,Main,False,,21/APR/2015,LK0440N00004,9661140048.0,431300895,1.0,SINH,Voting,SINH.CM
SEMB.N0000,SMB FINANCE PLC,Unknown,Main,False,,20/DEC/1993,LK0215N00000,6470375048.0,6470375048,1.0,SEMB,Voting,SEMB.CM
SEMB.X0000,SMB FINANCE PLC,Unknown,Main,False,,20/DEC/1993,LK0215X00009,616320742.4,3081603712,1.0,SEMB,Non-Voting,SEMB.CM
SCAP.N0000,SOFTLOGIC CAPITAL PLC,Unknown,Main,False,,21/SEP/2011,LK0396N00008,11042215360.0,977187200,1.0,SCAP,Voting,SCAP.CM
CRL.N0000,SOFTLOGIC FINANCE PLC,Unknown,Main,False,,22/JAN/2009,LK0358N00008,5486667188.7,962573191,1.0,CRL,Voting,CRL.CM
SHL.N0000,SOFTLOGIC HOLDINGS PLC,Unknown,Main,False,,12/JUL/2011,LK0386N00009,12696847608.9,1395257979,1.0,SHL,Voting,SHL.CM
AAIC.N0000,SOFTLOGIC LIFE INSURANCE PLC,Unknown,Main,False,,24/NOV/2000,LK0314N00001,27084375000.0,316406250,1.0,AAIC,Voting,AAIC.CM
SLTL.N0000,SRI LANKA TELECOM PLC,Unknown,Main,False,,14/JAN/2003,LK0312N00005,159008166000.0,1804860000,1.0,SLTL,Voting,SLTL.CM
SING.N0000,STANDARD CAPITAL PLC,Unknown,Main,False,,01/JAN/1983,LK0155N00008,,5540828,1.0,SING,Voting,SING.CM
SUN.N0000,SUNSHINE HOLDINGS PLC,Unknown,Main,False,,01/JAN/1983,LK0160N00008,59627203834.8,1967894516,1.0,SUN,Voting,SUN.CM
SWAD.N0000,SWADESHI INDUSTRIAL WORKS  PLC,Unknown,Main,False,,01/JAN/1970,LK0161N00006,2255413632.25,149333,1.0,SWAD,Voting,SWAD.CM
PARQ.N0000,SWISSTEK (CEYLON) PLC,Unknown,Main,False,,01/JAN/1983,LK0135N00000,9525456000.0,136860000,1.0,PARQ,Voting,PARQ.CM
TAJ.N0000,TAL LANKA HOTELS PLC,Unknown,Main,False,,01/JAN/1982,LK0162N00004,5723138399.4,171866018,1.0,TAJ,Voting,TAJ.CM
TPL.N0000,TALAWAKELLE TEA ESTATES PLC,Unknown,Main,False,,11/JAN/2000,LK0311N00007,6911250000.0,47500000,1.0,TPL,Voting,TPL.CM
TANG.N0000,TANGERINE BEACH HOTELS PLC,Unknown,Main,False,,01/JAN/1983,LK0163N00002,2160000000.0,20000000,1.0,TANG,Voting,TANG.CM
TSML.N0000,TEA SMALLHOLDER FACTORIES PLC,Unknown,Main,False,,01/AUG/1996,LK0284N00006,1134000000.0,30000000,1.0,TSML,Voting,TSML.CM
TJL.N0000,TEEJAY LANKA PLC,Unknown,Main,False,,09/AUG/2011,LK0394N00003,22509481425.6,721457738,1.0,TJL,Voting,TJL.CM
TESS.N0000,TESS AGRO PLC,Unknown,Main,False,,31/DEC/2002,LK0333N00001,1218713488.2,677063049,1.0,TESS,Voting,TESS.CM
TESS.X0000,TESS AGRO PLC,Unknown,Main,False,,31/DEC/2002,LK0333X00000,93333333.8,66666667,1.0,TESS,Non-Voting,TESS.CM
AUTO.N0000,THE AUTODROME PLC,Unknown,Main,False,,01/JAN/1975,LK0015N00004,3894000000.0,12000000,1.0,AUTO,Voting,AUTO.CM
CFLB.N0000,THE COLOMBO FORT LAND AND BUILDING PLC,Unknown,Main,False,,01/JAN/1970,LK0049N00003,15552000000.0,240000000,1.0,CFLB,Voting,CFLB.CM
RHTL.N0000,THE FORTRESS RESORTS PLC,Unknown,Main,False,,30/MAR/1999,LK0308N00003,2661280416.0,110886684,1.0,RHTL,Voting,RHTL.CM
KHC.N0000,THE KANDY HOTELS COMPANY (1938) PLC,Unknown,Main,False,,01/JAN/1970,LK0095N00006,10560329542.0,754309253,1.0,KHC,Voting,KHC.CM
SERV.N0000,THE KINGSBURY PLC,Unknown,Main,False,,01/JAN/1982,LK0084N00000,7066400000.0,484000000,1.0,SERV,Voting,SERV.CM
LHCL.N0000,THE LANKA HOSPITALS CORPORATION PLC,Unknown,Main,False,,10/JAN/2003,LK0318N00002,26512262026.5,223732169,1.0,LHCL,Voting,LHCL.CM
LHL.N0000,THE  LIGHTHOUSE  HOTEL  PLC,Unknown,Main,False,,29/AUG/1997,LK0300N00000,3224600000.0,46000000,1.0,LHL,Voting,LHL.CM
NEH.N0000,THE NUWARA ELIYA HOTELS COMPANY PLC,Unknown,Main,False,,01/JAN/1974,LK0130N00001,9393960390.0,2186040,1.0,NEH,Voting,NEH.CM
TAFL.N0000,THREE ACRE FARMS PLC,Unknown,Main,False,,20/MAR/1995,LK0236N00006,13762052500.0,23545000,1.0,TAFL,Voting,TAFL.CM
TKYO.N0000,TOKYO CEMENT COMPANY (LANKA) PLC,Unknown,Main,False,,01/JAN/1984,LK0165N00007,24698520000.0,294030000,1.0,TKYO,Voting,TKYO.CM
TKYO.X0000,TOKYO CEMENT COMPANY (LANKA) PLC,Unknown,Main,False,,01/JAN/1984,LK0165X00006,9908811000.0,147015000,1.0,TKYO,Non-Voting,TKYO.CM
TRAN.N0000,TRANS ASIA HOTELS PLC,Unknown,Main,False,,01/JAN/1983,LK0166N00005,9600000000.0,200000000,1.0,TRAN,Voting,TRAN.CM
UBF.N0000,UB FINANCE PLC,Unknown,Main,False,,14/AUG/2023,LK0488N00003,7310516344.1,3178485367,1.0,UBF,Voting,UBF.CM
UDPL.N0000,UDAPUSSELLAWA  PLANTATIONS PLC,Unknown,Main,False,,04/MAY/1998,LK0287N00009,2774035550.0,19398850,1.0,UDPL,Voting,UDPL.CM
UAL.N0000,UNION ASSURANCE PLC,Unknown,Main,False,,29/JUL/1988,LK0179N00008,41250000400.0,589285720,1.0,UAL,Voting,UAL.CM
UBC.N0000,UNION BANK OF COLOMBO PLC,Unknown,Main,False,,29/MAR/2011,LK0306N00007,13002700056.0,1083558338,1.0,UBC,Voting,UBC.CM
UCAR.N0000,UNION CHEMICALS LANKA PLC,Unknown,Main,False,,01/AUG/1988,LK0178N00000,3831750000.0,1500000,1.0,UCAR,Voting,UCAR.CM
UML.N0000,UNITED MOTORS LANKA PLC,Unknown,Main,False,,05/DEC/1989,LK0183N00000,27949473402.0,1009006260,1.0,UML,Voting,UML.CM
VFIN.N0000,VALLIBEL FINANCE PLC,Unknown,Main,False,,04/MAY/2010,LK0364N00006,24184007347.5,264885075,1.0,VFIN,Voting,VFIN.CM
VONE.N0000,VALLIBEL ONE PLC,Unknown,Main,False,,08/JUL/2011,LK0389N00003,103641323604.0,1138915644,1.0,VONE,Voting,VONE.CM
VPEL.N0000,VALLIBEL POWER ERATHNA PLC,Unknown,Main,False,,16/MAY/2006,LK0352N00001,11580200830.5,747109731,1.0,VPEL,Voting,VPEL.CM
VLL.X0000,VIDULLANKA PLC,Unknown,Main,False,,10/JUN/2005,LK0347X00000,1420564847.5,82113575,1.0,VLL,Non-Voting,VLL.CM
VLL.N0000,VIDULLANKA PLC,Unknown,Main,False,,10/JUN/2005,LK0347N00001,20790013804.4,953670358,1.0,VLL,Voting,VLL.CM
CITW.N0000,WASKADUWA BEACH RESORT PLC,Unknown,Main,False,,03/JAN/2012,LK0405N00007,1592362779.6,936683988,1.0,CITW,Voting,CITW.CM
WATA.N0000,WATAWALA  PLANTATIONS  PLC,Unknown,Main,False,,01/DEC/1997,LK0246N00005,44016319044.5,1016543165,1.0,WATA,Voting,WATA.CM
WLTH.N0000,WEALTHTRUST SECURITIES PLC,Unknown,Main,False,,07/JAN/2026,LK0510N00004,14823140561.9,1225052939,1.0,WLTH,Voting,WLTH.CM
WIND.N0000,WINDFORCE PLC,Unknown,Main,False,,22/APR/2021,LK0461N00000,55426366660.1,1355167889,1.0,WIND,Voting,WIND.CM
YORK.N0000,YORK ARCADE HOLDINGS PLC,Unknown,Main,False,,01/MAY/1985,LK0171N00005,2115000000.0,150000000,1.0,YORK,Voting,YORK.CM
