observation_date,DEXSLUS
01/04/2010,114.4
01/05/2010,114.3
01/06/2010,114.3
01/07/2010,114.27
01/08/2010,114.35
01/11/2010,114.3
01/12/2010,114.25
01/13/2010,114.35
01/14/2010,114.35
01/15/2010,114.2
01/18/2010,
01/19/2010,114.2
01/20/2010,114.35
01/21/2010,114.35
01/22/2010,114.3
01/25/2010,114.35
01/26/2010,114.47
01/27/2010,114.5
01/28/2010,114.63
01/29/2010,114.6
02/01/2010,114.6
02/02/2010,114.65
02/03/2010,114.55
02/04/2010,114.55
02/05/2010,114.65
02/08/2010,114.65
02/09/2010,114.7
02/10/2010,114.65
02/11/2010,114.7
02/12/2010,114.65
02/15/2010,
02/16/2010,114.4
02/17/2010,114.25
02/18/2010,114.35
02/19/2010,114.35
02/22/2010,114.35
02/23/2010,114.25
02/24/2010,114.25
02/25/2010,114.5
02/26/2010,114.6
03/01/2010,114.55
03/02/2010,114.55
03/03/2010,114.25
03/04/2010,114.15
03/05/2010,114.18
03/08/2010,114.15
03/09/2010,114.1
03/10/2010,114.05
03/11/2010,113.95
03/12/2010,113.94
03/15/2010,114
03/16/2010,114.1
03/17/2010,114.08
03/18/2010,114
03/19/2010,114
03/22/2010,114.1
03/23/2010,114
03/24/2010,114
03/25/2010,114.08
03/26/2010,114.08
03/29/2010,114.08
03/30/2010,114
03/31/2010,114
04/01/2010,113.8
04/02/2010,113.8
04/05/2010,113.75
04/06/2010,113.8
04/07/2010,113.75
04/08/2010,113.85
04/09/2010,113.85
04/12/2010,113.75
04/13/2010,113.71
04/14/2010,113.75
04/15/2010,113.8
04/16/2010,113.95
04/19/2010,113.9
04/20/2010,113.85
04/21/2010,113.9
04/22/2010,113.85
04/23/2010,113.85
04/26/2010,113.92
04/27/2010,113.8
04/28/2010,113.8
04/29/2010,113.9
04/30/2010,113.9
05/03/2010,113.65
05/04/2010,113.52
05/05/2010,113.6
05/06/2010,113.62
05/07/2010,113.7
05/10/2010,113.63
05/11/2010,113.65
05/12/2010,113.65
05/13/2010,113.6
05/14/2010,113.65
05/17/2010,113.7
05/18/2010,113.7
05/19/2010,113.65
05/20/2010,113.75
05/21/2010,113.78
05/24/2010,113.75
05/25/2010,113.75
05/26/2010,113.9
05/27/2010,113.9
05/28/2010,113.9
05/31/2010,
06/01/2010,113.75
06/02/2010,113.55
06/03/2010,113.65
06/04/2010,113.55
06/07/2010,113.65
06/08/2010,113.65
06/09/2010,113.55
06/10/2010,113.6
06/11/2010,113.48
06/14/2010,113.52
06/15/2010,113.52
06/16/2010,113.4
06/17/2010,113.5
06/18/2010,113.5
06/21/2010,113.45
06/22/2010,113.55
06/23/2010,113.61
06/24/2010,113.6
06/25/2010,113.6
06/28/2010,113.6
06/29/2010,113.5
06/30/2010,113.55
07/01/2010,113.45
07/02/2010,113.35
07/05/2010,
07/06/2010,113.4
07/07/2010,113.35
07/08/2010,113.43
07/09/2010,113.4
07/12/2010,113.15
07/13/2010,113.05
07/14/2010,112.95
07/15/2010,112.85
07/16/2010,112.7
07/19/2010,112.7
07/20/2010,112.8
07/21/2010,112.75
07/22/2010,112.72
07/23/2010,112.72
07/26/2010,112.8
07/27/2010,112.76
07/28/2010,112.5
07/29/2010,112.52
07/30/2010,112.75
08/02/2010,112.45
08/03/2010,112.3
08/04/2010,112.3
08/05/2010,112.3
08/06/2010,112.3
08/09/2010,112.25
08/10/2010,112.35
08/11/2010,112.3
08/12/2010,112.3
08/13/2010,112.3
08/16/2010,112.4
08/17/2010,112.35
08/18/2010,112.4
08/19/2010,112.35
08/20/2010,112.25
08/23/2010,112.4
08/24/2010,112.4
08/25/2010,112.53
08/26/2010,112.55
08/27/2010,112.6
08/30/2010,112.65
08/31/2010,112.7
09/01/2010,112.7
09/02/2010,112.55
09/03/2010,112.65
09/06/2010,
09/07/2010,112.57
09/08/2010,112.65
09/09/2010,112.4
09/10/2010,112.4
09/13/2010,112.4
09/14/2010,112.4
09/15/2010,112.45
09/16/2010,112.28
09/17/2010,112.4
09/20/2010,112.35
09/21/2010,112.36
09/22/2010,112.36
09/23/2010,112.35
09/24/2010,112.15
09/27/2010,111.75
09/28/2010,111.75
09/29/2010,111.74
09/30/2010,111.7
10/01/2010,111.75
10/04/2010,111.7
10/05/2010,111.58
10/06/2010,111.7
10/07/2010,111.68
10/08/2010,111.65
10/11/2010,
10/12/2010,111.6
10/13/2010,111.7
10/14/2010,111.7
10/15/2010,111.75
10/18/2010,111.67
10/19/2010,111.8
10/20/2010,111.67
10/21/2010,111.7
10/22/2010,111.64
10/25/2010,111.65
10/26/2010,111.67
10/27/2010,111.53
10/28/2010,111.6
10/29/2010,111.6
11/01/2010,111.65
11/02/2010,111.65
11/03/2010,111.65
11/04/2010,111.55
11/05/2010,111.4
11/08/2010,111.48
11/09/2010,111.58
11/10/2010,111.62
11/11/2010,
11/12/2010,111.6
11/15/2010,111.68
11/16/2010,111.68
11/17/2010,111.45
11/18/2010,111.65
11/19/2010,111.65
11/22/2010,111.35
11/23/2010,111.3
11/24/2010,111.2
11/25/2010,
11/26/2010,111.42
11/29/2010,111.4
11/30/2010,111.35
12/01/2010,111.14
12/02/2010,111.22
12/03/2010,111.23
12/06/2010,111.15
12/07/2010,111.1
12/08/2010,110.85
12/09/2010,110.83
12/10/2010,110.9
12/13/2010,110.84
12/14/2010,110.71
12/15/2010,110.85
12/16/2010,111
12/17/2010,111.05
12/20/2010,111.15
12/21/2010,111.2
12/22/2010,111.18
12/23/2010,110.89
12/24/2010,
12/27/2010,111.15
12/28/2010,110.9
12/29/2010,110.93
12/30/2010,110.9
12/31/2010,
01/03/2011,110.9
01/04/2011,110.8
01/05/2011,110.8
01/06/2011,110.78
01/07/2011,110.8
01/10/2011,110.75
01/11/2011,110.6
01/12/2011,110.7
01/13/2011,110.72
01/14/2011,110.72
01/17/2011,
01/18/2011,110.78
01/19/2011,110.78
01/20/2011,110.9
01/21/2011,111
01/24/2011,110.82
01/25/2011,110.85
01/26/2011,110.75
01/27/2011,111.05
01/28/2011,111.05
01/31/2011,110.85
02/01/2011,110.75
02/02/2011,110.9
02/03/2011,110.8
02/04/2011,110.7
02/07/2011,110.75
02/08/2011,110.92
02/09/2011,110.9
02/10/2011,110.98
02/11/2011,111
02/14/2011,110.75
02/15/2011,110.75
02/16/2011,110.75
02/17/2011,110.75
02/18/2011,110.85
02/21/2011,
02/22/2011,110.9
02/23/2011,110.65
02/24/2011,110.74
02/25/2011,110.75
02/28/2011,110.75
03/01/2011,110.7
03/02/2011,110.7
03/03/2011,110.65
03/04/2011,110.35
03/07/2011,110.25
03/08/2011,110
03/09/2011,109.95
03/10/2011,109.98
03/11/2011,110
03/14/2011,110.15
03/15/2011,110.4
03/16/2011,110.15
03/17/2011,110.3
03/18/2011,110.4
03/21/2011,110.35
03/22/2011,110.3
03/23/2011,110.35
03/24/2011,110.3
03/25/2011,110.3
03/28/2011,110.35
03/29/2011,110.35
03/30/2011,110.3
03/31/2011,110.37
04/01/2011,110.3
04/04/2011,110.35
04/05/2011,110.3
04/06/2011,110.2
04/07/2011,110.33
04/08/2011,110.35
04/11/2011,110.25
04/12/2011,110.35
04/13/2011,110.35
04/14/2011,110.35
04/15/2011,110.35
04/18/2011,110.35
04/19/2011,110.35
04/20/2011,110.25
04/21/2011,110.15
04/22/2011,110.04
04/25/2011,110.15
04/26/2011,110.15
04/27/2011,110.05
04/28/2011,109.65
04/29/2011,109.85
05/02/2011,109.85
05/03/2011,109.75
05/04/2011,109.73
05/05/2011,109.65
05/06/2011,109.75
05/09/2011,109.75
05/10/2011,109.7
05/11/2011,109.65
05/12/2011,109.7
05/13/2011,109.72
05/16/2011,109.75
05/17/2011,109.75
05/18/2011,109.75
05/19/2011,109.7
05/20/2011,109.77
05/23/2011,109.88
05/24/2011,109.95
05/25/2011,109.9
05/26/2011,109.85
05/27/2011,109.82
05/30/2011,
05/31/2011,109.65
06/01/2011,109.65
06/02/2011,109.7
06/03/2011,109.7
06/06/2011,109.55
06/07/2011,109.5
06/08/2011,109.42
06/09/2011,109.4
06/10/2011,109.47
06/13/2011,109.5
06/14/2011,109.5
06/15/2011,109.5
06/16/2011,109.55
06/17/2011,109.52
06/20/2011,109.55
06/21/2011,109.55
06/22/2011,109.55
06/23/2011,109.55
06/24/2011,109.55
06/27/2011,109.6
06/28/2011,109.55
06/29/2011,109.55
06/30/2011,109.45
07/01/2011,109.45
07/04/2011,
07/05/2011,109.48
07/06/2011,109.48
07/07/2011,109.45
07/08/2011,109.47
07/11/2011,109.45
07/12/2011,109.56
07/13/2011,109.55
07/14/2011,109.45
07/15/2011,109.48
07/18/2011,109.45
07/19/2011,109.45
07/20/2011,109.45
07/21/2011,109.45
07/22/2011,109.4
07/25/2011,109.45
07/26/2011,109.4
07/27/2011,109.45
07/28/2011,109.42
07/29/2011,109.4
08/01/2011,109.3
08/02/2011,109.25
08/03/2011,109.67
08/04/2011,109.63
08/05/2011,109.68
08/08/2011,109.74
08/09/2011,109.75
08/10/2011,109.65
08/11/2011,109.6
08/12/2011,109.6
08/15/2011,109.3
08/16/2011,109.8
08/17/2011,109.8
08/18/2011,109.9
08/19/2011,109.9
08/22/2011,109.9
08/23/2011,109.95
08/24/2011,109.9
08/25/2011,109.95
08/26/2011,109.95
08/29/2011,109.85
08/30/2011,109.7
08/31/2011,109.65
09/01/2011,109.98
09/02/2011,109.95
09/05/2011,
09/06/2011,109.96
09/07/2011,109.96
09/08/2011,109.96
09/09/2011,110.05
09/12/2011,110.05
09/13/2011,110.08
09/14/2011,109.96
09/15/2011,110.05
09/16/2011,109.96
09/19/2011,109.96
09/20/2011,110.05
09/21/2011,110.15
09/22/2011,110.25
09/23/2011,110.25
09/26/2011,109.96
09/27/2011,110.27
09/28/2011,110.15
09/29/2011,109.96
09/30/2011,110.15
10/03/2011,110.2
10/04/2011,110.15
10/05/2011,110.18
10/06/2011,110.15
10/07/2011,110.15
10/10/2011,
10/11/2011,110.1
10/12/2011,110.18
10/13/2011,110.15
10/14/2011,110.18
10/17/2011,110.15
10/18/2011,110.15
10/19/2011,109.96
10/20/2011,110.15
10/21/2011,109.96
10/24/2011,109.96
10/25/2011,109.98
10/26/2011,109.98
10/27/2011,109.98
10/28/2011,109.98
10/31/2011,110.06
11/01/2011,110.11
11/02/2011,110.15
11/03/2011,110.15
11/04/2011,110.14
11/07/2011,109.9
11/08/2011,110.06
11/09/2011,110.06
11/10/2011,110.05
11/11/2011,
11/14/2011,110.06
11/15/2011,110.15
11/16/2011,110.06
11/17/2011,110.06
11/18/2011,110.2
11/21/2011,110.35
11/22/2011,113.82
11/23/2011,113.85
11/24/2011,
11/25/2011,113.85
11/28/2011,113.82
11/29/2011,113.75
11/30/2011,113.82
12/01/2011,113.85
12/02/2011,113.87
12/05/2011,113.85
12/06/2011,113.72
12/07/2011,113.76
12/08/2011,113.85
12/09/2011,113.72
12/12/2011,113.84
12/13/2011,113.84
12/14/2011,113.78
12/15/2011,113.78
12/16/2011,113.72
12/19/2011,113.81
12/20/2011,113.76
12/21/2011,113.76
12/22/2011,113.87
12/23/2011,113.76
12/26/2011,
12/27/2011,113.85
12/28/2011,113.85
12/29/2011,113.85
12/30/2011,113.85
01/02/2012,
01/03/2012,113.82
01/04/2012,113.82
01/05/2012,113.85
01/06/2012,113.82
01/09/2012,113.82
01/10/2012,113.82
01/11/2012,113.82
01/12/2012,113.82
01/13/2012,113.82
01/16/2012,
01/17/2012,113.82
01/18/2012,113.82
01/19/2012,113.82
01/20/2012,113.88
01/23/2012,113.82
01/24/2012,113.82
01/25/2012,113.88
01/26/2012,113.72
01/27/2012,113.8
01/30/2012,113.75
01/31/2012,113.85
02/01/2012,113.9
02/02/2012,113.75
02/03/2012,113.95
02/06/2012,114.04
02/07/2012,114.18
02/08/2012,113.82
02/09/2012,114.67
02/10/2012,114.8
02/13/2012,116.8
02/14/2012,120
02/15/2012,119.2
02/16/2012,118.8
02/17/2012,118.1
02/20/2012,
02/21/2012,117.85
02/22/2012,118.61
02/23/2012,119
02/24/2012,119.7
02/27/2012,120.85
02/28/2012,121.8
02/29/2012,121.8
03/01/2012,122.1
03/02/2012,121.6
03/05/2012,121.8
03/06/2012,121.5
03/07/2012,121.1
03/08/2012,121.3
03/09/2012,121.05
03/12/2012,121.8
03/13/2012,123.3
03/14/2012,124.5
03/15/2012,125
03/16/2012,125.45
03/19/2012,130.83
03/20/2012,129.25
03/21/2012,129.91
03/22/2012,130.09
03/23/2012,129.95
03/26/2012,129.9
03/27/2012,129.5
03/28/2012,129
03/29/2012,127.5
03/30/2012,128.1
04/02/2012,128.25
04/03/2012,126
04/04/2012,125.1
04/05/2012,125.75
04/06/2012,125.75
04/09/2012,125.25
04/10/2012,127.5
04/11/2012,128.3
04/12/2012,128.25
04/13/2012,128.25
04/16/2012,127.84
04/17/2012,128.3
04/18/2012,128.25
04/19/2012,129.56
04/20/2012,130
04/23/2012,131.32
04/24/2012,131.5
04/25/2012,132.4
04/26/2012,130.2
04/27/2012,129.55
04/30/2012,129.6
05/01/2012,129.21
05/02/2012,127.5
05/03/2012,126.75
05/04/2012,127.4
05/07/2012,127.2
05/08/2012,127.9
05/09/2012,127.95
05/10/2012,127.4
05/11/2012,127.6
05/14/2012,128.56
05/15/2012,128.89
05/16/2012,128.6
05/17/2012,128.84
05/18/2012,129.64
05/21/2012,129.5
05/22/2012,129.6
05/23/2012,129.8
05/24/2012,130.2
05/25/2012,130.55
05/28/2012,
05/29/2012,132
05/30/2012,131.11
05/31/2012,131.9
06/01/2012,130.5
06/04/2012,130
06/05/2012,130
06/06/2012,130
06/07/2012,130
06/08/2012,129.61
06/11/2012,131.8
06/12/2012,132.55
06/13/2012,131.3
06/14/2012,131.8
06/15/2012,131.43
06/18/2012,132
06/19/2012,132.6
06/20/2012,132.5
06/21/2012,132.6
06/22/2012,133
06/25/2012,133.2
06/26/2012,133.3
06/27/2012,133.3
06/28/2012,133.7
06/29/2012,133.7
07/02/2012,133.13
07/03/2012,133.13
07/04/2012,
07/05/2012,133.6
07/06/2012,133.2
07/09/2012,133.25
07/10/2012,133.6
07/11/2012,133.5
07/12/2012,133.5
07/13/2012,133.6
07/16/2012,133.5
07/17/2012,133.5
07/18/2012,133.5
07/19/2012,132.11
07/20/2012,130.86
07/23/2012,130.7
07/24/2012,130.3
07/25/2012,130.9
07/26/2012,131.1
07/27/2012,131.8
07/30/2012,131.7
07/31/2012,131.7
08/01/2012,131.7
08/02/2012,131.7
08/03/2012,131.8
08/06/2012,131.85
08/07/2012,131.8
08/08/2012,131.75
08/09/2012,131.81
08/10/2012,131.85
08/13/2012,131.8
08/14/2012,131.8
08/15/2012,131.9
08/16/2012,131.8
08/17/2012,132.25
08/20/2012,132
08/21/2012,132
08/22/2012,132.2
08/23/2012,132.3
08/24/2012,132.1
08/27/2012,132.4
08/28/2012,132.25
08/29/2012,132.2
08/30/2012,132.3
08/31/2012,132.2
09/03/2012,
09/04/2012,132.2
09/05/2012,132.2
09/06/2012,132.3
09/07/2012,132.3
09/10/2012,132.2
09/11/2012,132.2
09/12/2012,131.8
09/13/2012,131.7
09/14/2012,131.95
09/17/2012,132
09/18/2012,131.8
09/19/2012,131.65
09/20/2012,131.5
09/21/2012,131.3
09/24/2012,131.05
09/25/2012,130.9
09/26/2012,130.8
09/27/2012,129.5
09/28/2012,129.35
10/01/2012,129
10/02/2012,129.2
10/03/2012,129.3
10/04/2012,128.8
10/05/2012,128.3
10/08/2012,
10/09/2012,128.25
10/10/2012,128.3
10/11/2012,128.3
10/12/2012,128.3
10/15/2012,128.3
10/16/2012,128.63
10/17/2012,128.65
10/18/2012,128.7
10/19/2012,128.95
10/22/2012,129.55
10/23/2012,129.8
10/24/2012,130.05
10/25/2012,129.9
10/26/2012,129.7
10/29/2012,129.73
10/30/2012,130.08
10/31/2012,130.1
11/01/2012,130.2
11/02/2012,130.23
11/05/2012,130.4
11/06/2012,130.6
11/07/2012,130.7
11/08/2012,130.5
11/09/2012,130.7
11/12/2012,
11/13/2012,130.4
11/14/2012,130.15
11/15/2012,129.7
11/16/2012,129.9
11/19/2012,130.07
11/20/2012,130.23
11/21/2012,130.2
11/22/2012,
11/23/2012,130.13
11/26/2012,130.1
11/27/2012,130.1
11/28/2012,130.05
11/29/2012,130.25
11/30/2012,130.07
12/03/2012,129.3
12/04/2012,128.1
12/05/2012,128.5
12/06/2012,128.6
12/07/2012,128.4
12/10/2012,128.8
12/11/2012,128.7
12/12/2012,128.65
12/13/2012,128.4
12/14/2012,128.45
12/17/2012,128.55
12/18/2012,128.6
12/19/2012,128.25
12/20/2012,127.55
12/21/2012,126.9
12/24/2012,126.9
12/25/2012,
12/26/2012,126.92
12/27/2012,126.8
12/28/2012,126.85
12/31/2012,127.5
01/01/2013,
01/02/2013,127.2
01/03/2013,127.45
01/04/2013,127.3
01/07/2013,127.3
01/08/2013,127.07
01/09/2013,126.25
01/10/2013,126
01/11/2013,126.2
01/14/2013,126.2
01/15/2013,126.4
01/16/2013,126.55
01/17/2013,126.7
01/18/2013,126.5
01/21/2013,
01/22/2013,126.6
01/23/2013,127
01/24/2013,127.1
01/25/2013,127.1
01/28/2013,127.07
01/29/2013,126.53
01/30/2013,126.4
01/31/2013,126.2
02/01/2013,126.2
02/04/2013,126.2
02/05/2013,126.4
02/06/2013,126.35
02/07/2013,126
02/08/2013,126.2
02/11/2013,126.35
02/12/2013,126.25
02/13/2013,126.35
02/14/2013,126.5
02/15/2013,126.65
02/18/2013,
02/19/2013,127.35
02/20/2013,127.3
02/21/2013,127
02/22/2013,127.3
02/25/2013,127.3
02/26/2013,127.35
02/27/2013,127.45
02/28/2013,127.45
03/01/2013,127.38
03/04/2013,127.3
03/05/2013,127.45
03/06/2013,127.18
03/07/2013,127.15
03/08/2013,126.4
03/11/2013,126.4
03/12/2013,126.15
03/13/2013,126.3
03/14/2013,126.2
03/15/2013,126.1
03/18/2013,126.1
03/19/2013,126.6
03/20/2013,126.6
03/21/2013,127
03/22/2013,126.8
03/25/2013,126.7
03/26/2013,126.7
03/27/2013,126.75
03/28/2013,126.7
03/29/2013,126.75
04/01/2013,126.3
04/02/2013,126.25
04/03/2013,126.29
04/04/2013,125.72
04/05/2013,125.53
04/08/2013,125.5
04/09/2013,125.5
04/10/2013,125.25
04/11/2013,125.25
04/12/2013,125.3
04/15/2013,125.3
04/16/2013,125.3
04/17/2013,125.5
04/18/2013,125.55
04/19/2013,125.89
04/22/2013,126.6
04/23/2013,126.75
04/24/2013,126.7
04/25/2013,126.7
04/26/2013,126.7
04/29/2013,126.7
04/30/2013,126.7
05/01/2013,126.7
05/02/2013,126.1
05/03/2013,126.2
05/06/2013,126.4
05/07/2013,126.4
05/08/2013,126
05/09/2013,125.8
05/10/2013,126.1
05/13/2013,126.2
05/14/2013,126.45
05/15/2013,125.95
05/16/2013,125.6
05/17/2013,126.25
05/20/2013,126.25
05/21/2013,126.35
05/22/2013,126.35
05/23/2013,126.3
05/24/2013,126.3
05/27/2013,
05/28/2013,126.3
05/29/2013,126.45
05/30/2013,126.45
05/31/2013,126.45
06/03/2013,126.4
06/04/2013,126.4
06/05/2013,126.4
06/06/2013,126.35
06/07/2013,126.3
06/10/2013,126.7
06/11/2013,127.65
06/12/2013,127.35
06/13/2013,127.7
06/14/2013,128.5
06/17/2013,128.5
06/18/2013,128.5
06/19/2013,127.1
06/20/2013,128.3
06/21/2013,128.7
06/24/2013,128.3
06/25/2013,128.85
06/26/2013,129.4
06/27/2013,130.45
06/28/2013,130.4
07/01/2013,130.6
07/02/2013,130.61
07/03/2013,130.5
07/04/2013,
07/05/2013,130.6
07/08/2013,130.5
07/09/2013,130.7
07/10/2013,130.6
07/11/2013,130.75
07/12/2013,130.75
07/15/2013,130.95
07/16/2013,131.2
07/17/2013,131.55
07/18/2013,131.6
07/19/2013,131.6
07/22/2013,131.6
07/23/2013,131.55
07/24/2013,131.55
07/25/2013,131.55
07/26/2013,131.5
07/29/2013,131.5
07/30/2013,131.55
07/31/2013,131.65
08/01/2013,131.6
08/02/2013,131.6
08/05/2013,131.6
08/06/2013,131.5
08/07/2013,131.6
08/08/2013,131.65
08/09/2013,131.65
08/12/2013,131.6
08/13/2013,131.6
08/14/2013,131.5
08/15/2013,131.35
08/16/2013,131.65
08/19/2013,131.85
08/20/2013,131.75
08/21/2013,131.8
08/22/2013,131.9
08/23/2013,132.5
08/26/2013,132.7
08/27/2013,132.9
08/28/2013,133.1
08/29/2013,133.1
08/30/2013,132.8
09/02/2013,
09/03/2013,132.95
09/04/2013,132.95
09/05/2013,132.95
09/06/2013,132.98
09/09/2013,132.9
09/10/2013,132.8
09/11/2013,132.3
09/12/2013,132.2
09/13/2013,132.2
09/16/2013,132.2
09/17/2013,132.2
09/18/2013,132.2
09/19/2013,132.2
09/20/2013,132.1
09/23/2013,132
09/24/2013,132.1
09/25/2013,131.9
09/26/2013,131.95
09/27/2013,131.95
09/30/2013,131.9
10/01/2013,131.35
10/02/2013,131.4
10/03/2013,131.4
10/04/2013,131.2
10/07/2013,131.1
10/08/2013,131.15
10/09/2013,131.1
10/10/2013,131.1
10/11/2013,131
10/14/2013,
10/15/2013,131.1
10/16/2013,131.1
10/17/2013,130.95
10/18/2013,130.95
10/21/2013,130.85
10/22/2013,130.75
10/23/2013,130.65
10/24/2013,130.5
10/25/2013,130.6
10/28/2013,130.9
10/29/2013,130.9
10/30/2013,131
10/31/2013,130.85
11/01/2013,131
11/04/2013,131.1
11/05/2013,131.1
11/06/2013,131.1
11/07/2013,131.05
11/08/2013,131.1
11/11/2013,
11/12/2013,131.05
11/13/2013,131.05
11/14/2013,131.1
11/15/2013,131.1
11/18/2013,131.1
11/19/2013,131.05
11/20/2013,131.05
11/21/2013,131.05
11/22/2013,131.1
11/25/2013,131.1
11/26/2013,131.1
11/27/2013,131.2
11/28/2013,
11/29/2013,131.2
12/02/2013,131
12/03/2013,130.8
12/04/2013,130.78
12/05/2013,130.82
12/06/2013,130.8
12/09/2013,130.73
12/10/2013,130.75
12/11/2013,130.75
12/12/2013,130.85
12/13/2013,130.76
12/16/2013,130.76
12/17/2013,130.8
12/18/2013,130.75
12/19/2013,130.7
12/20/2013,130.65
12/23/2013,130.7
12/24/2013,130.75
12/25/2013,
12/26/2013,130.7
12/27/2013,130.7
12/30/2013,130.75
12/31/2013,130.75
01/01/2014,
01/02/2014,130.7
01/03/2014,130.65
01/06/2014,130.7
01/07/2014,130.65
01/08/2014,130.8
01/09/2014,130.65
01/10/2014,130.65
01/13/2014,130.65
01/14/2014,130.65
01/15/2014,130.65
01/16/2014,130.65
01/17/2014,130.65
01/20/2014,
01/21/2014,130.75
01/22/2014,130.75
01/23/2014,130.7
01/24/2014,130.6
01/27/2014,130.7
01/28/2014,130.8
01/29/2014,130.7
01/30/2014,130.65
01/31/2014,130.7
02/03/2014,130.6
02/04/2014,130.6
02/05/2014,130.62
02/06/2014,130.6
02/07/2014,130.7
02/10/2014,130.7
02/11/2014,130.8
02/12/2014,130.8
02/13/2014,130.8
02/14/2014,130.8
02/17/2014,
02/18/2014,130.8
02/19/2014,130.82
02/20/2014,130.9
02/21/2014,130.9
02/24/2014,131
02/25/2014,131
02/26/2014,131
02/27/2014,131
02/28/2014,130.7
03/03/2014,130.6
03/04/2014,130.6
03/05/2014,130.57
03/06/2014,130.53
03/07/2014,130.55
03/10/2014,130.52
03/11/2014,130.55
03/12/2014,130.55
03/13/2014,130.65
03/14/2014,130.58
03/17/2014,130.55
03/18/2014,130.55
03/19/2014,130.55
03/20/2014,130.55
03/21/2014,130.6
03/24/2014,130.6
03/25/2014,130.6
03/26/2014,130.65
03/27/2014,130.65
03/28/2014,130.65
03/31/2014,130.65
04/01/2014,130.65
04/02/2014,130.7
04/03/2014,130.6
04/04/2014,130.55
04/07/2014,130.68
04/08/2014,130.57
04/09/2014,130.55
04/10/2014,130.58
04/11/2014,130.58
04/14/2014,130.58
04/15/2014,130.58
04/16/2014,130.55
04/17/2014,130.6
04/18/2014,130.6
04/21/2014,130.57
04/22/2014,130.55
04/23/2014,130.6
04/24/2014,130.58
04/25/2014,130.58
04/28/2014,130.58
04/29/2014,130.6
04/30/2014,130.63
05/01/2014,130.63
05/02/2014,130.6
05/05/2014,130.6
05/06/2014,130.57
05/07/2014,130.52
05/08/2014,130.43
05/09/2014,130.32
05/12/2014,130.3
05/13/2014,130.25
05/14/2014,130.25
05/15/2014,130.24
05/16/2014,130.3
05/19/2014,130.26
05/20/2014,130.35
05/21/2014,130.33
05/22/2014,130.35
05/23/2014,130.35
05/26/2014,
05/27/2014,130.35
05/28/2014,130.35
05/29/2014,130.35
05/30/2014,130.35
06/02/2014,130.3
06/03/2014,130.35
06/04/2014,130.32
06/05/2014,130.28
06/06/2014,130.25
06/09/2014,130.25
06/10/2014,130.25
06/11/2014,130.22
06/12/2014,130.22
06/13/2014,130.2
06/16/2014,130.23
06/17/2014,130.23
06/18/2014,130.25
06/19/2014,130.32
06/20/2014,130.28
06/23/2014,130.27
06/24/2014,130.28
06/25/2014,130.3
06/26/2014,130.3
06/27/2014,130.3
06/30/2014,130.3
07/01/2014,130.27
07/02/2014,130.25
07/03/2014,130.23
07/04/2014,
07/07/2014,130.26
07/08/2014,130.25
07/09/2014,130.18
07/10/2014,130.2
07/11/2014,130.17
07/14/2014,130.19
07/15/2014,130.17
07/16/2014,130.18
07/17/2014,130.15
07/18/2014,130.23
07/21/2014,130.25
07/22/2014,130.26
07/23/2014,130.23
07/24/2014,130.2
07/25/2014,130.2
07/28/2014,130.2
07/29/2014,130.2
07/30/2014,130.2
07/31/2014,130.2
08/01/2014,130.2
08/04/2014,130.2
08/05/2014,130.2
08/06/2014,130.18
08/07/2014,130.17
08/08/2014,130.17
08/11/2014,130.15
08/12/2014,130.18
08/13/2014,130.21
08/14/2014,130.18
08/15/2014,130.15
08/18/2014,130.13
08/19/2014,130.13
08/20/2014,130.15
08/21/2014,130.2
08/22/2014,130.16
08/25/2014,130.16
08/26/2014,130.18
08/27/2014,130.18
08/28/2014,130.18
08/29/2014,130.21
09/01/2014,
09/02/2014,130.18
09/03/2014,130.18
09/04/2014,130.18
09/05/2014,130.18
09/08/2014,130.18
09/09/2014,130.18
09/10/2014,130.2
09/11/2014,130.25
09/12/2014,130.25
09/15/2014,130.26
09/16/2014,130.27
09/17/2014,130.27
09/18/2014,130.26
09/19/2014,130.27
09/22/2014,130.27
09/23/2014,130.32
09/24/2014,130.28
09/25/2014,130.3
09/26/2014,130.3
09/29/2014,130.4
09/30/2014,130.4
10/01/2014,130.4
10/02/2014,130.3
10/03/2014,130.26
10/06/2014,130.26
10/07/2014,130.32
10/08/2014,130.32
10/09/2014,130.3
10/10/2014,130.3
10/13/2014,
10/14/2014,130.6
10/15/2014,130.6
10/16/2014,130.7
10/17/2014,130.55
10/20/2014,130.6
10/21/2014,130.7
10/22/2014,130.7
10/23/2014,130.7
10/24/2014,130.8
10/27/2014,130.8
10/28/2014,130.8
10/29/2014,130.8
10/30/2014,130.8
10/31/2014,130.75
11/03/2014,130.8
11/04/2014,130.85
11/05/2014,130.8
11/06/2014,130.8
11/07/2014,130.85
11/10/2014,130.85
11/11/2014,
11/12/2014,130.85
11/13/2014,130.9
11/14/2014,130.95
11/17/2014,130.95
11/18/2014,131
11/19/2014,131
11/20/2014,131
11/21/2014,131
11/24/2014,131
11/25/2014,131
11/26/2014,131.1
11/27/2014,
11/28/2014,131
12/01/2014,131
12/02/2014,131
12/03/2014,131
12/04/2014,131
12/05/2014,131.1
12/08/2014,131.1
12/09/2014,131
12/10/2014,131
12/11/2014,131.1
12/12/2014,131.1
12/15/2014,131.1
12/16/2014,131
12/17/2014,131.11
12/18/2014,131.23
12/19/2014,131.1
12/22/2014,131.1
12/23/2014,131.1
12/24/2014,131.1
12/25/2014,
12/26/2014,
12/29/2014,131.16
12/30/2014,131.1
12/31/2014,131.15
01/01/2015,
01/02/2015,131.2
01/05/2015,131.2
01/06/2015,131.4
01/07/2015,131.3
01/08/2015,131.5
01/09/2015,131.3
01/12/2015,131.45
01/13/2015,131.4
01/14/2015,131.4
01/15/2015,131.4
01/16/2015,131.25
01/19/2015,
01/20/2015,131.7
01/21/2015,131.75
01/22/2015,131.85
01/23/2015,131.75
01/26/2015,131.9
01/27/2015,131.9
01/28/2015,132.25
01/29/2015,132.1
01/30/2015,132.15
02/02/2015,132.2
02/03/2015,132.2
02/04/2015,132.2
02/05/2015,132.2
02/06/2015,132.87
02/09/2015,132.8
02/10/2015,132.8
02/11/2015,132.8
02/12/2015,132.8
02/13/2015,132.8
02/16/2015,
02/17/2015,132.9
02/18/2015,132.8
02/19/2015,132.85
02/20/2015,132.9
02/23/2015,132.9
02/24/2015,132.9
02/25/2015,132.9
02/26/2015,132.9
02/27/2015,133
03/02/2015,132.9
03/03/2015,132.9
03/04/2015,132.9
03/05/2015,132.9
03/06/2015,132.9
03/09/2015,132.95
03/10/2015,132.9
03/11/2015,132.9
03/12/2015,132.9
03/13/2015,132.9
03/16/2015,132.9
03/17/2015,132.9
03/18/2015,132.9
03/19/2015,133.1
03/20/2015,133.1
03/23/2015,133.1
03/24/2015,133.1
03/25/2015,133.1
03/26/2015,132.9
03/27/2015,132.9
03/30/2015,132.9
03/31/2015,132.95
04/01/2015,132.9
04/02/2015,132.9
04/03/2015,132.9
04/06/2015,132.9
04/07/2015,132.9
04/08/2015,132.9
04/09/2015,133
04/10/2015,132.9
04/13/2015,132.9
04/14/2015,132.9
04/15/2015,132.9
04/16/2015,132.9
04/17/2015,132.9
04/20/2015,132.9
04/21/2015,132.9
04/22/2015,132.9
04/23/2015,133.1
04/24/2015,132.9
04/27/2015,132.9
04/28/2015,132.9
04/29/2015,132.9
04/30/2015,133.1
05/01/2015,133.1
05/04/2015,133.1
05/05/2015,132.9
05/06/2015,133.3
05/07/2015,133.3
05/08/2015,133.3
05/11/2015,133.3
05/12/2015,133.5
05/13/2015,133.5
05/14/2015,133.4
05/15/2015,133.4
05/18/2015,133.3
05/19/2015,133.5
05/20/2015,133.5
05/21/2015,133.6
05/22/2015,133.6
05/25/2015,
05/26/2015,133.9
05/27/2015,133.9
05/28/2015,133.9
05/29/2015,133.9
06/01/2015,133.9
06/02/2015,133.9
06/03/2015,133.9
06/04/2015,133.9
06/05/2015,133.9
06/08/2015,133.9
06/09/2015,133.8
06/10/2015,133.8
06/11/2015,133.8
06/12/2015,134
06/15/2015,134
06/16/2015,134
06/17/2015,134
06/18/2015,134.2
06/19/2015,134.2
06/22/2015,133.9
06/23/2015,133.9
06/24/2015,134.21
06/25/2015,134.18
06/26/2015,133.72
06/29/2015,133.74
06/30/2015,133.79
07/01/2015,133.8
07/02/2015,133.59
07/03/2015,
07/06/2015,133.79
07/07/2015,133.78
07/08/2015,133.59
07/09/2015,133.55
07/10/2015,133.55
07/13/2015,133.69
07/14/2015,133.79
07/15/2015,133.78
07/16/2015,133.8
07/17/2015,133.8
07/20/2015,133.75
07/21/2015,133.74
07/22/2015,133.7
07/23/2015,133.7
07/24/2015,133.59
07/27/2015,133.56
07/28/2015,133.55
07/29/2015,133.63
07/30/2015,133.61
07/31/2015,133.66
08/03/2015,133.64
08/04/2015,133.62
08/05/2015,133.59
08/06/2015,133.71
08/07/2015,133.71
08/10/2015,133.75
08/11/2015,133.75
08/12/2015,133.8
08/13/2015,133.9
08/14/2015,133.83
08/17/2015,134
08/18/2015,133.71
08/19/2015,133.84
08/20/2015,133.9
08/21/2015,133.98
08/24/2015,134.09
08/25/2015,133.81
08/26/2015,133.81
08/27/2015,134.14
08/28/2015,133.81
08/31/2015,134.5
09/01/2015,134.5
09/02/2015,134.4
09/03/2015,134.75
09/04/2015,137.5
09/07/2015,
09/08/2015,138.24
09/09/2015,138.75
09/10/2015,138.89
09/11/2015,139
09/14/2015,139.59
09/15/2015,139.79
09/16/2015,140.79
09/17/2015,140.3
09/18/2015,140.39
09/21/2015,140.75
09/22/2015,140.89
09/23/2015,140.89
09/24/2015,140.88
09/25/2015,140.5
09/28/2015,140.88
09/29/2015,140.96
09/30/2015,141.25
10/01/2015,140.89
10/02/2015,141.15
10/05/2015,141.2
10/06/2015,140.88
10/07/2015,140.87
10/08/2015,140.88
10/09/2015,140.85
10/12/2015,
10/13/2015,140.85
10/14/2015,140.9
10/15/2015,140.2
10/16/2015,140.5
10/19/2015,140.5
10/20/2015,140.87
10/21/2015,140.94
10/22/2015,140.99
10/23/2015,140.5
10/26/2015,140.99
10/27/2015,140.98
10/28/2015,140.99
10/29/2015,140.98
10/30/2015,140.96
11/02/2015,140.96
11/03/2015,140.96
11/04/2015,141.45
11/05/2015,140.96
11/06/2015,140.96
11/09/2015,141.9
11/10/2015,141.9
11/11/2015,
11/12/2015,141.9
11/13/2015,141.95
11/16/2015,142
11/17/2015,142.2
11/18/2015,142.2
11/19/2015,142.2
11/20/2015,141.69
11/23/2015,142.65
11/24/2015,142.76
11/25/2015,142.76
11/26/2015,
11/27/2015,143.15
11/30/2015,142.76
12/01/2015,142.76
12/02/2015,142.76
12/03/2015,142.76
12/04/2015,142.76
12/07/2015,143.15
12/08/2015,143.2
12/09/2015,143.15
12/10/2015,143.15
12/11/2015,143.15
12/14/2015,143.5
12/15/2015,143.5
12/16/2015,143.6
12/17/2015,143.12
12/18/2015,143.41
12/21/2015,143.5
12/22/2015,143.65
12/23/2015,143.6
12/24/2015,143.6
12/25/2015,
12/28/2015,143.65
12/29/2015,143.65
12/30/2015,144.1
12/31/2015,143.65
01/01/2016,
01/04/2016,143.54
01/05/2016,144.2
01/06/2016,143.9
01/07/2016,143.68
01/08/2016,143.56
01/11/2016,143.68
01/12/2016,143.68
01/13/2016,143.68
01/14/2016,143.4
01/15/2016,143.26
01/18/2016,
01/19/2016,143.4
01/20/2016,143.4
01/21/2016,143.4
01/22/2016,143.4
01/25/2016,143.76
01/26/2016,143.24
01/27/2016,143.54
01/28/2016,143.54
01/29/2016,143.2
02/01/2016,143.81
02/02/2016,143.65
02/03/2016,143.27
02/04/2016,143.27
02/05/2016,143.34
02/08/2016,143.33
02/09/2016,143.95
02/10/2016,143.9
02/11/2016,143.9
02/12/2016,143.45
02/15/2016,
02/16/2016,143.96
02/17/2016,143.86
02/18/2016,143.86
02/19/2016,143.86
02/22/2016,143.28
02/23/2016,143.32
02/24/2016,143.26
02/25/2016,143.55
02/26/2016,143.9
02/29/2016,144.06
03/01/2016,143.8
03/02/2016,144.5
03/03/2016,143.72
03/04/2016,144.31
03/07/2016,144.31
03/08/2016,144.15
03/09/2016,144.23
03/10/2016,144.17
03/11/2016,144.9
03/14/2016,144.8
03/15/2016,144.8
03/16/2016,144.9
03/17/2016,144.52
03/18/2016,144.85
03/21/2016,144.62
03/22/2016,144.62
03/23/2016,145.6
03/24/2016,146.3
03/25/2016,146.51
03/28/2016,147.2
03/29/2016,147.6
03/30/2016,148.41
03/31/2016,145.25
04/01/2016,145.25
04/04/2016,145
04/05/2016,144.36
04/06/2016,144.5
04/07/2016,144.5
04/08/2016,144.5
04/11/2016,144.7
04/12/2016,145.44
04/13/2016,145.44
04/14/2016,145.6
04/15/2016,144.5
04/18/2016,144.75
04/19/2016,146.3
04/20/2016,145.3
04/21/2016,145.3
04/22/2016,146.2
04/25/2016,145.2
04/26/2016,145.38
04/27/2016,145.52
04/28/2016,145.5
04/29/2016,146
05/02/2016,145.43
05/03/2016,145.4
05/04/2016,145.5
05/05/2016,145.4
05/06/2016,145.4
05/09/2016,145.59
05/10/2016,145.4
05/11/2016,145.2
05/12/2016,145.5
05/13/2016,145.65
05/16/2016,145.9
05/17/2016,146.05
05/18/2016,146.2
05/19/2016,146.03
05/20/2016,146.15
05/23/2016,146.22
05/24/2016,146.32
05/25/2016,146.2
05/26/2016,146.03
05/27/2016,146.7
05/30/2016,
05/31/2016,147.8
06/01/2016,146.9
06/02/2016,147.55
06/03/2016,146.8
06/06/2016,145.55
06/07/2016,145.65
06/08/2016,145.4
06/09/2016,145.3
06/10/2016,144.9
06/13/2016,144.75
06/14/2016,144.8
06/15/2016,144.38
06/16/2016,144.76
06/17/2016,145
06/20/2016,145.5
06/21/2016,145.5
06/22/2016,146.85
06/23/2016,146.9
06/24/2016,146.6
06/27/2016,147
06/28/2016,147.45
06/29/2016,146.2
06/30/2016,145.2
07/01/2016,145.75
07/04/2016,
07/05/2016,146.25
07/06/2016,145.35
07/07/2016,145.25
07/08/2016,144.75
07/11/2016,145
07/12/2016,145.25
07/13/2016,145.5
07/14/2016,145.1
07/15/2016,144.71
07/18/2016,145.5
07/19/2016,144.71
07/20/2016,145.75
07/21/2016,145.75
07/22/2016,145.5
07/25/2016,145.5
07/26/2016,145.5
07/27/2016,145.6
07/28/2016,145.7
07/29/2016,145.6
08/01/2016,144.76
08/02/2016,145.55
08/03/2016,145.5
08/04/2016,145.5
08/05/2016,145.4
08/08/2016,144.62
08/09/2016,145.25
08/10/2016,145.5
08/11/2016,145.2
08/12/2016,145.2
08/15/2016,145.1
08/16/2016,145.3
08/17/2016,144.39
08/18/2016,145.4
08/19/2016,145.1
08/22/2016,145.05
08/23/2016,145.5
08/24/2016,145.4
08/25/2016,145.1
08/26/2016,145.25
08/29/2016,145.6
08/30/2016,144.71
08/31/2016,145.3
09/01/2016,145.3
09/02/2016,145.5
09/05/2016,
09/06/2016,145.3
09/07/2016,145.1
09/08/2016,145.1
09/09/2016,144.8
09/12/2016,144.62
09/13/2016,144.8
09/14/2016,145.5
09/15/2016,145.4
09/16/2016,144.9
09/19/2016,145.1
09/20/2016,145.7
09/21/2016,145.8
09/22/2016,145.8
09/23/2016,145.8
09/26/2016,146.15
09/27/2016,145.75
09/28/2016,145.9
09/29/2016,146.1
09/30/2016,146.2
10/03/2016,146.25
10/04/2016,146.1
10/05/2016,146.1
10/06/2016,146.15
10/07/2016,146.25
10/10/2016,
10/11/2016,146.45
10/12/2016,146.8
10/13/2016,146.6
10/14/2016,146.55
10/17/2016,146.8
10/18/2016,146.75
10/19/2016,146.9
10/20/2016,146.7
10/21/2016,147
10/24/2016,146.9
10/25/2016,147.1
10/26/2016,147.1
10/27/2016,147.5
10/28/2016,147.6
10/31/2016,147.6
11/01/2016,147.5
11/02/2016,147.75
11/03/2016,147.5
11/04/2016,147.5
11/07/2016,147.75
11/08/2016,147.5
11/09/2016,147.6
11/10/2016,147.4
11/11/2016,
11/14/2016,147.3
11/15/2016,147.75
11/16/2016,147.75
11/17/2016,147.75
11/18/2016,148
11/21/2016,147.95
11/22/2016,148
11/23/2016,148
11/24/2016,
11/25/2016,148.2
11/28/2016,148.2
11/29/2016,148.4
11/30/2016,148.4
12/01/2016,148.1
12/02/2016,148.3
12/05/2016,148.1
12/06/2016,148.8
12/07/2016,148.4
12/08/2016,148.5
12/09/2016,148.6
12/12/2016,148.4
12/13/2016,148.4
12/14/2016,148.3
12/15/2016,148.4
12/16/2016,149.22
12/19/2016,149
12/20/2016,148.75
12/21/2016,149.05
12/22/2016,149.6
12/23/2016,149.5
12/26/2016,
12/27/2016,149.2
12/28/2016,149.3
12/29/2016,149.6
12/30/2016,149.6
01/02/2017,
01/03/2017,149.8
01/04/2017,149.35
01/05/2017,149.7
01/06/2017,149.7
01/09/2017,149.6
01/10/2017,149.6
01/11/2017,149.8
01/12/2017,149.8
01/13/2017,149.8
01/16/2017,
01/17/2017,149.65
01/18/2017,150.1
01/19/2017,149.7
01/20/2017,
01/23/2017,149.9
01/24/2017,149.95
01/25/2017,150.05
01/26/2017,150.05
01/27/2017,150
01/30/2017,150.2
01/31/2017,150.1
02/01/2017,150.5
02/02/2017,150.2
02/03/2017,150.2
02/06/2017,150.53
02/07/2017,150.5
02/08/2017,150.5
02/09/2017,150.5
02/10/2017,150.35
02/13/2017,150.45
02/14/2017,150.43
02/15/2017,150.58
02/16/2017,150.6
02/17/2017,151.13
02/20/2017,
02/21/2017,151.25
02/22/2017,152
02/23/2017,152
02/24/2017,151.85
02/27/2017,151.75
02/28/2017,151.25
03/01/2017,151.25
03/02/2017,151.1
03/03/2017,151.1
03/06/2017,151
03/07/2017,151.2
03/08/2017,151
03/09/2017,151.25
03/10/2017,151.25
03/13/2017,151.45
03/14/2017,151.4
03/15/2017,151.6
03/16/2017,151.4
03/17/2017,151.75
03/20/2017,151.98
03/21/2017,151.5
03/22/2017,151.71
03/23/2017,151.71
03/24/2017,151.4
03/27/2017,151.7
03/28/2017,151.8
03/29/2017,152.05
03/30/2017,151.98
03/31/2017,152.03
04/03/2017,151.75
04/04/2017,151.7
04/05/2017,151.55
04/06/2017,151.7
04/07/2017,151.6
04/10/2017,151.37
04/11/2017,152.23
04/12/2017,152.13
04/13/2017,151.98
04/14/2017,151.83
04/17/2017,151.8
04/18/2017,151.8
04/19/2017,152
04/20/2017,151.95
04/21/2017,152
04/24/2017,152
04/25/2017,151.75
04/26/2017,151.9
04/27/2017,152.1
04/28/2017,152.1
05/01/2017,151.95
05/02/2017,151.95
05/03/2017,151.86
05/04/2017,152.25
05/05/2017,152.25
05/08/2017,152.15
05/09/2017,152.2
05/10/2017,152.05
05/11/2017,152.01
05/12/2017,152.4
05/15/2017,152.4
05/16/2017,152.6
05/17/2017,152.55
05/18/2017,152.6
05/19/2017,152.4
05/22/2017,152.7
05/23/2017,152.65
05/24/2017,152.6
05/25/2017,152.78
05/26/2017,152.75
05/29/2017,
05/30/2017,152.75
05/31/2017,152.75
06/01/2017,152.7
06/02/2017,151.85
06/05/2017,152.6
06/06/2017,152.5
06/07/2017,152.7
06/08/2017,151.91
06/09/2017,152.73
06/12/2017,152.02
06/13/2017,152.75
06/14/2017,152.7
06/15/2017,152.9
06/16/2017,152.8
06/19/2017,153.1
06/20/2017,153.15
06/21/2017,153.1
06/22/2017,153.1
06/23/2017,153.25
06/26/2017,152.62
06/27/2017,153.2
06/28/2017,153.25
06/29/2017,153.4
06/30/2017,153.45
07/03/2017,153.5
07/04/2017,
07/05/2017,153.6
07/06/2017,153.4
07/07/2017,153.55
07/10/2017,153.6
07/11/2017,153.7
07/12/2017,153.65
07/13/2017,153.6
07/14/2017,153.6
07/17/2017,153.7
07/18/2017,153.75
07/19/2017,153.6
07/20/2017,153.6
07/21/2017,153.6
07/24/2017,153.45
07/25/2017,153.45
07/26/2017,153.55
07/27/2017,153.65
07/28/2017,153.7
07/31/2017,153.5
08/01/2017,153.1
08/02/2017,153.45
08/03/2017,153.4
08/04/2017,153.4
08/07/2017,153.4
08/08/2017,153.25
08/09/2017,153.2
08/10/2017,153.25
08/11/2017,153
08/14/2017,153.1
08/15/2017,153.15
08/16/2017,153.2
08/17/2017,153.25
08/18/2017,153.25
08/21/2017,153.1
08/22/2017,152.9
08/23/2017,152.9
08/24/2017,152.9
08/25/2017,152.9
08/28/2017,152.9
08/29/2017,152.8
08/30/2017,152.75
08/31/2017,152.7
09/01/2017,152.7
09/04/2017,
09/05/2017,152.35
09/06/2017,152.6
09/07/2017,152.6
09/08/2017,152.7
09/11/2017,152.75
09/12/2017,152.8
09/13/2017,152.95
09/14/2017,152.85
09/15/2017,152.85
09/18/2017,152.95
09/19/2017,153.1
09/20/2017,152.6
09/21/2017,152.7
09/22/2017,152.7
09/25/2017,152.95
09/26/2017,152.95
09/27/2017,153.05
09/28/2017,153.05
09/29/2017,153.05
10/02/2017,153.05
10/03/2017,153.2
10/04/2017,153.2
10/05/2017,153.2
10/06/2017,153.2
10/09/2017,
10/10/2017,153.4
10/11/2017,153.4
10/12/2017,153.7
10/13/2017,153.7
10/16/2017,153.55
10/17/2017,153.6
10/18/2017,153.6
10/19/2017,153.6
10/20/2017,153.65
10/23/2017,153.6
10/24/2017,153.75
10/25/2017,153.8
10/26/2017,153.55
10/27/2017,153.5
10/30/2017,153.5
10/31/2017,153.55
11/01/2017,153.65
11/02/2017,153.55
11/03/2017,153.55
11/06/2017,153.55
11/07/2017,153.35
11/08/2017,153.3
11/09/2017,153.5
11/10/2017,
11/13/2017,153.6
11/14/2017,153.55
11/15/2017,153.75
11/16/2017,153.6
11/17/2017,153.6
11/20/2017,153.6
11/21/2017,153.75
11/22/2017,153.7
11/23/2017,
11/24/2017,153.7
11/27/2017,153.55
11/28/2017,153.75
11/29/2017,153.7
11/30/2017,153.55
12/01/2017,153.55
12/04/2017,153.55
12/05/2017,153.3
12/06/2017,153.25
12/07/2017,153.35
12/08/2017,153.1
12/11/2017,153.1
12/12/2017,153.07
12/13/2017,153.1
12/14/2017,153.15
12/15/2017,153.1
12/18/2017,153.1
12/19/2017,153.1
12/20/2017,153
12/21/2017,152.85
12/22/2017,152.85
12/25/2017,
12/26/2017,152.6
12/27/2017,152.35
12/28/2017,153.3
12/29/2017,153.4
01/01/2018,
01/02/2018,153.4
01/03/2018,153.6
01/04/2018,153.6
01/05/2018,153.45
01/08/2018,153.7
01/09/2018,153.7
01/10/2018,153.75
01/11/2018,153.7
01/12/2018,153.9
01/15/2018,
01/16/2018,153.85
01/17/2018,153.9
01/18/2018,153.75
01/19/2018,153.75
01/22/2018,154
01/23/2018,154.1
01/24/2018,153.7
01/25/2018,153.7
01/26/2018,153.65
01/29/2018,153.65
01/30/2018,153.9
01/31/2018,153.9
02/01/2018,154.05
02/02/2018,154.2
02/05/2018,154.2
02/06/2018,154.65
02/07/2018,154.5
02/08/2018,154.3
02/09/2018,154.3
02/12/2018,154.85
02/13/2018,154.85
02/14/2018,155.5
02/15/2018,154.85
02/16/2018,155.1
02/19/2018,
02/20/2018,155.4
02/21/2018,155.15
02/22/2018,155.15
02/23/2018,155.1
02/26/2018,154.8
02/27/2018,154.8
02/28/2018,154.95
03/01/2018,154.95
03/02/2018,155.15
03/05/2018,154.9
03/06/2018,155
03/07/2018,155.3
03/08/2018,155.35
03/09/2018,155.4
03/12/2018,155.6
03/13/2018,155.65
03/14/2018,155.8
03/15/2018,155.95
03/16/2018,155.95
03/19/2018,156
03/20/2018,156.05
03/21/2018,156
03/22/2018,156.1
03/23/2018,156.1
03/26/2018,156
03/27/2018,156
03/28/2018,155.6
03/29/2018,155.6
03/30/2018,155.6
04/02/2018,155.15
04/03/2018,155.75
04/04/2018,155.85
04/05/2018,155.4
04/06/2018,155.4
04/09/2018,155.45
04/10/2018,155.45
04/11/2018,155.6
04/12/2018,155.6
04/13/2018,155.6
04/16/2018,155.8
04/17/2018,156.3
04/18/2018,156.3
04/19/2018,156.05
04/20/2018,156.3
04/23/2018,156.75
04/24/2018,156.85
04/25/2018,157.6
04/26/2018,157.5
04/27/2018,157.6
04/30/2018,157.6
05/01/2018,157.55
05/02/2018,157.45
05/03/2018,157.65
05/04/2018,157.43
05/07/2018,157.43
05/08/2018,157.45
05/09/2018,157.85
05/10/2018,157.7
05/11/2018,157.7
05/14/2018,157.95
05/15/2018,158
05/16/2018,158
05/17/2018,157.7
05/18/2018,157.65
05/21/2018,157.7
05/22/2018,157.8
05/23/2018,157.75
05/24/2018,157.9
05/25/2018,157.9
05/28/2018,
05/29/2018,157.85
05/30/2018,158
05/31/2018,158.15
06/01/2018,158.55
06/04/2018,158.45
06/05/2018,158.2
06/06/2018,158.6
06/07/2018,158.8
06/08/2018,159
06/11/2018,159.1
06/12/2018,159.4
06/13/2018,159.6
06/14/2018,159.5
06/15/2018,159.5
06/18/2018,159.8
06/19/2018,159.9
06/20/2018,159.8
06/21/2018,159.4
06/22/2018,158.9
06/25/2018,158.8
06/26/2018,158.25
06/27/2018,158.25
06/28/2018,158.2
06/29/2018,158.2
07/02/2018,158.3
07/03/2018,158.3
07/04/2018,
07/05/2018,158.9
07/06/2018,159.1
07/09/2018,159.25
07/10/2018,159.2
07/11/2018,159.3
07/12/2018,159.3
07/13/2018,159.45
07/16/2018,159.7
07/17/2018,159.8
07/18/2018,159.8
07/19/2018,159.85
07/20/2018,159.85
07/23/2018,159.4
07/24/2018,159.35
07/25/2018,159.5
07/26/2018,159.5
07/27/2018,159.5
07/30/2018,159.55
07/31/2018,159.55
08/01/2018,159.4
08/02/2018,159.6
08/03/2018,159.7
08/06/2018,159.65
08/07/2018,159.65
08/08/2018,159.75
08/09/2018,159.85
08/10/2018,159.85
08/13/2018,159.9
08/14/2018,160.05
08/15/2018,160.05
08/16/2018,160.4
08/17/2018,160.35
08/20/2018,160.4
08/21/2018,160.5
08/22/2018,160.5
08/23/2018,160.6
08/24/2018,160.9
08/27/2018,161.05
08/28/2018,161.2
08/29/2018,161.3
08/30/2018,161.35
08/31/2018,161.4
09/03/2018,
09/04/2018,161.8
09/05/2018,162.1
09/06/2018,161.4
09/07/2018,161.95
09/10/2018,162.3
09/11/2018,162.2
09/12/2018,162.4
09/13/2018,162.75
09/14/2018,163.6
09/17/2018,164.8
09/18/2018,165.7
09/19/2018,167
09/20/2018,168.6
09/21/2018,168.6
09/24/2018,168.6
09/25/2018,168.55
09/26/2018,168.8
09/27/2018,169.1
09/28/2018,169
10/01/2018,168.9
10/02/2018,169.2
10/03/2018,169.7
10/04/2018,169.85
10/05/2018,170.2
10/08/2018,
10/09/2018,170.9
10/10/2018,171
10/11/2018,171.1
10/12/2018,169.5
10/15/2018,170.1
10/16/2018,170.6
10/17/2018,170.8
10/18/2018,171.1
10/19/2018,171.6
10/22/2018,172.4
10/23/2018,172.4
10/24/2018,172.4
10/25/2018,172.5
10/26/2018,172.6
10/29/2018,173.7
10/30/2018,174.1
10/31/2018,175.3
11/01/2018,174
11/02/2018,174.1
11/05/2018,174.1
11/06/2018,174.1
11/07/2018,174.5
11/08/2018,174.7
11/09/2018,174.9
11/12/2018,
11/13/2018,175.9
11/14/2018,175.9
11/15/2018,176.45
11/16/2018,176.5
11/19/2018,177
11/20/2018,177
11/21/2018,178.5
11/22/2018,
11/23/2018,179.4
11/26/2018,180
11/27/2018,180.1
11/28/2018,179.4
11/29/2018,179.5
11/30/2018,178.5
12/03/2018,178.6
12/04/2018,178.8
12/05/2018,
12/06/2018,179
12/07/2018,178.4
12/10/2018,178.7
12/11/2018,179.1
12/12/2018,179.25
12/13/2018,179.5
12/14/2018,179.6
12/17/2018,179.7
12/18/2018,179.8
12/19/2018,180.1
12/20/2018,180.75
12/21/2018,181
12/24/2018,
12/25/2018,
12/26/2018,181.73
12/27/2018,182.1
12/28/2018,182.7
12/31/2018,182.6
01/01/2019,
01/02/2019,182.8
01/03/2019,182.65
01/04/2019,182.5
01/07/2019,182.1
01/08/2019,182.5
01/09/2019,182.3
01/10/2019,181.9
01/11/2019,181.8
01/14/2019,
01/15/2019,182.1
01/16/2019,182.2
01/17/2019,181.4
01/18/2019,181.4
01/21/2019,
01/22/2019,182.05
01/23/2019,182
01/24/2019,181.5
01/25/2019,181.5
01/28/2019,181.45
01/29/2019,180.6
01/30/2019,179.15
01/31/2019,178.15
02/01/2019,176.4
02/04/2019,176.4
02/05/2019,178
02/06/2019,177.4
02/07/2019,177.5
02/08/2019,177.5
02/11/2019,177.55
02/12/2019,178.2
02/13/2019,178.3
02/14/2019,178.4
02/15/2019,178.5
02/18/2019,
02/19/2019,179.4
02/20/2019,
02/21/2019,179.35
02/22/2019,179.3
02/25/2019,179.6
02/26/2019,179.7
02/27/2019,179.7
02/28/2019,179.9
03/01/2019,179.6
03/04/2019,179.6
03/05/2019,178.85
03/06/2019,178.3
03/07/2019,178.5
03/08/2019,178.4
03/11/2019,178.45
03/12/2019,178.6
03/13/2019,178.8
03/14/2019,178.8
03/15/2019,178.4
03/18/2019,178.2
03/19/2019,178.4
03/20/2019,178.4
03/21/2019,177.95
03/22/2019,177.95
03/25/2019,178.05
03/26/2019,177.25
03/27/2019,176.05
03/28/2019,176.1
03/29/2019,175.35
04/01/2019,174.25
04/02/2019,174.4
04/03/2019,174.6
04/04/2019,174.5
04/05/2019,174.7
04/08/2019,174.55
04/09/2019,174.65
04/10/2019,174.55
04/11/2019,174.45
04/12/2019,174.5
04/15/2019,174.5
04/16/2019,174.6
04/17/2019,174.5
04/18/2019,173.95
04/19/2019,173.95
04/22/2019,174.5
04/23/2019,174.5
04/24/2019,174.7
04/25/2019,175
04/26/2019,175.2
04/29/2019,175.6
04/30/2019,176
05/01/2019,176
05/02/2019,176.4
05/03/2019,177.15
05/06/2019,177.2
05/07/2019,176.75
05/08/2019,174.4
05/09/2019,175.2
05/10/2019,175.98
05/13/2019,176.5
05/14/2019,176.39
05/15/2019,176.1
05/16/2019,175.9
05/17/2019,175.7
05/20/2019,175.7
05/21/2019,176.07
05/22/2019,176.35
05/23/2019,176.35
05/24/2019,176.35
05/27/2019,
05/28/2019,176.15
05/29/2019,176.15
05/30/2019,176.25
05/31/2019,176.26
06/03/2019,176.4
06/04/2019,176.35
06/05/2019,176.25
06/06/2019,176.35
06/07/2019,176.25
06/10/2019,176.3
06/11/2019,176.39
06/12/2019,176.44
06/13/2019,176.5
06/14/2019,176.68
06/17/2019,176.7
06/18/2019,176.66
06/19/2019,176.66
06/20/2019,176.65
06/21/2019,176.55
06/24/2019,176.4
06/25/2019,176.39
06/26/2019,176.5
06/27/2019,176.5
06/28/2019,176.35
07/01/2019,176.2
07/02/2019,176.25
07/03/2019,175.95
07/04/2019,
07/05/2019,176.05
07/08/2019,176.1
07/09/2019,175.6
07/10/2019,175.3
07/11/2019,175.3
07/12/2019,175.4
07/15/2019,175.6
07/16/2019,176.01
07/17/2019,175.6
07/18/2019,175.65
07/19/2019,175.75
07/22/2019,175.75
07/23/2019,176
07/24/2019,176.16
07/25/2019,176.1
07/26/2019,176.1
07/29/2019,176.11
07/30/2019,176.15
07/31/2019,176.3
08/01/2019,176.44
08/02/2019,176.6
08/05/2019,176.8
08/06/2019,177.35
08/07/2019,177.3
08/08/2019,176.8
08/09/2019,176.75
08/12/2019,176.75
08/13/2019,176.85
08/14/2019,176.85
08/15/2019,177.1
08/16/2019,177.1
08/19/2019,177.3
08/20/2019,177.9
08/21/2019,178.75
08/22/2019,179.4
08/23/2019,179.81
08/26/2019,179.5
08/27/2019,179.65
08/28/2019,180.2
08/29/2019,180.25
08/30/2019,179.2
09/02/2019,
09/03/2019,180.2
09/04/2019,180.45
09/05/2019,180.65
09/06/2019,180.8
09/09/2019,180.4
09/10/2019,180.3
09/11/2019,180.27
09/12/2019,180.3
09/13/2019,179.74
09/16/2019,180.35
09/17/2019,180.55
09/18/2019,180.65
09/19/2019,180.85
09/20/2019,181.1
09/23/2019,181.4
09/24/2019,181.05
09/25/2019,181.44
09/26/2019,181.65
09/27/2019,181.8
09/30/2019,182
10/01/2019,182.2
10/02/2019,181.7
10/03/2019,181.37
10/04/2019,181.35
10/07/2019,180.87
10/08/2019,180.3
10/09/2019,180.45
10/10/2019,180.5
10/11/2019,180.65
10/14/2019,
10/15/2019,181.65
10/16/2019,181.9
10/17/2019,181.9
10/18/2019,181.9
10/21/2019,181.7
10/22/2019,181.55
10/23/2019,181.3
10/24/2019,181.1
10/25/2019,181.2
10/28/2019,181.35
10/29/2019,181.45
10/30/2019,181.5
10/31/2019,181.05
11/01/2019,181.1
11/04/2019,180.45
11/05/2019,180.2
11/06/2019,180.5
11/07/2019,180.69
11/08/2019,180.5
11/11/2019,
11/12/2019,180.33
11/13/2019,180.2
11/14/2019,180.3
11/15/2019,180.06
11/18/2019,179.45
11/19/2019,179.25
11/20/2019,179.2
11/21/2019,179.6
11/22/2019,179.93
11/25/2019,180.85
11/26/2019,181.5
11/27/2019,180.95
11/28/2019,
11/29/2019,180.85
12/02/2019,181.25
12/03/2019,181.5
12/04/2019,181.14
12/05/2019,181.4
12/06/2019,181.1
12/09/2019,181.13
12/10/2019,181.03
12/11/2019,181.03
12/12/2019,180.8
12/13/2019,181
12/16/2019,181.07
12/17/2019,181.1
12/18/2019,181.1
12/19/2019,181.4
12/20/2019,181
12/23/2019,181.25
12/24/2019,181.3
12/25/2019,
12/26/2019,181.3
12/27/2019,181.35
12/30/2019,181.6
12/31/2019,181.3
01/01/2020,
01/02/2020,181.16
01/03/2020,181.2
01/06/2020,181.2
01/07/2020,181.16
01/08/2020,181.5
01/09/2020,181.3
01/10/2020,181.09
01/13/2020,181.45
01/14/2020,181.39
01/15/2020,181.39
01/16/2020,181.39
01/17/2020,181.16
01/20/2020,
01/21/2020,181.35
01/22/2020,181.35
01/23/2020,181.45
01/24/2020,181.5
01/27/2020,181.4
01/28/2020,181.17
01/29/2020,181.4
01/30/2020,181.4
01/31/2020,181.35
02/03/2020,181.4
02/04/2020,181.39
02/05/2020,181.39
02/06/2020,181.3
02/07/2020,181.35
02/10/2020,181.39
02/11/2020,181.4
02/12/2020,181.35
02/13/2020,181.4
02/14/2020,181.41
02/17/2020,
02/18/2020,181.5
02/19/2020,181.9
02/20/2020,181.55
02/21/2020,181.35
02/24/2020,181.65
02/25/2020,181.6
02/26/2020,181.6
02/27/2020,181.75
02/28/2020,181.85
03/02/2020,182.1
03/03/2020,182
03/04/2020,181.95
03/05/2020,181.8
03/06/2020,181.85
03/09/2020,181.55
03/10/2020,182.4
03/11/2020,182.49
03/12/2020,182.75
03/13/2020,183.61
03/16/2020,183.9
03/17/2020,184.8
03/18/2020,185.65
03/19/2020,186.33
03/20/2020,187
03/23/2020,186.69
03/24/2020,186.69
03/25/2020,186.69
03/26/2020,186.69
03/27/2020,186.69
03/30/2020,186.69
03/31/2020,186.69
04/01/2020,186.69
04/02/2020,186.69
04/03/2020,190.1
04/06/2020,193
04/07/2020,191.6
04/08/2020,191.6
04/09/2020,190.5
04/10/2020,191.6
04/13/2020,191.6
04/14/2020,191.6
04/15/2020,191.6
04/16/2020,191.5
04/17/2020,191.5
04/20/2020,192
04/21/2020,192
04/22/2020,193
04/23/2020,192.5
04/24/2020,192.41
04/27/2020,192.33
04/28/2020,192.2
04/29/2020,191.88
04/30/2020,191.88
05/01/2020,191.88
05/04/2020,190.21
05/05/2020,188.6
05/06/2020,187.58
05/07/2020,187.58
05/08/2020,187.58
05/11/2020,188
05/12/2020,188
05/13/2020,188
05/14/2020,187.5
05/15/2020,187.42
05/18/2020,187.4
05/19/2020,187.4
05/20/2020,187
05/21/2020,186.5
05/22/2020,185.5
05/25/2020,
05/26/2020,186
05/27/2020,186.2
05/28/2020,186.3
05/29/2020,186.2
06/01/2020,186
06/02/2020,185.8
06/03/2020,185.75
06/04/2020,185.4
06/05/2020,185.33
06/08/2020,185.05
06/09/2020,185
06/10/2020,185
06/11/2020,185.1
06/12/2020,185.2
06/15/2020,185.9
06/16/2020,186
06/17/2020,186.41
06/18/2020,186.55
06/19/2020,186.17
06/22/2020,186.55
06/23/2020,186.5
06/24/2020,186.53
06/25/2020,186.35
06/26/2020,186.33
06/29/2020,186.1
06/30/2020,186.13
07/01/2020,186.15
07/02/2020,186.05
07/03/2020,
07/06/2020,185.75
07/07/2020,185.85
07/08/2020,185.75
07/09/2020,185.63
07/10/2020,185.63
07/13/2020,185.85
07/14/2020,185.8
07/15/2020,185.8
07/16/2020,185.7
07/17/2020,185.7
07/20/2020,185.75
07/21/2020,185.75
07/22/2020,185.75
07/23/2020,185.75
07/24/2020,185.75
07/27/2020,185.7
07/28/2020,185.75
07/29/2020,185.7
07/30/2020,185.6
07/31/2020,185.07
08/03/2020,185.07
08/04/2020,185.5
08/05/2020,185.45
08/06/2020,185.4
08/07/2020,185.2
08/10/2020,184.7
08/11/2020,183.95
08/12/2020,182.9
08/13/2020,182.8
08/14/2020,183.13
08/17/2020,183.13
08/18/2020,184.23
08/19/2020,186.1
08/20/2020,184.35
08/21/2020,184.5
08/24/2020,184.9
08/25/2020,186.4
08/26/2020,186.2
08/27/2020,185.9
08/28/2020,186.3
08/31/2020,185.8
09/01/2020,185.8
09/02/2020,185.2
09/03/2020,185.3
09/04/2020,185.05
09/07/2020,
09/08/2020,184.25
09/09/2020,184.35
09/10/2020,184.7
09/11/2020,184.45
09/14/2020,184.2
09/15/2020,184.3
09/16/2020,184.9
09/17/2020,185
09/18/2020,185.45
09/21/2020,185.47
09/22/2020,185.3
09/23/2020,184.8
09/24/2020,185.1
09/25/2020,185.2
09/28/2020,185.17
09/29/2020,185.1
09/30/2020,184.9
10/01/2020,184.8
10/02/2020,184.4
10/05/2020,184.65
10/06/2020,184.55
10/07/2020,184.4
10/08/2020,184.15
10/09/2020,184.2
10/12/2020,
10/13/2020,184.35
10/14/2020,184.65
10/15/2020,184.5
10/16/2020,184.2
10/19/2020,184.35
10/20/2020,184.5
10/21/2020,184.25
10/22/2020,184.35
10/23/2020,184.3
10/26/2020,184.3
10/27/2020,184.3
10/28/2020,184.3
10/29/2020,184.25
10/30/2020,184.16
11/02/2020,184.45
11/03/2020,184.3
11/04/2020,184.28
11/05/2020,184.45
11/06/2020,184.45
11/09/2020,184.45
11/10/2020,184.5
11/11/2020,
11/12/2020,184.55
11/13/2020,184.6
11/16/2020,185.01
11/17/2020,185.1
11/18/2020,184.65
11/19/2020,184.9
11/20/2020,185
11/23/2020,185.2
11/24/2020,185.54
11/25/2020,185.6
11/26/2020,
11/27/2020,
11/30/2020,185.54
12/01/2020,185.9
12/02/2020,185.89
12/03/2020,185.94
12/04/2020,185.5
12/07/2020,186.3
12/08/2020,186.1
12/09/2020,185.52
12/10/2020,185.8
12/11/2020,186.35
12/14/2020,186.67
12/15/2020,186.91
12/16/2020,186.9
12/17/2020,186.83
12/18/2020,187
12/21/2020,187.6
12/22/2020,189
12/23/2020,190
12/24/2020,
12/25/2020,
12/28/2020,187.5
12/29/2020,187.58
12/30/2020,185
12/31/2020,185
01/01/2021,
01/04/2021,184.97
01/05/2021,186.94
01/06/2021,187.62
01/07/2021,187.83
01/08/2021,186.57
01/11/2021,186.57
01/12/2021,189
01/13/2021,189
01/14/2021,189
01/15/2021,192.5
01/18/2021,
01/19/2021,193
01/20/2021,
01/21/2021,195.57
01/22/2021,196.42
01/25/2021,197.02
01/26/2021,195
01/27/2021,193.11
01/28/2021,193.11
01/29/2021,190.5
02/01/2021,193.5
02/02/2021,193.5
02/03/2021,194.86
02/04/2021,194.86
02/05/2021,194.01
02/08/2021,194.5
02/09/2021,195
02/10/2021,196.5
02/11/2021,193.5
02/12/2021,192.77
02/15/2021,
02/16/2021,195.25
02/17/2021,195.06
02/18/2021,195.12
02/19/2021,194.76
02/22/2021,194.13
02/23/2021,193.7
02/24/2021,193.4
02/25/2021,194.13
02/26/2021,193.05
03/01/2021,194.5
03/02/2021,194.58
03/03/2021,195.23
03/04/2021,195.18
03/05/2021,195.18
03/08/2021,195.21
03/09/2021,195.61
03/10/2021,196
03/11/2021,195.33
03/12/2021,196
03/15/2021,196.87
03/16/2021,198
03/17/2021,198.26
03/18/2021,197.28
03/19/2021,197.28
03/22/2021,197.5
03/23/2021,198.38
03/24/2021,198.22
03/25/2021,198.19
03/26/2021,198.55
03/29/2021,198.82
03/30/2021,199.02
03/31/2021,199.07
04/01/2021,198.73
04/02/2021,198.87
04/05/2021,199.57
04/06/2021,199.75
04/07/2021,199.75
04/08/2021,199.75
04/09/2021,199.75
04/12/2021,201.1
04/13/2021,201.1
04/14/2021,201.1
04/15/2021,200.71
04/16/2021,195.86
04/19/2021,189.05
04/20/2021,190.29
04/21/2021,191.61
04/22/2021,192
04/23/2021,193
04/26/2021,193.66
04/27/2021,194
04/28/2021,194
04/29/2021,196
04/30/2021,197
05/03/2021,197
05/04/2021,196.36
05/05/2021,196.33
05/06/2021,196
05/07/2021,197.5
05/10/2021,197.5
05/11/2021,195.87
05/12/2021,196.07
05/13/2021,196.73
05/14/2021,196.73
05/17/2021,196.73
05/18/2021,196.61
05/19/2021,196
05/20/2021,196
05/21/2021,196.77
05/24/2021,196.77
05/25/2021,197.92
05/26/2021,197.55
05/27/2021,197.55
05/28/2021,197.55
05/31/2021,
06/01/2021,197
06/02/2021,197.5
06/03/2021,197.05
06/04/2021,197.05
06/07/2021,197.11
06/08/2021,197.55
06/09/2021,197.69
06/10/2021,198
06/11/2021,197.6
06/14/2021,197.53
06/15/2021,197.53
06/16/2021,197.69
06/17/2021,197.92
06/18/2021,197.69
06/21/2021,198
06/22/2021,198.14
06/23/2021,197.99
06/24/2021,198.52
06/25/2021,198.5
06/28/2021,199
06/29/2021,199
06/30/2021,198.85
07/01/2021,199
07/02/2021,199
07/05/2021,
07/06/2021,198.5
07/07/2021,198.5
07/08/2021,198.5
07/09/2021,198.7
07/12/2021,198.52
07/13/2021,199
07/14/2021,198.5
07/15/2021,198.5
07/16/2021,199
07/19/2021,199.5
07/20/2021,199.05
07/21/2021,199.05
07/22/2021,199
07/23/2021,199
07/26/2021,199.47
07/27/2021,198.5
07/28/2021,199.19
07/29/2021,199
07/30/2021,199
08/02/2021,199
08/03/2021,199
08/04/2021,199
08/05/2021,199
08/06/2021,199
08/09/2021,199
08/10/2021,199
08/11/2021,198.84
08/12/2021,199
08/13/2021,199.5
08/16/2021,198.94
08/17/2021,199
08/18/2021,199
08/19/2021,199.1
08/20/2021,199
08/23/2021,199.5
08/24/2021,199
08/25/2021,199.25
08/26/2021,199
08/27/2021,200
08/30/2021,199.5
08/31/2021,199.16
09/01/2021,199
09/02/2021,199.47
09/03/2021,200
09/06/2021,
09/07/2021,199
09/08/2021,199
09/09/2021,199.5
09/10/2021,200
09/13/2021,199
09/14/2021,199
09/15/2021,199
09/16/2021,199
09/17/2021,199.29
09/20/2021,199
09/21/2021,199
09/22/2021,199
09/23/2021,199.5
09/24/2021,199.03
09/27/2021,199
09/28/2021,199.13
09/29/2021,199.35
09/30/2021,199
10/01/2021,199
10/04/2021,199
10/05/2021,199.5
10/06/2021,199.5
10/07/2021,199.5
10/08/2021,199.5
10/11/2021,
10/12/2021,200
10/13/2021,201
10/14/2021,201
10/15/2021,200.3
10/18/2021,200
10/19/2021,199.69
10/20/2021,198.85
10/21/2021,200
10/22/2021,200.01
10/25/2021,200
10/26/2021,202.5
10/27/2021,201.11
10/28/2021,200.49
10/29/2021,200.71
11/01/2021,201
11/02/2021,201.03
11/03/2021,200.61
11/04/2021,200
11/05/2021,200
11/08/2021,200
11/09/2021,200.29
11/10/2021,201
11/11/2021,
11/12/2021,201.05
11/15/2021,201.8
11/16/2021,201.8
11/17/2021,200.94
11/18/2021,201
11/19/2021,201.01
11/22/2021,202.46
11/23/2021,202.5
11/24/2021,201
11/25/2021,
11/26/2021,201.79
11/29/2021,202.5
11/30/2021,202.5
12/01/2021,200.86
12/02/2021,202
12/03/2021,201
12/06/2021,202.5
12/07/2021,202
12/08/2021,202.75
12/09/2021,202
12/10/2021,202
12/13/2021,201
12/14/2021,202
12/15/2021,202
12/16/2021,201.56
12/17/2021,201.56
12/20/2021,202
12/21/2021,202
12/22/2021,201.79
12/23/2021,202
12/24/2021,
12/27/2021,202.5
12/28/2021,202.75
12/29/2021,202
12/30/2021,202.75
12/31/2021,
01/03/2022,202.75
01/04/2022,202.75
01/05/2022,201
01/06/2022,201
01/07/2022,202.75
01/10/2022,202.75
01/11/2022,202.75
01/12/2022,202.75
01/13/2022,202.75
01/14/2022,200.05
01/17/2022,
01/18/2022,200.37
01/19/2022,202.75
01/20/2022,202
01/21/2022,202
01/24/2022,201
01/25/2022,200
01/26/2022,202.75
01/27/2022,201
01/28/2022,201
01/31/2022,202.67
02/01/2022,202.67
02/02/2022,202.75
02/03/2022,202.5
02/04/2022,201.14
02/07/2022,202.75
02/08/2022,201.66
02/09/2022,200.51
02/10/2022,202.75
02/11/2022,202
02/14/2022,202
02/15/2022,202
02/16/2022,200.89
02/17/2022,202.5
02/18/2022,202
02/21/2022,
02/22/2022,202.5
02/23/2022,202.5
02/24/2022,202
02/25/2022,202
02/28/2022,201
03/01/2022,199.94
03/02/2022,202.5
03/03/2022,202
03/04/2022,200
03/07/2022,200.79
03/08/2022,225.2
03/09/2022,225.16
03/10/2022,231.41
03/11/2022,250.08
03/14/2022,250.12
03/15/2022,260
03/16/2022,265
03/17/2022,264.45
03/18/2022,275
03/21/2022,275
03/22/2022,272.06
03/23/2022,280
03/24/2022,285
03/25/2022,290
03/28/2022,285
03/29/2022,288.97
03/30/2022,293
03/31/2022,290
04/01/2022,294.7
04/04/2022,295
04/05/2022,295
04/06/2022,295.9
04/07/2022,310
04/08/2022,310
04/11/2022,315
04/12/2022,315.18
04/13/2022,314.74
04/14/2022,314.74
04/15/2022,315.13
04/18/2022,320
04/19/2022,330
04/20/2022,330
04/21/2022,330
04/22/2022,330
04/25/2022,330
04/26/2022,340
04/27/2022,350
04/28/2022,346.2
04/29/2022,345.27
05/02/2022,345.27
05/03/2022,345.27
05/04/2022,347.47
05/05/2022,365
05/06/2022,358.82
05/09/2022,358.82
05/10/2022,360.64
05/11/2022,361.18
05/12/2022,365
05/13/2022,355.32
05/16/2022,354.87
05/17/2022,355.32
05/18/2022,355
05/19/2022,355
05/20/2022,355.23
05/23/2022,355.05
05/24/2022,355.15
05/25/2022,359
05/26/2022,359.5
05/27/2022,359.43
05/30/2022,
05/31/2022,355.85
06/01/2022,355.29
06/02/2022,355.31
06/03/2022,356
06/06/2022,362
06/07/2022,357
06/08/2022,357
06/09/2022,357
06/10/2022,357.68
06/13/2022,355
06/14/2022,354.54
06/15/2022,355
06/16/2022,357
06/17/2022,357
06/20/2022,
06/21/2022,358
06/22/2022,356.18
06/23/2022,357
06/24/2022,357
06/27/2022,357
06/28/2022,356
06/29/2022,356
06/30/2022,356
07/01/2022,356
07/04/2022,
07/05/2022,356.52
07/06/2022,356.6
07/07/2022,355
07/08/2022,360
07/11/2022,355
07/12/2022,355
07/13/2022,354.79
07/14/2022,361
07/15/2022,359.51
07/18/2022,355
07/19/2022,358.26
07/20/2022,356
07/21/2022,358
07/22/2022,355
07/25/2022,358
07/26/2022,357
07/27/2022,357
07/28/2022,362
07/29/2022,357
08/01/2022,355.79
08/02/2022,358
08/03/2022,357
08/04/2022,357
08/05/2022,357
08/08/2022,360.5
08/09/2022,357
08/10/2022,358
08/11/2022,357.96
08/12/2022,355
08/15/2022,355
08/16/2022,355
08/17/2022,355
08/18/2022,355
08/19/2022,355
08/22/2022,357
08/23/2022,355
08/24/2022,357
08/25/2022,357
08/26/2022,357
08/29/2022,355
08/30/2022,355
08/31/2022,358
09/01/2022,358
09/02/2022,355
09/05/2022,
09/06/2022,355
09/07/2022,355.76
09/08/2022,359
09/09/2022,355
09/12/2022,361.96
09/13/2022,358.45
09/14/2022,360.75
09/15/2022,362
09/16/2022,360.75
09/19/2022,359
09/20/2022,359
09/21/2022,361
09/22/2022,358
09/23/2022,359.05
09/26/2022,359
09/27/2022,359
09/28/2022,360.09
09/29/2022,359.57
09/30/2022,362
10/03/2022,358
10/04/2022,363
10/05/2022,363
10/06/2022,363
10/07/2022,363
10/10/2022,
10/11/2022,363
10/12/2022,362.26
10/13/2022,361.26
10/14/2022,363
10/17/2022,362
10/18/2022,362
10/19/2022,361.4
10/20/2022,361.63
10/21/2022,362
10/24/2022,354.3
10/25/2022,363
10/26/2022,363
10/27/2022,363
10/28/2022,363
10/31/2022,363
11/01/2022,361.56
11/02/2022,362
11/03/2022,363
11/04/2022,362
11/07/2022,354.4
11/08/2022,365
11/09/2022,363
11/10/2022,362.59
11/11/2022,
11/14/2022,363
11/15/2022,363
11/16/2022,363
11/17/2022,363.26
11/18/2022,363.26
11/21/2022,363.12
11/22/2022,363
11/23/2022,363
11/24/2022,
11/25/2022,363
11/28/2022,364.58
11/29/2022,363
11/30/2022,365
12/01/2022,365
12/02/2022,365
12/05/2022,363.39
12/06/2022,362.59
12/07/2022,362.63
12/08/2022,362.91
12/09/2022,363
12/12/2022,363.26
12/13/2022,362.22
12/14/2022,363
12/15/2022,363
12/16/2022,363.41
12/19/2022,362.88
12/20/2022,363
12/21/2022,363
12/22/2022,363
12/23/2022,363.31
12/26/2022,
12/27/2022,363
12/28/2022,363
12/29/2022,363
12/30/2022,363.31
01/02/2023,
01/03/2023,364.36
01/04/2023,363.99
01/05/2023,364.02
01/06/2023,363.93
01/09/2023,364.39
01/10/2023,365.43
01/11/2023,363.41
01/12/2023,365.41
01/13/2023,363.97
01/16/2023,
01/17/2023,364.88
01/18/2023,363.05
01/19/2023,364.01
01/20/2023,364.66
01/23/2023,362
01/24/2023,363.33
01/25/2023,363.13
01/26/2023,363.19
01/27/2023,362.81
01/30/2023,364.3
01/31/2023,364.63
02/01/2023,363.95
02/02/2023,364.67
02/03/2023,363
02/06/2023,364.22
02/07/2023,363.15
02/08/2023,362.9
02/09/2023,362.99
02/10/2023,362.57
02/13/2023,363.09
02/14/2023,362.5
02/15/2023,362.64
02/16/2023,362.77
02/17/2023,363.09
02/20/2023,
02/21/2023,362.19
02/22/2023,362.45
02/23/2023,363.24
02/24/2023,362.49
02/27/2023,360.4
02/28/2023,358.06
03/01/2023,354.2
03/02/2023,345.95
03/03/2023,334.33
03/06/2023,333.61
03/07/2023,322.25
03/08/2023,315
03/09/2023,320
03/10/2023,315
03/13/2023,325
03/14/2023,327.64
03/15/2023,335
03/16/2023,339.5
03/17/2023,336
03/20/2023,335
03/21/2023,320
03/22/2023,319.5
03/23/2023,318
03/24/2023,320
03/27/2023,319.68
03/28/2023,321.5
03/29/2023,325
03/30/2023,325
03/31/2023,324
04/03/2023,322.67
04/04/2023,319.59
04/05/2023,319.67
04/06/2023,320
04/07/2023,319.25
04/10/2023,318
04/11/2023,319
04/12/2023,319
04/13/2023,318.78
04/14/2023,318.78
04/17/2023,319
04/18/2023,318
04/19/2023,318.5
04/20/2023,318
04/21/2023,318
04/24/2023,317.9
04/25/2023,321.5
04/26/2023,319.67
04/27/2023,319.67
04/28/2023,320
05/01/2023,319.09
05/02/2023,320
05/03/2023,319.5
05/04/2023,319
05/05/2023,318.75
05/08/2023,318
05/09/2023,317
05/10/2023,315.9
05/11/2023,313
05/12/2023,312
05/15/2023,313
05/16/2023,309
05/17/2023,305
05/18/2023,306
05/19/2023,306.5
05/22/2023,305
05/23/2023,304.5
05/24/2023,303
05/25/2023,302
05/26/2023,297
05/29/2023,
05/30/2023,294
05/31/2023,290
06/01/2023,293.5
06/02/2023,290
06/05/2023,290
06/06/2023,291.5
06/07/2023,291
06/08/2023,294
06/09/2023,295.5
06/12/2023,298
06/13/2023,306
06/14/2023,309.68
06/15/2023,306.5
06/16/2023,305.57
06/19/2023,
06/20/2023,306
06/21/2023,306
06/22/2023,306
06/23/2023,307.5
06/26/2023,307.5
06/27/2023,308
06/28/2023,307.5
06/29/2023,307.15
06/30/2023,307.29
07/03/2023,305.93
07/04/2023,
07/05/2023,306
07/06/2023,309
07/07/2023,309
07/10/2023,310
07/11/2023,313
07/12/2023,314
07/13/2023,317
07/14/2023,318
07/17/2023,320.86
07/18/2023,322
07/19/2023,323
07/20/2023,324
07/21/2023,326.5
07/24/2023,329
07/25/2023,330
07/26/2023,328
07/27/2023,328
07/28/2023,328.04
07/31/2023,319.42
08/01/2023,317.61
08/02/2023,313
08/03/2023,316.17
08/04/2023,320
08/07/2023,322
08/08/2023,319.5
08/09/2023,319.5
08/10/2023,319
08/11/2023,319
08/14/2023,321
08/15/2023,320
08/16/2023,321
08/17/2023,321.5
08/18/2023,323
08/21/2023,323
08/22/2023,323.5
08/23/2023,323
08/24/2023,323
08/25/2023,323
08/28/2023,323.75
08/29/2023,320.5
08/30/2023,320.34
08/31/2023,318.5
09/01/2023,318.5
09/04/2023,
09/05/2023,321
09/06/2023,321
09/07/2023,322
09/08/2023,321
09/11/2023,321
09/12/2023,322.25
09/13/2023,322
09/14/2023,321.98
09/15/2023,322.75
09/18/2023,324.25
09/19/2023,324
09/20/2023,324
09/21/2023,323.5
09/22/2023,324
09/25/2023,324
09/26/2023,323.5
09/27/2023,323.75
09/28/2023,322.39
09/29/2023,322.2
10/02/2023,324.1
10/03/2023,323.5
10/04/2023,323.25
10/05/2023,323.95
10/06/2023,323.75
10/09/2023,
10/10/2023,323.5
10/11/2023,323.6
10/12/2023,323.25
10/13/2023,323.25
10/16/2023,323.9
10/17/2023,324
10/18/2023,324.5
10/19/2023,324.5
10/20/2023,325.5
10/23/2023,325.57
10/24/2023,326.67
10/25/2023,326.25
10/26/2023,326.5
10/27/2023,327.3
10/30/2023,327
10/31/2023,327.5
11/01/2023,327.5
11/02/2023,328.75
11/03/2023,328.5
11/06/2023,326.5
11/07/2023,327.5
11/08/2023,328.25
11/09/2023,327
11/10/2023,
11/13/2023,326.5
11/14/2023,327.6
11/15/2023,328.5
11/16/2023,327.75
11/17/2023,327.5
11/20/2023,327.36
11/21/2023,328.3
11/22/2023,328.25
11/23/2023,
11/24/2023,328.2
11/27/2023,328.75
11/28/2023,329
11/29/2023,328.25
11/30/2023,327.75
12/01/2023,327.25
12/04/2023,327.85
12/05/2023,327.8
12/06/2023,326.8
12/07/2023,326.5
12/08/2023,326.75
12/11/2023,326.75
12/12/2023,326.75
12/13/2023,326.5
12/14/2023,326.4
12/15/2023,326.85
12/18/2023,326.75
12/19/2023,326.75
12/20/2023,326.75
12/21/2023,326.15
12/22/2023,325.3
12/25/2023,
12/26/2023,324.97
12/27/2023,323.75
12/28/2023,323.8
12/29/2023,323.8
01/01/2024,
01/02/2024,321.5
01/03/2024,322.5
01/04/2024,322.5
01/05/2024,322.5
01/08/2024,322.2
01/09/2024,322.4
01/10/2024,322.75
01/11/2024,322.5
01/12/2024,322
01/15/2024,
01/16/2024,321.4
01/17/2024,320.8
01/18/2024,320.5
01/19/2024,320.1
01/22/2024,319.8
01/23/2024,319.7
01/24/2024,318
01/25/2024,317.97
01/26/2024,317.5
01/29/2024,317.6
01/30/2024,316.8
01/31/2024,315.7
02/01/2024,313.2
02/02/2024,311.5
02/05/2024,312.4
02/06/2024,313.5
02/07/2024,312.75
02/08/2024,312.75
02/09/2024,312.6
02/12/2024,313.25
02/13/2024,313
02/14/2024,313.1
02/15/2024,312.7
02/16/2024,312.2
02/19/2024,
02/20/2024,311.8
02/21/2024,311.3
02/22/2024,310.7
02/23/2024,310.04
02/26/2024,310.7
02/27/2024,310.25
02/28/2024,310
02/29/2024,309.5
03/01/2024,308.7
03/04/2024,307.8
03/05/2024,307.9
03/06/2024,307.6
03/07/2024,307.25
03/08/2024,307.05
03/11/2024,306.9
03/12/2024,306.4
03/13/2024,306
03/14/2024,305.5
03/15/2024,305.15
03/18/2024,304.4
03/19/2024,303.85
03/20/2024,304.05
03/21/2024,303.85
03/22/2024,303.2
03/25/2024,302.6
03/26/2024,301.8
03/27/2024,300.8
03/28/2024,300.3
03/29/2024,300.3
04/01/2024,300
04/02/2024,299.85
04/03/2024,299.75
04/04/2024,299.65
04/05/2024,299.2
04/08/2024,298.8
04/09/2024,298.55
04/10/2024,298.4
04/11/2024,298.1
04/12/2024,298.19
04/15/2024,298.9
04/16/2024,299.75
04/17/2024,301
04/18/2024,300.68
04/19/2024,301
04/22/2024,301.37
04/23/2024,299.9
04/24/2024,297.75
04/25/2024,296.8
04/26/2024,295.9
04/29/2024,296.5
04/30/2024,297.25
05/01/2024,297.16
05/02/2024,296.9
05/03/2024,297
05/06/2024,297.19
05/07/2024,299.4
05/08/2024,298.4
05/09/2024,298.6
05/10/2024,298.5
05/13/2024,300
05/14/2024,300.5
05/15/2024,301.78
05/16/2024,300.6
05/17/2024,299.3
05/20/2024,299.55
05/21/2024,299.8
05/22/2024,299.9
05/23/2024,299.76
05/24/2024,299.61
05/27/2024,
05/28/2024,301.7
05/29/2024,301.4
05/30/2024,301.85
05/31/2024,301.8
06/03/2024,301.8
06/04/2024,302.05
06/05/2024,302.25
06/06/2024,302.8
06/07/2024,302.5
06/10/2024,303.1
06/11/2024,303.2
06/12/2024,303.7
06/13/2024,303.75
06/14/2024,303.8
06/17/2024,303.56
06/18/2024,304.6
06/19/2024,
06/20/2024,305.1
06/21/2024,304.88
06/24/2024,305
06/25/2024,305.1
06/26/2024,305.3
06/27/2024,305.5
06/28/2024,305.9
07/01/2024,305
07/02/2024,302.5
07/03/2024,304.2
07/04/2024,
07/05/2024,304.5
07/08/2024,304.25
07/09/2024,303.9
07/10/2024,303.6
07/11/2024,302.8
07/12/2024,301.65
07/15/2024,302.3
07/16/2024,301.91
07/17/2024,303.41
07/18/2024,303.7
07/19/2024,303.5
07/22/2024,303.75
07/23/2024,303.5
07/24/2024,303.4
07/25/2024,303.2
07/26/2024,302.9
07/29/2024,302.6
07/30/2024,302.4
07/31/2024,302.25
08/01/2024,302.2
08/02/2024,301.8
08/05/2024,302.3
08/06/2024,302
08/07/2024,301.5
08/08/2024,300.8
08/09/2024,299.95
08/12/2024,299.4
08/13/2024,299.05
08/14/2024,299.1
08/15/2024,298.9
08/16/2024,298.7
08/19/2024,298.5
08/20/2024,299.4
08/21/2024,300.25
08/22/2024,301
08/23/2024,299.7
08/26/2024,300.7
08/27/2024,300.3
08/28/2024,300.5
08/29/2024,300
08/30/2024,299.02
09/02/2024,
09/03/2024,299
09/04/2024,298.85
09/05/2024,298.75
09/06/2024,298.9
09/09/2024,300.8
09/10/2024,300.5
09/11/2024,300.8
09/12/2024,301.3
09/13/2024,301.24
09/16/2024,301.75
09/17/2024,301.6
09/18/2024,303.2
09/19/2024,304.2
09/20/2024,304.84
09/23/2024,304.1
09/24/2024,303
09/25/2024,300.5
09/26/2024,299.7
09/27/2024,298.7
09/30/2024,296
10/01/2024,294.75
10/02/2024,295
10/03/2024,293.8
10/04/2024,293.8
10/07/2024,293.2
10/08/2024,293
10/09/2024,292.9
10/10/2024,292.7
10/11/2024,292.7
10/14/2024,
10/15/2024,293
10/16/2024,292.8
10/17/2024,292.6
10/18/2024,292.9
10/21/2024,293
10/22/2024,293.1
10/23/2024,293.3
10/24/2024,293.55
10/25/2024,293.4
10/28/2024,293.55
10/29/2024,293.6
10/30/2024,292.9
10/31/2024,292.53
11/01/2024,292.9
11/04/2024,293.1
11/05/2024,293
11/06/2024,292.75
11/07/2024,292.55
11/08/2024,292.5
11/11/2024,
11/12/2024,292.35
11/13/2024,292.2
11/14/2024,292.1
11/15/2024,291.92
11/18/2024,291.3
11/19/2024,290.9
11/20/2024,290.9
11/21/2024,290.9
11/22/2024,291
11/25/2024,290.9
11/26/2024,291.1
11/27/2024,290.9
11/28/2024,
11/29/2024,290.6
12/02/2024,290.6
12/03/2024,290.45
12/04/2024,290.35
12/05/2024,290.25
12/06/2024,290.25
12/09/2024,290.3
12/10/2024,290.2
12/11/2024,290.15
12/12/2024,290.15
12/13/2024,290.15
12/16/2024,290.7
12/17/2024,291
12/18/2024,291.3
12/19/2024,292.8
12/20/2024,293.16
12/23/2024,295.71
12/24/2024,294.5
12/25/2024,
12/26/2024,293.9
12/27/2024,292
12/30/2024,292.35
12/31/2024,293
01/01/2025,
01/02/2025,293.1
01/03/2025,293.34
01/06/2025,295.5
01/07/2025,295.25
01/08/2025,295.8
01/09/2025,294.5
01/10/2025,294.4
01/13/2025,294.42
01/14/2025,294.42
01/15/2025,295.5
01/16/2025,296.2
01/17/2025,296.3
01/20/2025,
01/21/2025,297.4
01/22/2025,298.5
01/23/2025,298.5
01/24/2025,298.1
01/27/2025,298.4
01/28/2025,296.8
01/29/2025,296.4
01/30/2025,297.4
01/31/2025,297.8
02/03/2025,299.4
02/04/2025,299.22
02/05/2025,298.4
02/06/2025,298.1
02/07/2025,297.1
02/10/2025,296.7
02/11/2025,296.8
02/12/2025,296.6
02/13/2025,295.7
02/14/2025,295.5
02/17/2025,
02/18/2025,296
02/19/2025,296.8
02/20/2025,296
02/21/2025,295.7
02/24/2025,295.55
02/25/2025,295.5
02/26/2025,295.47
02/27/2025,295.25
02/28/2025,295.2
03/03/2025,295.2
03/04/2025,295.14
03/05/2025,295.07
03/06/2025,295.5
03/07/2025,295.4
03/10/2025,295.4
03/11/2025,295.4
03/12/2025,295.3
03/13/2025,295.2
03/14/2025,296.3
03/17/2025,296.3
03/18/2025,296
03/19/2025,296.3
03/20/2025,296.4
03/21/2025,296.3
03/24/2025,296.59
03/25/2025,296.4
03/26/2025,296.3
03/27/2025,296.2
03/28/2025,296.15
03/31/2025,296.02
04/01/2025,296.05
04/02/2025,296
04/03/2025,296.8
04/04/2025,296.6
04/07/2025,297.75
04/08/2025,298.58
04/09/2025,300.75
04/10/2025,297.07
04/11/2025,297.9
04/14/2025,298.01
04/15/2025,297.73
04/16/2025,298.19
04/17/2025,298.85
04/18/2025,298.66
04/21/2025,299.2
04/22/2025,299.8
04/23/2025,299.6
04/24/2025,299.9
04/25/2025,299.55
04/28/2025,299.55
04/29/2025,299.45
04/30/2025,299.45
05/01/2025,299.42
05/02/2025,299.45
05/05/2025,299.45
05/06/2025,299.4
05/07/2025,299.3
05/08/2025,299.05
05/09/2025,298.8
05/12/2025,298.68
05/13/2025,298.63
05/14/2025,298.6
05/15/2025,298.45
05/16/2025,299.1
05/19/2025,299.9
05/20/2025,300.3
05/21/2025,299.5
05/22/2025,299.25
05/23/2025,299.35
05/26/2025,
05/27/2025,299.55
05/28/2025,299.4
05/29/2025,299.25
05/30/2025,299.4
06/02/2025,299.45
06/03/2025,299.3
06/04/2025,299.25
06/05/2025,299.1
06/06/2025,299
06/09/2025,299
06/10/2025,298.89
06/11/2025,298.9
06/12/2025,299
06/13/2025,299.7
06/16/2025,300.7
06/17/2025,300.33
06/18/2025,300.4
06/19/2025,
06/20/2025,300.4
06/23/2025,300.57
06/24/2025,300.4
06/25/2025,300.1
06/26/2025,299.9
06/27/2025,299.8
06/30/2025,299.95
07/01/2025,299.9
07/02/2025,299.9
07/03/2025,299.9
07/04/2025,
07/07/2025,300.82
07/08/2025,300.55
07/09/2025,300.3
07/10/2025,300.15
07/11/2025,300.5
07/14/2025,300.8
07/15/2025,300.8
07/16/2025,300.95
07/17/2025,301.23
07/18/2025,301.5
07/21/2025,301.7
07/22/2025,301.7
07/23/2025,301.65
07/24/2025,301.75
07/25/2025,301.8
07/28/2025,301.9
07/29/2025,302
07/30/2025,302.15
07/31/2025,301.89
08/01/2025,301.2
08/04/2025,300.85
08/05/2025,300.7
08/06/2025,300.7
08/07/2025,300.65
08/08/2025,300.44
08/11/2025,300.7
08/12/2025,300.95
08/13/2025,300.8
08/14/2025,301.05
08/15/2025,300.97
08/18/2025,301
08/19/2025,301.3
08/20/2025,301.7
08/21/2025,301.85
08/22/2025,301.85
08/25/2025,302.05
08/26/2025,302.2
08/27/2025,302.3
08/28/2025,302.3
08/29/2025,302
09/01/2025,
09/02/2025,302.1
09/03/2025,302
09/04/2025,301.9
09/05/2025,301.5
09/08/2025,301.9
09/09/2025,301.8
09/10/2025,301.9
09/11/2025,301.8
09/12/2025,301.75
09/15/2025,302
09/16/2025,302
09/17/2025,301.9
09/18/2025,302
09/19/2025,302.3
09/22/2025,302.4
09/23/2025,302.3
09/24/2025,302.4
09/25/2025,302.45
09/26/2025,302.5
09/29/2025,302.5
09/30/2025,302.5
10/01/2025,302.4
10/02/2025,302.4
10/03/2025,302.35
10/06/2025,302.14
10/07/2025,302.4
10/08/2025,302.55
10/09/2025,302.65
10/10/2025,302.55
10/13/2025,
10/14/2025,302.8
10/15/2025,302.95
10/16/2025,302.95
10/17/2025,302.75
10/20/2025,302.16
10/21/2025,303.1
10/22/2025,303.3
10/23/2025,303.5
10/24/2025,303.65
10/27/2025,303.65
10/28/2025,304.25
10/29/2025,304.3
10/30/2025,304.2
10/31/2025,304.4
11/03/2025,304.4
11/04/2025,304.6
11/05/2025,303.73
11/06/2025,304.9
11/07/2025,304.75
11/10/2025,304
11/11/2025,
11/12/2025,304.45
11/13/2025,304.45
11/14/2025,306.7
11/17/2025,306.06
11/18/2025,307.75
11/19/2025,307.6
11/20/2025,308
11/21/2025,307.75
11/24/2025,307.6
11/25/2025,307.8
11/26/2025,307.9
11/27/2025,
11/28/2025,308.1
12/01/2025,308.45
12/02/2025,308.75
12/03/2025,308.6
12/04/2025,307.95
12/05/2025,308.4
12/08/2025,308.5
12/09/2025,308.6
12/10/2025,308.7
12/11/2025,309.2
12/12/2025,308.95
12/15/2025,309.1
12/16/2025,309.45
12/17/2025,309.6
12/18/2025,309.3
12/19/2025,309.5
12/22/2025,309.5
12/23/2025,309.5
12/24/2025,309.55
12/25/2025,
12/26/2025,309.55
12/29/2025,309.75
12/30/2025,310
12/31/2025,309.4
01/01/2026,
01/02/2026,309.7
01/05/2026,309.9
01/06/2026,309.95
01/07/2026,310
01/08/2026,309
01/09/2026,309.1
01/12/2026,309.05
01/13/2026,309.1
01/14/2026,309.11
01/15/2026,309.14
01/16/2026,309.49
01/19/2026,
01/20/2026,309.68
01/21/2026,309.5
01/22/2026,309.62
01/23/2026,309.75
01/26/2026,309.41
01/27/2026,309.65
01/28/2026,309.45
01/29/2026,309.35
01/30/2026,309.22
02/02/2026,309.32
02/03/2026,309.45
02/04/2026,309.25
02/05/2026,309.45
02/06/2026,309.35
02/09/2026,309.31
02/10/2026,309.3
02/11/2026,309.3
02/12/2026,309.3
02/13/2026,309.2
02/16/2026,
02/17/2026,309.23
02/18/2026,309.3
02/19/2026,309.28
02/20/2026,309.27
02/23/2026,309.27
02/24/2026,309.29
02/25/2026,309.25
02/26/2026,309.25
02/27/2026,309.21
03/02/2026,309.2
03/03/2026,309.53
03/04/2026,310.06
03/05/2026,310.57
03/06/2026,310.91
03/09/2026,311.35
03/10/2026,310.86
03/11/2026,310.74
03/12/2026,310.84
03/13/2026,310.97
03/16/2026,311.19
03/17/2026,311.3
03/18/2026,311.17
03/19/2026,311.2
03/20/2026,311.53
03/23/2026,312.32
03/24/2026,313.25
03/25/2026,314.08
03/26/2026,313.65
03/27/2026,314.37
03/30/2026,314.88
03/31/2026,315.16
04/01/2026,315.08
04/02/2026,314.97
04/03/2026,314.71
04/06/2026,315.3
04/07/2026,315.26
04/08/2026,314.99
04/09/2026,315.09
04/10/2026,315.36
04/13/2026,315.34
04/14/2026,315.36
04/15/2026,315.5
04/16/2026,315.57
04/17/2026,315.8
04/20/2026,316.32
04/21/2026,316.42
04/22/2026,316.48
04/23/2026,316.78
04/24/2026,317.68
04/27/2026,318.03
04/28/2026,318.63
04/29/2026,319.22
04/30/2026,319.34
05/01/2026,319.05
05/04/2026,319.17
05/05/2026,319.74
05/06/2026,320.03
05/07/2026,321.2
05/08/2026,321.27
