date,symbol,open,high,low,close,volume,turnover,trades,source,source_priority,source_timestamp,raw_payload_hash,validation_status,validation_warnings,source_open,source_high,source_low,source_close,source_ohlc_invalid,ohlc_repaired,ohlc_invalid
2026-09-09,ABAN.N0000,1060.0,1075.0,1050.0,1073.0,233.0,247610.0,23.0,cse_trade_summary_current,10,2026-09-09,86e92784c0c9215d57c93c54eaea949353eb0b7f7f37ce4101ba1f24d2b10725,accepted,,1060.0,1075.0,1050.0,1073.0,False,False,False
2026-09-09,AFSL.N0000,84.2,89.6,84.2,85.0,114.0,9685.2,6.0,cse_trade_summary_current,10,2026-09-09,86e92784c0c9215d57c93c54eaea949353eb0b7f7f37ce4101ba1f24d2b10725,accepted,,84.2,89.6,84.2,85.0,False,False,False
2026-09-09,AEL.N0000,79.9,80.0,78.0,79.9,903947.0,72257717.4,131.0,cse_trade_summary_current,10,2026-09-09,86e92784c0c9215d57c93c54eaea949353eb0b7f7f37ce4101ba1f24d2b10725,accepted,,79.9,80.0,78.0,79.9,False,False,False
2026-09-09,ACL.N0000,97.3,97.3,95.6,96.1,28919.0,2786732.3,113.0,cse_trade_summary_current,10,2026-09-09,86e92784c0c9215d57c93c54eaea949353eb0b7f7f37ce4101ba1f24d2b10725,accepted,,97.3,97.3,95.6,96.1,False,False,False
2026-09-09,APLA.N0000,169.0,169.0,166.5,167.0,32094.0,5385686.75,161.0,cse_trade_summary_current,10,2026-09-09,86e92784c0c9215d57c93c54eaea949353eb0b7f7f37ce4101ba1f24d2b10725,accepted,,169.0,169.0,166.5,167.0,False,False,False
2026-09-09,ACME.N0000,4.1,4.2,4.1,4.1,92623.0,383876.6,50.0,cse_trade_summary_current,10,2026-09-09,86e92784c0c9215d57c93c54eaea949353eb0b7f7f37ce4101ba1f24d2b10725,accepted,,4.1,4.2,4.1,4.1,False,False,False
2026-09-09,AGAL.N0000,49.1,50.6,47.2,49.4,25137.0,1199217.8,55.0,cse_trade_summary_current,10,2026-09-09,86e92784c0c9215d57c93c54eaea949353eb0b7f7f37ce4101ba1f24d2b10725,accepted,,49.1,50.6,47.2,49.4,False,False,False
2026-09-09,AGST.N0000,13.5,13.5,13.1,13.2,599378.0,7951156.2,65.0,cse_trade_summary_current,10,2026-09-09,86e92784c0c9215d57c93c54eaea949353eb0b7f7f37ce4101ba1f24d2b10725,accepted,,13.5,13.5,13.1,13.2,False,False,False
2026-09-09,AGST.X0000,11.6,11.6,11.6,11.6,5000.0,58000.0,1.0,cse_trade_summary_current,10,2026-09-09,86e92784c0c9215d57c93c54eaea949353eb0b7f7f37ce4101ba1f24d2b10725,accepted,,11.6,11.6,11.6,11.6,False,False,False
2026-09-09,AHUN.N0000,88.0,88.0,85.0,87.0,18441.0,1593813.6,68.0,cse_trade_summary_current,10,2026-09-09,86e92784c0c9215d57c93c54eaea949353eb0b7f7f37ce4101ba1f24d2b10725,accepted,,88.0,88.0,85.0,87.0,False,False,False
2026-09-09,SPEN.N0000,142.25,142.25,139.5,139.75,4892.0,684328.5,40.0,cse_trade_summary_current,10,2026-09-09,86e92784c0c9215d57c93c54eaea949353eb0b7f7f37ce4101ba1f24d2b10725,accepted,,142.25,142.25,139.5,139.75,False,False,False
2026-09-09,ALLI.N0000,303.75,303.75,302.25,302.25,2159.0,652656.5,17.0,cse_trade_summary_current,10,2026-09-09,86e92784c0c9215d57c93c54eaea949353eb0b7f7f37ce4101ba1f24d2b10725,accepted,,303.75,303.75,302.25,302.25,False,False,False
2026-09-09,AFS.N0000,28.0,28.9,27.9,27.9,10302.0,287460.7,10.0,cse_trade_summary_current,10,2026-09-09,86e92784c0c9215d57c93c54eaea949353eb0b7f7f37ce4101ba1f24d2b10725,accepted,,28.0,28.9,27.9,27.9,False,False,False
2026-09-09,ALUM.N0000,16.7,16.7,16.3,16.4,132195.0,2174765.3,86.0,cse_trade_summary_current,10,2026-09-09,86e92784c0c9215d57c93c54eaea949353eb0b7f7f37ce4101ba1f24d2b10725,accepted,,16.7,16.7,16.3,16.4,False,False,False
2026-09-09,ABL.N0000,27.0,27.0,26.5,26.7,20463.0,543399.2,34.0,cse_trade_summary_current,10,2026-09-09,86e92784c0c9215d57c93c54eaea949353eb0b7f7f37ce4101ba1f24d2b10725,accepted,,27.0,27.0,26.5,26.7,False,False,False
2026-09-09,ATL.N0000,25.0,25.0,23.8,24.2,100667.0,2451232.0,76.0,cse_trade_summary_current,10,2026-09-09,86e92784c0c9215d57c93c54eaea949353eb0b7f7f37ce4101ba1f24d2b10725,accepted,,25.0,25.0,23.8,24.2,False,False,False
2026-09-09,ATLL.N0000,22.9,23.0,21.2,21.5,14299.0,308102.4,23.0,cse_trade_summary_current,10,2026-09-09,86e92784c0c9215d57c93c54eaea949353eb0b7f7f37ce4101ba1f24d2b10725,accepted,,22.9,23.0,21.2,21.5,False,False,False
2026-09-09,TAP.N0000,31.4,31.4,30.0,30.0,167472.0,5031109.2,39.0,cse_trade_summary_current,10,2026-09-09,86e92784c0c9215d57c93c54eaea949353eb0b7f7f37ce4101ba1f24d2b10725,accepted,,31.4,31.4,30.0,30.0,False,False,False
2026-09-09,GREG.N0000,35.5,35.9,35.5,35.8,2154.0,77058.2,4.0,cse_trade_summary_current,10,2026-09-09,86e92784c0c9215d57c93c54eaea949353eb0b7f7f37ce4101ba1f24d2b10725,accepted,,35.5,35.9,35.5,35.8,False,False,False
2026-09-09,AINS.N0000,26.5,26.5,26.1,26.2,617.0,16237.7,12.0,cse_trade_summary_current,10,2026-09-09,86e92784c0c9215d57c93c54eaea949353eb0b7f7f37ce4101ba1f24d2b10725,accepted,,26.5,26.5,26.1,26.2,False,False,False
2026-09-09,AAF.N0000,48.2,49.9,48.1,48.3,7847.0,378855.8,21.0,cse_trade_summary_current,10,2026-09-09,86e92784c0c9215d57c93c54eaea949353eb0b7f7f37ce4101ba1f24d2b10725,accepted,,48.2,49.9,48.1,48.3,False,False,False
2026-09-09,ASIY.N0000,15.9,15.9,15.0,15.0,1022838.0,15589948.1,143.0,cse_trade_summary_current,10,2026-09-09,86e92784c0c9215d57c93c54eaea949353eb0b7f7f37ce4101ba1f24d2b10725,accepted,,15.9,15.9,15.0,15.0,False,False,False
2026-09-09,AHPL.N0000,47.5,47.5,46.0,46.8,8847.0,410129.3,32.0,cse_trade_summary_current,10,2026-09-09,86e92784c0c9215d57c93c54eaea949353eb0b7f7f37ce4101ba1f24d2b10725,accepted,,47.5,47.5,46.0,46.8,False,False,False
2026-09-09,AMSL.N0000,13.9,14.0,13.7,13.8,53347.0,734704.4,67.0,cse_trade_summary_current,10,2026-09-09,86e92784c0c9215d57c93c54eaea949353eb0b7f7f37ce4101ba1f24d2b10725,accepted,,13.9,14.0,13.7,13.8,False,False,False
2026-09-09,ASIR.N0000,31.5,31.8,31.0,31.0,60301.0,1872483.5,82.0,cse_trade_summary_current,10,2026-09-09,86e92784c0c9215d57c93c54eaea949353eb0b7f7f37ce4101ba1f24d2b10725,accepted,,31.5,31.8,31.0,31.0,False,False,False
2026-09-09,AGPL.N0000,14.5,14.9,14.5,14.7,10851.0,159639.5,9.0,cse_trade_summary_current,10,2026-09-09,86e92784c0c9215d57c93c54eaea949353eb0b7f7f37ce4101ba1f24d2b10725,accepted,,14.5,14.9,14.5,14.7,False,False,False
2026-09-09,BPPL.N0000,18.3,19.5,18.3,19.0,47580.0,889770.0,34.0,cse_trade_summary_current,10,2026-09-09,86e92784c0c9215d57c93c54eaea949353eb0b7f7f37ce4101ba1f24d2b10725,accepted,,18.3,19.5,18.3,19.0,False,False,False
2026-09-09,BFL.N0000,92.4,92.4,90.2,90.4,11095.0,1015728.5,54.0,cse_trade_summary_current,10,2026-09-09,86e92784c0c9215d57c93c54eaea949353eb0b7f7f37ce4101ba1f24d2b10725,accepted,,92.4,92.4,90.2,90.4,False,False,False
2026-09-09,BALA.N0000,60.0,61.3,59.9,60.8,5087.0,306260.0,16.0,cse_trade_summary_current,10,2026-09-09,86e92784c0c9215d57c93c54eaea949353eb0b7f7f37ce4101ba1f24d2b10725,accepted,,60.0,61.3,59.9,60.8,False,False,False
2026-09-09,BRR.N0000,20.8,22.3,20.8,21.4,106.0,2267.9,5.0,cse_trade_summary_current,10,2026-09-09,86e92784c0c9215d57c93c54eaea949353eb0b7f7f37ce4101ba1f24d2b10725,accepted,,20.8,22.3,20.8,21.4,False,False,False
2026-09-09,BERU.N0000,2.9,2.9,2.8,2.9,121680.0,352552.5,22.0,cse_trade_summary_current,10,2026-09-09,86e92784c0c9215d57c93c54eaea949353eb0b7f7f37ce4101ba1f24d2b10725,accepted,,2.9,2.9,2.8,2.9,False,False,False
2026-09-09,BOGA.N0000,134.0,134.0,131.25,131.25,45.0,5945.0,5.0,cse_trade_summary_current,10,2026-09-09,86e92784c0c9215d57c93c54eaea949353eb0b7f7f37ce4101ba1f24d2b10725,accepted,,134.0,134.0,131.75,131.25,True,True,False
2026-09-09,BOPL.N0000,72.0,72.0,69.1,70.2,1204.0,84748.2,8.0,cse_trade_summary_current,10,2026-09-09,86e92784c0c9215d57c93c54eaea949353eb0b7f7f37ce4101ba1f24d2b10725,accepted,,72.0,72.0,69.1,70.2,False,False,False
2026-09-09,BRWN.N0000,139.5,139.5,135.25,136.25,6433.0,871388.75,36.0,cse_trade_summary_current,10,2026-09-09,86e92784c0c9215d57c93c54eaea949353eb0b7f7f37ce4101ba1f24d2b10725,accepted,,139.5,139.5,135.25,136.25,False,False,False
2026-09-09,BIL.N0000,5.2,5.2,5.0,5.1,1470446.0,7509424.8,158.0,cse_trade_summary_current,10,2026-09-09,86e92784c0c9215d57c93c54eaea949353eb0b7f7f37ce4101ba1f24d2b10725,accepted,,5.2,5.2,5.0,5.1,False,False,False
2026-09-09,BUKI.N0000,850.0,850.5,847.25,850.5,31.0,26291.75,7.0,cse_trade_summary_current,10,2026-09-09,86e92784c0c9215d57c93c54eaea949353eb0b7f7f37ce4101ba1f24d2b10725,accepted,,850.0,850.0,847.25,850.5,True,True,False
2026-09-09,COLO.N0000,37.0,37.0,35.9,36.3,657.0,23843.8,9.0,cse_trade_summary_current,10,2026-09-09,86e92784c0c9215d57c93c54eaea949353eb0b7f7f37ce4101ba1f24d2b10725,accepted,,37.0,37.0,35.9,36.3,False,False,False
2026-09-09,CTHR.N0000,545.0,545.0,545.0,545.0,136.0,74120.0,4.0,cse_trade_summary_current,10,2026-09-09,86e92784c0c9215d57c93c54eaea949353eb0b7f7f37ce4101ba1f24d2b10725,accepted,,545.0,545.0,545.0,545.0,False,False,False
2026-09-09,CTLD.N0000,39.0,39.7,37.2,39.4,520.0,20463.0,6.0,cse_trade_summary_current,10,2026-09-09,86e92784c0c9215d57c93c54eaea949353eb0b7f7f37ce4101ba1f24d2b10725,accepted,,39.0,39.7,37.2,39.4,False,False,False
2026-09-09,CWM.N0000,37.0,37.5,36.4,36.6,5410.0,197901.1,37.0,cse_trade_summary_current,10,2026-09-09,86e92784c0c9215d57c93c54eaea949353eb0b7f7f37ce4101ba1f24d2b10725,accepted,,37.0,37.5,36.4,36.6,False,False,False
2026-09-09,CSLK.N0000,14.5,14.5,14.0,14.2,202122.0,2840624.1,67.0,cse_trade_summary_current,10,2026-09-09,86e92784c0c9215d57c93c54eaea949353eb0b7f7f37ce4101ba1f24d2b10725,accepted,,14.5,14.5,14.0,14.2,False,False,False
2026-09-09,CALC.U0000,12.7,13.0,12.7,13.0,31.0,397.0,2.0,cse_trade_summary_current,10,2026-09-09,86e92784c0c9215d57c93c54eaea949353eb0b7f7f37ce4101ba1f24d2b10725,accepted,,12.7,13.0,12.7,13.0,False,False,False
2026-09-09,CALI.U0000,15.3,15.3,14.7,14.7,9.0,137.7,1.0,cse_trade_summary_current,10,2026-09-09,86e92784c0c9215d57c93c54eaea949353eb0b7f7f37ce4101ba1f24d2b10725,accepted,,15.3,15.3,15.3,14.7,True,True,False
2026-09-09,CALU.U0000,9.6,9.7,9.5,9.6,183.0,1751.4,7.0,cse_trade_summary_current,10,2026-09-09,86e92784c0c9215d57c93c54eaea949353eb0b7f7f37ce4101ba1f24d2b10725,accepted,,9.6,9.7,9.5,9.6,False,False,False
2026-09-09,CALH.N0000,13.4,13.4,13.1,13.1,94625.0,1245660.9,56.0,cse_trade_summary_current,10,2026-09-09,86e92784c0c9215d57c93c54eaea949353eb0b7f7f37ce4101ba1f24d2b10725,accepted,,13.4,13.4,13.1,13.1,False,False,False
2026-09-09,CALT.N0000,48.6,49.0,47.0,47.1,212997.0,10089954.3,185.0,cse_trade_summary_current,10,2026-09-09,86e92784c0c9215d57c93c54eaea949353eb0b7f7f37ce4101ba1f24d2b10725,accepted,,48.6,49.0,47.0,47.1,False,False,False
2026-09-09,CARG.N0000,685.0,689.75,682.0,688.75,35.0,23976.75,9.0,cse_trade_summary_current,10,2026-09-09,86e92784c0c9215d57c93c54eaea949353eb0b7f7f37ce4101ba1f24d2b10725,accepted,,685.0,689.75,682.0,688.75,False,False,False
2026-09-09,CBNK.N0000,7.4,7.4,7.0,7.1,1153286.0,8197384.4,212.0,cse_trade_summary_current,10,2026-09-09,86e92784c0c9215d57c93c54eaea949353eb0b7f7f37ce4101ba1f24d2b10725,accepted,,7.4,7.4,7.0,7.1,False,False,False
2026-09-09,CABO.N0000,187.5,189.75,170.0,171.5,18215.0,3138013.5,66.0,cse_trade_summary_current,10,2026-09-09,86e92784c0c9215d57c93c54eaea949353eb0b7f7f37ce4101ba1f24d2b10725,accepted,,187.5,189.75,170.0,171.5,False,False,False
2026-09-09,CARS.N0000,735.0,747.0,720.25,720.25,9.0,6626.0,6.0,cse_trade_summary_current,10,2026-09-09,86e92784c0c9215d57c93c54eaea949353eb0b7f7f37ce4101ba1f24d2b10725,accepted,,735.0,747.0,730.0,720.25,True,True,False
2026-09-09,CFIN.N0000,222.0,224.0,220.0,220.25,20282.0,4472242.0,91.0,cse_trade_summary_current,10,2026-09-09,86e92784c0c9215d57c93c54eaea949353eb0b7f7f37ce4101ba1f24d2b10725,accepted,,222.0,224.0,220.0,220.25,False,False,False
2026-09-09,CIND.N0000,211.0,213.0,210.25,210.25,4382.0,923635.25,23.0,cse_trade_summary_current,10,2026-09-09,86e92784c0c9215d57c93c54eaea949353eb0b7f7f37ce4101ba1f24d2b10725,accepted,,211.0,213.0,210.25,210.25,False,False,False
2026-09-09,CINS.X0000,1535.0,1600.0,1530.0,1550.0,39.0,60119.0,8.0,cse_trade_summary_current,10,2026-09-09,86e92784c0c9215d57c93c54eaea949353eb0b7f7f37ce4101ba1f24d2b10725,accepted,,1535.0,1600.0,1530.0,1550.0,False,False,False
2026-09-09,CCS.N0000,123.5,125.0,122.75,122.75,36482.0,4495295.75,62.0,cse_trade_summary_current,10,2026-09-09,86e92784c0c9215d57c93c54eaea949353eb0b7f7f37ce4101ba1f24d2b10725,accepted,,123.5,125.0,122.75,122.75,False,False,False
2026-09-09,GRAN.N0000,490.0,490.0,486.25,488.75,195.0,95391.25,11.0,cse_trade_summary_current,10,2026-09-09,86e92784c0c9215d57c93c54eaea949353eb0b7f7f37ce4101ba1f24d2b10725,accepted,,490.0,490.0,486.25,488.75,False,False,False
2026-09-09,GUAR.N0000,226.0,230.0,223.75,223.75,2341.0,525736.0,9.0,cse_trade_summary_current,10,2026-09-09,86e92784c0c9215d57c93c54eaea949353eb0b7f7f37ce4101ba1f24d2b10725,accepted,,226.0,230.0,223.75,223.75,False,False,False
2026-09-09,CHL.X0000,51.0,51.5,50.5,51.0,36174.0,1843644.1,27.0,cse_trade_summary_current,10,2026-09-09,86e92784c0c9215d57c93c54eaea949353eb0b7f7f37ce4101ba1f24d2b10725,accepted,,51.0,51.5,50.5,51.0,False,False,False
2026-09-09,CHL.N0000,62.0,62.0,60.0,60.5,29835.0,1794318.3,35.0,cse_trade_summary_current,10,2026-09-09,86e92784c0c9215d57c93c54eaea949353eb0b7f7f37ce4101ba1f24d2b10725,accepted,,62.0,62.0,60.0,60.5,False,False,False
2026-09-09,CHOT.N0000,29.6,29.9,29.5,29.5,11170.0,329898.5,15.0,cse_trade_summary_current,10,2026-09-09,86e92784c0c9215d57c93c54eaea949353eb0b7f7f37ce4101ba1f24d2b10725,accepted,,29.6,29.9,29.5,29.5,False,False,False
2026-09-09,CINV.N0000,108.75,108.75,104.5,104.75,4780.0,500983.5,13.0,cse_trade_summary_current,10,2026-09-09,86e92784c0c9215d57c93c54eaea949353eb0b7f7f37ce4101ba1f24d2b10725,accepted,,108.75,108.75,104.5,104.75,False,False,False
2026-09-09,KZOO.N0000,8.5,8.7,8.4,8.4,105352.0,891404.8,44.0,cse_trade_summary_current,10,2026-09-09,86e92784c0c9215d57c93c54eaea949353eb0b7f7f37ce4101ba1f24d2b10725,accepted,,8.5,8.7,8.4,8.4,False,False,False
2026-09-09,CTBL.N0000,11.0,11.0,10.7,10.8,83755.0,910374.0,97.0,cse_trade_summary_current,10,2026-09-09,86e92784c0c9215d57c93c54eaea949353eb0b7f7f37ce4101ba1f24d2b10725,accepted,,11.0,11.0,10.7,10.8,False,False,False
2026-09-09,CTC.N0000,1790.0,1790.0,1788.0,1790.0,1031.0,1845204.75,42.0,cse_trade_summary_current,10,2026-09-09,86e92784c0c9215d57c93c54eaea949353eb0b7f7f37ce4101ba1f24d2b10725,accepted,,1790.0,1790.0,1788.0,1790.0,False,False,False
2026-09-09,CHMX.N0000,160.5,160.5,160.0,160.0,884.0,141491.0,14.0,cse_trade_summary_current,10,2026-09-09,86e92784c0c9215d57c93c54eaea949353eb0b7f7f37ce4101ba1f24d2b10725,accepted,,160.5,160.5,160.0,160.0,False,False,False
2026-09-09,LLUB.N0000,206.5,206.5,204.75,205.25,20791.0,4268525.75,70.0,cse_trade_summary_current,10,2026-09-09,86e92784c0c9215d57c93c54eaea949353eb0b7f7f37ce4101ba1f24d2b10725,accepted,,206.5,206.5,204.75,205.25,False,False,False
2026-09-09,CWL.N0000,19.6,19.6,18.0,18.4,71482.0,1342918.2,30.0,cse_trade_summary_current,10,2026-09-09,86e92784c0c9215d57c93c54eaea949353eb0b7f7f37ce4101ba1f24d2b10725,accepted,,19.6,19.6,18.0,18.4,False,False,False
2026-09-09,CIC.N0000,30.0,30.0,29.2,29.3,62869.0,1851789.7,108.0,cse_trade_summary_current,10,2026-09-09,86e92784c0c9215d57c93c54eaea949353eb0b7f7f37ce4101ba1f24d2b10725,accepted,,30.0,30.0,29.2,29.3,False,False,False
2026-09-09,CIC.X0000,24.0,24.0,23.6,23.7,89438.0,2118899.4,65.0,cse_trade_summary_current,10,2026-09-09,86e92784c0c9215d57c93c54eaea949353eb0b7f7f37ce4101ba1f24d2b10725,accepted,,24.0,24.0,23.6,23.7,False,False,False
2026-09-09,CDB.N0000,36.0,36.0,35.0,36.0,1245.0,44820.0,6.0,cse_trade_summary_current,10,2026-09-09,86e92784c0c9215d57c93c54eaea949353eb0b7f7f37ce4101ba1f24d2b10725,accepted,,36.0,35.0,35.0,36.0,True,True,False
2026-09-09,CDB.X0000,29.7,29.7,29.0,29.5,49213.0,1446470.0,82.0,cse_trade_summary_current,10,2026-09-09,86e92784c0c9215d57c93c54eaea949353eb0b7f7f37ce4101ba1f24d2b10725,accepted,,29.7,29.7,29.0,29.5,False,False,False
2026-09-09,REEF.N0000,3.7,3.7,3.6,3.7,396614.0,1440641.4,37.0,cse_trade_summary_current,10,2026-09-09,86e92784c0c9215d57c93c54eaea949353eb0b7f7f37ce4101ba1f24d2b10725,accepted,,3.7,3.7,3.6,3.7,False,False,False
2026-09-09,COOP.N0000,3.5,3.5,3.3,3.4,131111.0,448026.7,59.0,cse_trade_summary_current,10,2026-09-09,86e92784c0c9215d57c93c54eaea949353eb0b7f7f37ce4101ba1f24d2b10725,accepted,,3.5,3.5,3.3,3.4,False,False,False
2026-09-09,PHAR.N0000,200.0,208.5,195.0,204.5,39865.0,8138271.5,72.0,cse_trade_summary_current,10,2026-09-09,86e92784c0c9215d57c93c54eaea949353eb0b7f7f37ce4101ba1f24d2b10725,accepted,,200.0,208.5,195.0,204.5,False,False,False
2026-09-09,DOCK.N0000,125.0,125.0,122.0,122.75,36707.0,4506842.75,91.0,cse_trade_summary_current,10,2026-09-09,86e92784c0c9215d57c93c54eaea949353eb0b7f7f37ce4101ba1f24d2b10725,accepted,,125.0,125.0,122.0,122.75,False,False,False
2026-09-09,CFI.N0000,360.0,363.75,360.0,363.75,15.0,5400.0,1.0,cse_trade_summary_current,10,2026-09-09,86e92784c0c9215d57c93c54eaea949353eb0b7f7f37ce4101ba1f24d2b10725,accepted,,360.0,360.0,360.0,363.75,True,True,False
2026-09-09,CIT.N0000,351.25,351.25,351.0,351.0,346.0,121457.5,7.0,cse_trade_summary_current,10,2026-09-09,86e92784c0c9215d57c93c54eaea949353eb0b7f7f37ce4101ba1f24d2b10725,accepted,,351.25,351.25,351.0,351.0,False,False,False
2026-09-09,CLND.N0000,48.9,49.0,47.8,48.0,3837.0,186889.4,13.0,cse_trade_summary_current,10,2026-09-09,86e92784c0c9215d57c93c54eaea949353eb0b7f7f37ce4101ba1f24d2b10725,accepted,,48.9,49.0,47.8,48.0,False,False,False
2026-09-09,COMB.N0000,205.5,205.5,205.0,205.25,151180.0,31012868.0,134.0,cse_trade_summary_current,10,2026-09-09,86e92784c0c9215d57c93c54eaea949353eb0b7f7f37ce4101ba1f24d2b10725,accepted,,205.5,205.5,205.0,205.25,False,False,False
2026-09-09,COMB.X0000,190.0,190.25,187.5,188.75,21652.0,4096962.25,71.0,cse_trade_summary_current,10,2026-09-09,86e92784c0c9215d57c93c54eaea949353eb0b7f7f37ce4101ba1f24d2b10725,accepted,,190.0,190.25,187.5,188.75,False,False,False
2026-09-09,COCR.N0000,102.75,102.75,101.0,101.25,198495.0,20142366.75,452.0,cse_trade_summary_current,10,2026-09-09,86e92784c0c9215d57c93c54eaea949353eb0b7f7f37ce4101ba1f24d2b10725,accepted,,102.75,102.75,101.0,101.25,False,False,False
2026-09-09,COMD.N0000,286.0,286.0,282.25,286.0,46.0,13118.5,4.0,cse_trade_summary_current,10,2026-09-09,86e92784c0c9215d57c93c54eaea949353eb0b7f7f37ce4101ba1f24d2b10725,accepted,,286.0,286.0,282.25,286.0,False,False,False
2026-09-09,SOY.N0000,2100.0,2100.0,2045.5,2056.0,28.0,57942.25,13.0,cse_trade_summary_current,10,2026-09-09,86e92784c0c9215d57c93c54eaea949353eb0b7f7f37ce4101ba1f24d2b10725,accepted,,2100.0,2100.0,2045.5,2056.0,False,False,False
2026-09-09,DPL.N0000,14.0,14.1,13.3,13.6,19386.0,266554.9,18.0,cse_trade_summary_current,10,2026-09-09,86e92784c0c9215d57c93c54eaea949353eb0b7f7f37ce4101ba1f24d2b10725,accepted,,14.0,14.1,13.3,13.6,False,False,False
2026-09-09,DFCC.N0000,125.5,126.5,125.5,126.0,125230.0,15772505.25,69.0,cse_trade_summary_current,10,2026-09-09,86e92784c0c9215d57c93c54eaea949353eb0b7f7f37ce4101ba1f24d2b10725,accepted,,125.5,126.5,125.5,126.0,False,False,False
2026-09-09,DIAL.N0000,48.4,48.6,48.2,48.5,169448.0,8210624.6,198.0,cse_trade_summary_current,10,2026-09-09,86e92784c0c9215d57c93c54eaea949353eb0b7f7f37ce4101ba1f24d2b10725,accepted,,48.4,48.6,48.2,48.5,False,False,False
2026-09-09,CALF.N0000,133.0,133.0,130.5,131.0,126.0,16555.5,4.0,cse_trade_summary_current,10,2026-09-09,86e92784c0c9215d57c93c54eaea949353eb0b7f7f37ce4101ba1f24d2b10725,accepted,,133.0,133.0,130.5,131.0,False,False,False
2026-09-09,DIMO.N0000,1459.0,1459.5,1449.75,1449.75,73.0,106402.5,7.0,cse_trade_summary_current,10,2026-09-09,86e92784c0c9215d57c93c54eaea949353eb0b7f7f37ce4101ba1f24d2b10725,accepted,,1459.0,1459.5,1450.0,1449.75,True,True,False
2026-09-09,PKME.N0000,160.0,160.0,158.75,159.0,14439.0,2305585.0,52.0,cse_trade_summary_current,10,2026-09-09,86e92784c0c9215d57c93c54eaea949353eb0b7f7f37ce4101ba1f24d2b10725,accepted,,160.0,160.0,158.75,159.0,False,False,False
2026-09-09,CTEA.N0000,1455.0,1464.75,1455.0,1464.75,15.0,21825.0,1.0,cse_trade_summary_current,10,2026-09-09,86e92784c0c9215d57c93c54eaea949353eb0b7f7f37ce4101ba1f24d2b10725,accepted,,1455.0,1455.0,1455.0,1464.75,True,True,False
2026-09-09,DIPD.N0000,60.8,60.8,59.5,59.9,171499.0,10337031.6,245.0,cse_trade_summary_current,10,2026-09-09,86e92784c0c9215d57c93c54eaea949353eb0b7f7f37ce4101ba1f24d2b10725,accepted,,60.8,60.8,59.5,59.9,False,False,False
2026-09-09,DIST.N0000,54.7,55.0,54.7,54.9,7624.0,418358.6,35.0,cse_trade_summary_current,10,2026-09-09,86e92784c0c9215d57c93c54eaea949353eb0b7f7f37ce4101ba1f24d2b10725,accepted,,54.7,55.0,54.7,54.9,False,False,False
2026-09-09,STAF.N0000,40.7,41.9,40.7,41.3,385.0,15876.0,7.0,cse_trade_summary_current,10,2026-09-09,86e92784c0c9215d57c93c54eaea949353eb0b7f7f37ce4101ba1f24d2b10725,accepted,,40.7,41.9,40.7,41.3,False,False,False
2026-09-09,EBCR.N0000,36.6,37.3,36.5,36.5,8758.0,319982.0,17.0,cse_trade_summary_current,10,2026-09-09,86e92784c0c9215d57c93c54eaea949353eb0b7f7f37ce4101ba1f24d2b10725,accepted,,36.6,37.3,36.5,36.5,False,False,False
2026-09-09,EML.N0000,8.9,9.0,8.6,9.0,37409.0,336043.9,19.0,cse_trade_summary_current,10,2026-09-09,86e92784c0c9215d57c93c54eaea949353eb0b7f7f37ce4101ba1f24d2b10725,accepted,,8.9,9.0,8.6,9.0,False,False,False
2026-09-09,ECL.N0000,15.5,15.5,15.5,15.5,1595.0,24722.5,3.0,cse_trade_summary_current,10,2026-09-09,86e92784c0c9215d57c93c54eaea949353eb0b7f7f37ce4101ba1f24d2b10725,accepted,,15.5,15.5,15.5,15.5,False,False,False
2026-09-09,EAST.N0000,72.1,73.0,71.5,72.0,71951.0,5209091.7,58.0,cse_trade_summary_current,10,2026-09-09,86e92784c0c9215d57c93c54eaea949353eb0b7f7f37ce4101ba1f24d2b10725,accepted,,72.1,73.0,71.5,72.0,False,False,False
2026-09-09,EMER.N0000,10.7,10.8,10.7,10.7,8000.0,85674.7,6.0,cse_trade_summary_current,10,2026-09-09,86e92784c0c9215d57c93c54eaea949353eb0b7f7f37ce4101ba1f24d2b10725,accepted,,10.7,10.8,10.7,10.7,False,False,False
2026-09-09,EDEN.N0000,9.4,9.8,9.3,9.4,49070.0,459785.5,25.0,cse_trade_summary_current,10,2026-09-09,86e92784c0c9215d57c93c54eaea949353eb0b7f7f37ce4101ba1f24d2b10725,accepted,,9.4,9.8,9.3,9.4,False,False,False
2026-09-09,ELPL.N0000,177.0,183.75,177.0,182.5,1589.0,287766.0,23.0,cse_trade_summary_current,10,2026-09-09,86e92784c0c9215d57c93c54eaea949353eb0b7f7f37ce4101ba1f24d2b10725,accepted,,177.0,183.75,177.0,182.5,False,False,False
2026-09-09,ETWO.N0000,59.4,60.0,58.0,59.3,16795.0,979294.7,66.0,cse_trade_summary_current,10,2026-09-09,86e92784c0c9215d57c93c54eaea949353eb0b7f7f37ce4101ba1f24d2b10725,accepted,,59.4,60.0,58.0,59.3,False,False,False
2026-09-09,PACK.N0000,11.2,11.7,11.2,11.3,5910.0,66777.2,13.0,cse_trade_summary_current,10,2026-09-09,86e92784c0c9215d57c93c54eaea949353eb0b7f7f37ce4101ba1f24d2b10725,accepted,,11.2,11.7,11.2,11.3,False,False,False
2026-09-09,EXT.N0000,14.3,14.7,14.2,14.6,5677.0,82740.5,20.0,cse_trade_summary_current,10,2026-09-09,86e92784c0c9215d57c93c54eaea949353eb0b7f7f37ce4101ba1f24d2b10725,accepted,,14.3,14.7,14.2,14.6,False,False,False
2026-09-09,CFVF.N0000,45.0,45.0,44.5,44.6,43208.0,1929047.8,56.0,cse_trade_summary_current,10,2026-09-09,86e92784c0c9215d57c93c54eaea949353eb0b7f7f37ce4101ba1f24d2b10725,accepted,,45.0,45.0,44.5,44.6,False,False,False
2026-09-09,FCT.N0000,28.1,28.1,27.5,27.6,41490.0,1151701.9,85.0,cse_trade_summary_current,10,2026-09-09,86e92784c0c9215d57c93c54eaea949353eb0b7f7f37ce4101ba1f24d2b10725,accepted,,28.1,28.1,27.5,27.6,False,False,False
2026-09-09,GHLL.N0000,15.8,15.8,15.1,15.1,41105.0,622149.7,19.0,cse_trade_summary_current,10,2026-09-09,86e92784c0c9215d57c93c54eaea949353eb0b7f7f37ce4101ba1f24d2b10725,accepted,,15.8,15.8,15.1,15.1,False,False,False
2026-09-09,WAPO.N0000,20.0,20.5,19.9,19.9,12222.0,244167.6,32.0,cse_trade_summary_current,10,2026-09-09,86e92784c0c9215d57c93c54eaea949353eb0b7f7f37ce4101ba1f24d2b10725,accepted,,20.0,20.5,19.9,19.9,False,False,False
2026-09-09,GEST.N0000,335.5,350.0,335.5,350.0,1.0,335.5,1.0,cse_trade_summary_current,10,2026-09-09,86e92784c0c9215d57c93c54eaea949353eb0b7f7f37ce4101ba1f24d2b10725,accepted,,335.5,335.5,335.5,350.0,True,True,False
2026-09-09,MEL.N0000,5.2,5.2,4.9,5.0,17790.0,89287.7,20.0,cse_trade_summary_current,10,2026-09-09,86e92784c0c9215d57c93c54eaea949353eb0b7f7f37ce4101ba1f24d2b10725,accepted,,5.2,5.2,4.9,5.0,False,False,False
2026-09-09,HAPU.N0000,58.0,58.5,58.0,58.5,716.0,41740.9,7.0,cse_trade_summary_current,10,2026-09-09,86e92784c0c9215d57c93c54eaea949353eb0b7f7f37ce4101ba1f24d2b10725,accepted,,58.0,58.5,58.0,58.5,False,False,False
2026-09-09,HARI.N0000,5280.0,5289.0,5010.0,5195.5,42.0,220360.5,15.0,cse_trade_summary_current,10,2026-09-09,86e92784c0c9215d57c93c54eaea949353eb0b7f7f37ce4101ba1f24d2b10725,accepted,,5280.0,5289.0,5010.0,5195.5,False,False,False
2026-09-09,HNB.X0000,336.0,336.0,333.25,334.0,7491.0,2507337.5,60.0,cse_trade_summary_current,10,2026-09-09,86e92784c0c9215d57c93c54eaea949353eb0b7f7f37ce4101ba1f24d2b10725,accepted,,336.0,336.0,333.25,334.0,False,False,False
2026-09-09,HNB.N0000,383.25,385.0,381.0,381.75,11228.0,4302177.75,131.0,cse_trade_summary_current,10,2026-09-09,86e92784c0c9215d57c93c54eaea949353eb0b7f7f37ce4101ba1f24d2b10725,accepted,,383.25,385.0,381.0,381.75,False,False,False
2026-09-09,HPL.N0000,24.4,25.0,23.8,24.0,42934.0,1033610.9,74.0,cse_trade_summary_current,10,2026-09-09,86e92784c0c9215d57c93c54eaea949353eb0b7f7f37ce4101ba1f24d2b10725,accepted,,24.4,25.0,23.8,24.0,False,False,False
2026-09-09,HAYC.N0000,204.0,204.75,199.0,201.75,204745.0,41097296.5,373.0,cse_trade_summary_current,10,2026-09-09,86e92784c0c9215d57c93c54eaea949353eb0b7f7f37ce4101ba1f24d2b10725,accepted,,204.0,204.75,199.0,201.75,False,False,False
2026-09-09,MGT.N0000,28.4,29.0,28.4,28.5,30313.0,867289.4,34.0,cse_trade_summary_current,10,2026-09-09,86e92784c0c9215d57c93c54eaea949353eb0b7f7f37ce4101ba1f24d2b10725,accepted,,28.4,29.0,28.4,28.5,False,False,False
2026-09-09,HEXP.N0000,171.0,171.0,167.0,167.25,8359.0,1414005.5,51.0,cse_trade_summary_current,10,2026-09-09,86e92784c0c9215d57c93c54eaea949353eb0b7f7f37ce4101ba1f24d2b10725,accepted,,171.0,171.0,167.0,167.25,False,False,False
2026-09-09,CONN.N0000,25.6,26.7,25.5,25.6,2364.0,60497.6,18.0,cse_trade_summary_current,10,2026-09-09,86e92784c0c9215d57c93c54eaea949353eb0b7f7f37ce4101ba1f24d2b10725,accepted,,25.6,26.7,25.5,25.6,False,False,False
2026-09-09,HAYL.N0000,236.75,236.75,230.0,231.5,11170.0,2598770.0,117.0,cse_trade_summary_current,10,2026-09-09,86e92784c0c9215d57c93c54eaea949353eb0b7f7f37ce4101ba1f24d2b10725,accepted,,236.75,236.75,230.0,231.5,False,False,False
2026-09-09,HHL.N0000,31.3,31.7,31.3,31.6,70939.0,2234354.3,83.0,cse_trade_summary_current,10,2026-09-09,86e92784c0c9215d57c93c54eaea949353eb0b7f7f37ce4101ba1f24d2b10725,accepted,,31.3,31.7,31.3,31.6,False,False,False
2026-09-09,CITH.N0000,4.6,4.7,4.5,4.6,7173.0,32731.4,16.0,cse_trade_summary_current,10,2026-09-09,86e92784c0c9215d57c93c54eaea949353eb0b7f7f37ce4101ba1f24d2b10725,accepted,,4.6,4.7,4.5,4.6,False,False,False
2026-09-09,HNBF.X0000,7.5,7.5,7.2,7.2,240753.0,1762004.8,24.0,cse_trade_summary_current,10,2026-09-09,86e92784c0c9215d57c93c54eaea949353eb0b7f7f37ce4101ba1f24d2b10725,accepted,,7.5,7.5,7.2,7.2,False,False,False
2026-09-09,HNBF.N0000,8.4,8.4,8.2,8.2,328648.0,2707003.4,74.0,cse_trade_summary_current,10,2026-09-09,86e92784c0c9215d57c93c54eaea949353eb0b7f7f37ce4101ba1f24d2b10725,accepted,,8.4,8.4,8.2,8.2,False,False,False
2026-09-09,HASU.N0000,145.0,145.75,143.75,143.75,3708.0,534844.0,25.0,cse_trade_summary_current,10,2026-09-09,86e92784c0c9215d57c93c54eaea949353eb0b7f7f37ce4101ba1f24d2b10725,accepted,,145.0,145.75,143.75,143.75,False,False,False
2026-09-09,HOPL.N0000,53.4,53.5,53.3,53.5,135.0,7221.6,9.0,cse_trade_summary_current,10,2026-09-09,86e92784c0c9215d57c93c54eaea949353eb0b7f7f37ce4101ba1f24d2b10725,accepted,,53.4,53.5,53.3,53.5,False,False,False
2026-09-09,HSIG.N0000,69.0,70.0,69.0,69.2,1181.0,81602.5,8.0,cse_trade_summary_current,10,2026-09-09,86e92784c0c9215d57c93c54eaea949353eb0b7f7f37ce4101ba1f24d2b10725,accepted,,69.0,70.0,69.0,69.2,False,False,False
2026-09-09,HDFC.N0000,65.5,66.0,65.1,65.4,24877.0,1634237.0,17.0,cse_trade_summary_current,10,2026-09-09,86e92784c0c9215d57c93c54eaea949353eb0b7f7f37ce4101ba1f24d2b10725,accepted,,65.5,66.0,65.1,65.4,False,False,False
2026-09-09,HBS.N0000,24.7,25.0,24.5,24.6,64688.0,1597647.4,20.0,cse_trade_summary_current,10,2026-09-09,86e92784c0c9215d57c93c54eaea949353eb0b7f7f37ce4101ba1f24d2b10725,accepted,,24.7,25.0,24.5,24.6,False,False,False
2026-09-09,HUNA.N0000,15.0,15.0,14.9,14.9,1000.0,14910.1,3.0,cse_trade_summary_current,10,2026-09-09,86e92784c0c9215d57c93c54eaea949353eb0b7f7f37ce4101ba1f24d2b10725,accepted,,15.0,15.0,14.9,14.9,False,False,False
2026-09-09,HUNT.N0000,1343.0,1500.0,1300.5,1500.0,65.0,87417.75,14.0,cse_trade_summary_current,10,2026-09-09,86e92784c0c9215d57c93c54eaea949353eb0b7f7f37ce4101ba1f24d2b10725,accepted,,1343.0,1496.75,1300.5,1500.0,True,True,False
2026-09-09,HVA.N0000,5.0,5.0,4.9,4.9,138776.0,683050.9,41.0,cse_trade_summary_current,10,2026-09-09,86e92784c0c9215d57c93c54eaea949353eb0b7f7f37ce4101ba1f24d2b10725,accepted,,5.0,5.0,4.9,4.9,False,False,False
2026-09-09,ASPH.N0000,0.6,0.7,0.6,0.6,8239124.0,4943774.5,26.0,cse_trade_summary_current,10,2026-09-09,86e92784c0c9215d57c93c54eaea949353eb0b7f7f37ce4101ba1f24d2b10725,accepted,,0.6,0.7,0.6,0.6,False,False,False
2026-09-09,INME.N0000,1889.0,1889.0,1760.75,1760.75,2.0,3769.0,2.0,cse_trade_summary_current,10,2026-09-09,86e92784c0c9215d57c93c54eaea949353eb0b7f7f37ce4101ba1f24d2b10725,accepted,,1889.0,1889.0,1880.0,1760.75,True,True,False
2026-09-09,BFN.N0000,31.0,31.0,30.6,30.9,246.0,7612.6,8.0,cse_trade_summary_current,10,2026-09-09,86e92784c0c9215d57c93c54eaea949353eb0b7f7f37ce4101ba1f24d2b10725,accepted,,31.0,31.0,30.6,30.9,False,False,False
2026-09-09,JINS.N0000,41.0,41.0,40.5,40.7,12157.0,494239.9,56.0,cse_trade_summary_current,10,2026-09-09,86e92784c0c9215d57c93c54eaea949353eb0b7f7f37ce4101ba1f24d2b10725,accepted,,41.0,41.0,40.5,40.7,False,False,False
2026-09-09,JXG.N0000,11.1,11.2,11.1,11.1,152354.0,1692328.0,77.0,cse_trade_summary_current,10,2026-09-09,86e92784c0c9215d57c93c54eaea949353eb0b7f7f37ce4101ba1f24d2b10725,accepted,,11.1,11.2,11.1,11.1,False,False,False
2026-09-09,JAT.N0000,36.6,37.0,36.0,36.0,192218.0,7012497.5,166.0,cse_trade_summary_current,10,2026-09-09,86e92784c0c9215d57c93c54eaea949353eb0b7f7f37ce4101ba1f24d2b10725,accepted,,36.6,37.0,36.0,36.0,False,False,False
2026-09-09,JETS.N0000,14.6,14.9,14.5,14.5,93056.0,1362202.1,32.0,cse_trade_summary_current,10,2026-09-09,86e92784c0c9215d57c93c54eaea949353eb0b7f7f37ce4101ba1f24d2b10725,accepted,,14.6,14.9,14.5,14.5,False,False,False
2026-09-09,JFP.N0000,17.1,17.1,16.8,16.9,28445.0,481600.3,44.0,cse_trade_summary_current,10,2026-09-09,86e92784c0c9215d57c93c54eaea949353eb0b7f7f37ce4101ba1f24d2b10725,accepted,,17.1,17.1,16.8,16.9,False,False,False
2026-09-09,JKH.N0000,19.6,19.6,19.4,19.5,943326.0,18350328.1,422.0,cse_trade_summary_current,10,2026-09-09,86e92784c0c9215d57c93c54eaea949353eb0b7f7f37ce4101ba1f24d2b10725,accepted,,19.6,19.6,19.4,19.5,False,False,False
2026-09-09,KHL.N0000,16.7,16.9,16.7,16.8,29882.0,500963.1,31.0,cse_trade_summary_current,10,2026-09-09,86e92784c0c9215d57c93c54eaea949353eb0b7f7f37ce4101ba1f24d2b10725,accepted,,16.7,16.9,16.7,16.8,False,False,False
2026-09-09,JKL.N0000,78.5,78.5,78.1,78.1,11.0,863.5,2.0,cse_trade_summary_current,10,2026-09-09,86e92784c0c9215d57c93c54eaea949353eb0b7f7f37ce4101ba1f24d2b10725,accepted,,78.5,78.5,78.5,78.1,True,True,False
2026-09-09,KAHA.N0000,16.4,16.4,16.2,16.2,1035.0,16950.0,3.0,cse_trade_summary_current,10,2026-09-09,86e92784c0c9215d57c93c54eaea949353eb0b7f7f37ce4101ba1f24d2b10725,accepted,,16.4,16.4,16.2,16.2,False,False,False
2026-09-09,KPHL.N0000,20.0,20.0,19.3,19.4,8613.0,168559.9,11.0,cse_trade_summary_current,10,2026-09-09,86e92784c0c9215d57c93c54eaea949353eb0b7f7f37ce4101ba1f24d2b10725,accepted,,20.0,20.0,19.3,19.4,False,False,False
2026-09-09,KFP.N0000,169.0,170.0,169.0,169.75,12822.0,2177310.25,8.0,cse_trade_summary_current,10,2026-09-09,86e92784c0c9215d57c93c54eaea949353eb0b7f7f37ce4101ba1f24d2b10725,accepted,,169.0,170.0,169.0,169.75,False,False,False
2026-09-09,KGAL.N0000,140.0,146.0,140.0,145.75,401.0,56720.75,4.0,cse_trade_summary_current,10,2026-09-09,86e92784c0c9215d57c93c54eaea949353eb0b7f7f37ce4101ba1f24d2b10725,accepted,,140.0,146.0,140.0,145.75,False,False,False
2026-09-09,KCAB.N0000,105.0,105.25,103.0,103.5,41445.0,4306280.5,73.0,cse_trade_summary_current,10,2026-09-09,86e92784c0c9215d57c93c54eaea949353eb0b7f7f37ce4101ba1f24d2b10725,accepted,,105.0,105.25,103.0,103.5,False,False,False
2026-09-09,TYRE.N0000,85.0,85.6,84.3,84.4,4819.0,408711.8,81.0,cse_trade_summary_current,10,2026-09-09,86e92784c0c9215d57c93c54eaea949353eb0b7f7f37ce4101ba1f24d2b10725,accepted,,85.0,85.6,84.3,84.4,False,False,False
2026-09-09,KVAL.N0000,82.9,83.0,82.5,83.0,22.0,1823.4,3.0,cse_trade_summary_current,10,2026-09-09,86e92784c0c9215d57c93c54eaea949353eb0b7f7f37ce4101ba1f24d2b10725,accepted,,82.9,82.9,82.5,83.0,True,True,False
2026-09-09,CPRT.N0000,31.4,31.4,30.4,31.3,1903.0,59468.6,15.0,cse_trade_summary_current,10,2026-09-09,86e92784c0c9215d57c93c54eaea949353eb0b7f7f37ce4101ba1f24d2b10725,accepted,,31.4,31.4,30.4,31.3,False,False,False
2026-09-09,KOTA.N0000,7.9,7.9,7.8,7.9,165822.0,1306140.8,77.0,cse_trade_summary_current,10,2026-09-09,86e92784c0c9215d57c93c54eaea949353eb0b7f7f37ce4101ba1f24d2b10725,accepted,,7.9,7.9,7.8,7.9,False,False,False
2026-09-09,LAMB.N0000,1311.75,1311.75,1240.25,1242.25,26.0,33669.75,10.0,cse_trade_summary_current,10,2026-09-09,86e92784c0c9215d57c93c54eaea949353eb0b7f7f37ce4101ba1f24d2b10725,accepted,,1311.75,1311.75,1240.25,1242.25,False,False,False
2026-09-09,LFIN.N0000,155.0,155.0,153.75,154.0,19398.0,3002115.5,87.0,cse_trade_summary_current,10,2026-09-09,86e92784c0c9215d57c93c54eaea949353eb0b7f7f37ce4101ba1f24d2b10725,accepted,,155.0,155.0,153.75,154.0,False,False,False
2026-09-09,LPRT.N0000,679.75,679.75,643.0,643.0,54.0,36648.25,11.0,cse_trade_summary_current,10,2026-09-09,86e92784c0c9215d57c93c54eaea949353eb0b7f7f37ce4101ba1f24d2b10725,accepted,,679.75,679.75,678.0,643.0,True,True,False
2026-09-09,LALU.N0000,40.0,40.0,39.7,39.7,3946.0,157104.7,18.0,cse_trade_summary_current,10,2026-09-09,86e92784c0c9215d57c93c54eaea949353eb0b7f7f37ce4101ba1f24d2b10725,accepted,,40.0,40.0,39.7,39.7,False,False,False
2026-09-09,ASHO.N0000,2925.0,2930.0,2875.0,2879.75,1640.0,4743325.0,42.0,cse_trade_summary_current,10,2026-09-09,86e92784c0c9215d57c93c54eaea949353eb0b7f7f37ce4101ba1f24d2b10725,accepted,,2925.0,2930.0,2875.0,2879.75,False,False,False
2026-09-09,CERA.N0000,166.0,169.75,164.25,164.25,11.0,1825.75,3.0,cse_trade_summary_current,10,2026-09-09,86e92784c0c9215d57c93c54eaea949353eb0b7f7f37ce4101ba1f24d2b10725,accepted,,166.0,169.75,165.5,164.25,True,True,False
2026-09-09,LCBF.N0000,6.1,6.1,6.0,6.0,965787.0,5810338.5,86.0,cse_trade_summary_current,10,2026-09-09,86e92784c0c9215d57c93c54eaea949353eb0b7f7f37ce4101ba1f24d2b10725,accepted,,6.1,6.1,6.0,6.0,False,False,False
2026-09-09,LIOC.N0000,131.25,131.75,130.5,130.5,11555.0,1515473.25,105.0,cse_trade_summary_current,10,2026-09-09,86e92784c0c9215d57c93c54eaea949353eb0b7f7f37ce4101ba1f24d2b10725,accepted,,131.25,131.75,130.5,130.5,False,False,False
2026-09-09,LMF.N0000,88.4,88.4,86.9,87.0,33650.0,2939067.9,144.0,cse_trade_summary_current,10,2026-09-09,86e92784c0c9215d57c93c54eaea949353eb0b7f7f37ce4101ba1f24d2b10725,accepted,,88.4,88.4,86.9,87.0,False,False,False
2026-09-09,ASCO.N0000,53.0,53.8,52.8,53.0,16416.0,869701.0,24.0,cse_trade_summary_current,10,2026-09-09,86e92784c0c9215d57c93c54eaea949353eb0b7f7f37ce4101ba1f24d2b10725,accepted,,53.0,53.8,52.8,53.0,False,False,False
2026-09-09,TILE.N0000,42.8,43.2,42.0,42.2,7947.0,336527.7,44.0,cse_trade_summary_current,10,2026-09-09,86e92784c0c9215d57c93c54eaea949353eb0b7f7f37ce4101ba1f24d2b10725,accepted,,42.8,43.2,42.0,42.2,False,False,False
2026-09-09,LVEN.N0000,49.9,49.9,46.2,48.0,36045.0,1710611.4,52.0,cse_trade_summary_current,10,2026-09-09,86e92784c0c9215d57c93c54eaea949353eb0b7f7f37ce4101ba1f24d2b10725,accepted,,49.9,49.9,46.2,48.0,False,False,False
2026-09-09,LWL.N0000,47.0,47.0,46.0,46.2,13784.0,640213.7,23.0,cse_trade_summary_current,10,2026-09-09,86e92784c0c9215d57c93c54eaea949353eb0b7f7f37ce4101ba1f24d2b10725,accepted,,47.0,47.0,46.0,46.2,False,False,False
2026-09-09,LCEY.N0000,38.8,38.8,37.0,37.9,18525.0,697014.0,14.0,cse_trade_summary_current,10,2026-09-09,86e92784c0c9215d57c93c54eaea949353eb0b7f7f37ce4101ba1f24d2b10725,accepted,,38.8,38.8,37.0,37.9,False,False,False
2026-09-09,LDEV.N0000,17.7,18.4,17.6,17.9,2400.0,42773.6,10.0,cse_trade_summary_current,10,2026-09-09,86e92784c0c9215d57c93c54eaea949353eb0b7f7f37ce4101ba1f24d2b10725,accepted,,17.7,18.4,17.6,17.9,False,False,False
2026-09-09,LGL.N0000,48.6,49.8,48.5,48.7,19725.0,961823.5,22.0,cse_trade_summary_current,10,2026-09-09,86e92784c0c9215d57c93c54eaea949353eb0b7f7f37ce4101ba1f24d2b10725,accepted,,48.6,49.8,48.5,48.7,False,False,False
2026-09-09,LGL.X0000,33.8,33.8,32.7,32.8,1564.0,51425.4,9.0,cse_trade_summary_current,10,2026-09-09,86e92784c0c9215d57c93c54eaea949353eb0b7f7f37ce4101ba1f24d2b10725,accepted,,33.8,33.8,32.7,32.8,False,False,False
2026-09-09,LPL.X0000,8.9,8.9,8.7,8.9,1120.0,9965.8,5.0,cse_trade_summary_current,10,2026-09-09,86e92784c0c9215d57c93c54eaea949353eb0b7f7f37ce4101ba1f24d2b10725,accepted,,8.9,8.9,8.7,8.9,False,False,False
2026-09-09,LPL.N0000,10.3,10.7,10.3,10.5,1115.0,11734.5,7.0,cse_trade_summary_current,10,2026-09-09,86e92784c0c9215d57c93c54eaea949353eb0b7f7f37ce4101ba1f24d2b10725,accepted,,10.3,10.7,10.3,10.5,False,False,False
2026-09-09,LITE.N0000,49.0,49.7,48.0,49.3,2975.0,146519.6,46.0,cse_trade_summary_current,10,2026-09-09,86e92784c0c9215d57c93c54eaea949353eb0b7f7f37ce4101ba1f24d2b10725,accepted,,49.0,49.7,48.0,49.3,False,False,False
2026-09-09,SHAW.N0000,305.0,305.0,305.0,305.0,1000.0,305000.0,3.0,cse_trade_summary_current,10,2026-09-09,86e92784c0c9215d57c93c54eaea949353eb0b7f7f37ce4101ba1f24d2b10725,accepted,,305.0,305.0,305.0,305.0,False,False,False
2026-09-09,LION.N0000,1751.75,1751.75,1751.75,1751.75,8.0,14014.0,1.0,cse_trade_summary_current,10,2026-09-09,86e92784c0c9215d57c93c54eaea949353eb0b7f7f37ce4101ba1f24d2b10725,accepted,,1751.75,1751.75,1751.75,1751.75,False,False,False
2026-09-09,LOFC.N0000,5.1,5.3,5.1,5.2,813781.0,4261951.0,69.0,cse_trade_summary_current,10,2026-09-09,86e92784c0c9215d57c93c54eaea949353eb0b7f7f37ce4101ba1f24d2b10725,accepted,,5.1,5.3,5.1,5.2,False,False,False
2026-09-09,LGIL.N0000,7.3,7.3,7.2,7.2,12850.0,92695.0,10.0,cse_trade_summary_current,10,2026-09-09,86e92784c0c9215d57c93c54eaea949353eb0b7f7f37ce4101ba1f24d2b10725,accepted,,7.3,7.3,7.2,7.2,False,False,False
2026-09-09,LOLC.N0000,465.0,477.0,460.0,464.0,4605.0,2129526.0,65.0,cse_trade_summary_current,10,2026-09-09,86e92784c0c9215d57c93c54eaea949353eb0b7f7f37ce4101ba1f24d2b10725,accepted,,465.0,477.0,460.0,464.0,False,False,False
2026-09-09,HPFL.N0000,12.2,12.6,12.2,12.2,205.0,2503.0,2.0,cse_trade_summary_current,10,2026-09-09,86e92784c0c9215d57c93c54eaea949353eb0b7f7f37ce4101ba1f24d2b10725,accepted,,12.2,12.6,12.2,12.2,False,False,False
2026-09-09,LUMX.N0000,9.4,9.4,9.0,9.0,65872.0,592880.7,29.0,cse_trade_summary_current,10,2026-09-09,86e92784c0c9215d57c93c54eaea949353eb0b7f7f37ce4101ba1f24d2b10725,accepted,,9.4,9.4,9.0,9.0,False,False,False
2026-09-09,LVEF.N0000,6.5,6.5,6.3,6.4,251467.0,1609434.9,47.0,cse_trade_summary_current,10,2026-09-09,86e92784c0c9215d57c93c54eaea949353eb0b7f7f37ce4101ba1f24d2b10725,accepted,,6.5,6.5,6.3,6.4,False,False,False
2026-09-09,MADU.N0000,9.9,10.4,9.9,10.1,6333.0,64619.0,17.0,cse_trade_summary_current,10,2026-09-09,86e92784c0c9215d57c93c54eaea949353eb0b7f7f37ce4101ba1f24d2b10725,accepted,,9.9,10.4,9.9,10.1,False,False,False
2026-09-09,MFPE.N0000,16.5,16.5,15.9,16.0,20554.0,329404.7,28.0,cse_trade_summary_current,10,2026-09-09,86e92784c0c9215d57c93c54eaea949353eb0b7f7f37ce4101ba1f24d2b10725,accepted,,16.5,16.5,15.9,16.0,False,False,False
2026-09-09,MCPL.N0000,51.8,52.8,51.8,52.2,3591.0,187279.8,14.0,cse_trade_summary_current,10,2026-09-09,86e92784c0c9215d57c93c54eaea949353eb0b7f7f37ce4101ba1f24d2b10725,accepted,,51.8,52.8,51.8,52.2,False,False,False
2026-09-09,MRH.N0000,16.6,16.6,16.1,16.1,25.0,410.8,3.0,cse_trade_summary_current,10,2026-09-09,86e92784c0c9215d57c93c54eaea949353eb0b7f7f37ce4101ba1f24d2b10725,accepted,,16.6,16.6,16.3,16.1,True,True,False
2026-09-09,MAL.N0000,53.0,54.9,51.0,54.0,2275.0,120790.1,25.0,cse_trade_summary_current,10,2026-09-09,86e92784c0c9215d57c93c54eaea949353eb0b7f7f37ce4101ba1f24d2b10725,accepted,,53.0,54.9,51.0,54.0,False,False,False
2026-09-09,MAL.X0000,32.1,32.4,32.0,32.4,770.0,24940.1,5.0,cse_trade_summary_current,10,2026-09-09,86e92784c0c9215d57c93c54eaea949353eb0b7f7f37ce4101ba1f24d2b10725,accepted,,32.1,32.4,32.0,32.4,False,False,False
2026-09-09,MARA.N0000,5.3,5.3,5.3,5.3,14881.0,78869.3,8.0,cse_trade_summary_current,10,2026-09-09,86e92784c0c9215d57c93c54eaea949353eb0b7f7f37ce4101ba1f24d2b10725,accepted,,5.3,5.3,5.3,5.3,False,False,False
2026-09-09,MASK.N0000,63.0,65.5,62.5,64.5,20712.0,1326742.2,57.0,cse_trade_summary_current,10,2026-09-09,86e92784c0c9215d57c93c54eaea949353eb0b7f7f37ce4101ba1f24d2b10725,accepted,,63.0,65.5,62.5,64.5,False,False,False
2026-09-09,MELS.N0000,189.75,189.75,188.25,189.5,18103.0,3433289.0,37.0,cse_trade_summary_current,10,2026-09-09,86e92784c0c9215d57c93c54eaea949353eb0b7f7f37ce4101ba1f24d2b10725,accepted,,189.75,189.75,188.25,189.5,False,False,False
2026-09-09,MERC.N0000,24.0,24.0,23.0,23.0,51910.0,1202624.4,47.0,cse_trade_summary_current,10,2026-09-09,86e92784c0c9215d57c93c54eaea949353eb0b7f7f37ce4101ba1f24d2b10725,accepted,,24.0,24.0,23.0,23.0,False,False,False
2026-09-09,MSL.N0000,194.75,195.0,190.25,194.75,529.0,103050.25,4.0,cse_trade_summary_current,10,2026-09-09,86e92784c0c9215d57c93c54eaea949353eb0b7f7f37ce4101ba1f24d2b10725,accepted,,194.75,195.0,190.25,194.75,False,False,False
2026-09-09,MBSL.N0000,10.6,10.8,10.0,10.2,430875.0,4420054.0,78.0,cse_trade_summary_current,10,2026-09-09,86e92784c0c9215d57c93c54eaea949353eb0b7f7f37ce4101ba1f24d2b10725,accepted,,10.6,10.8,10.0,10.2,False,False,False
2026-09-09,MHDL.N0000,8.6,8.6,8.3,8.6,1552.0,13341.6,3.0,cse_trade_summary_current,10,2026-09-09,86e92784c0c9215d57c93c54eaea949353eb0b7f7f37ce4101ba1f24d2b10725,accepted,,8.6,8.6,8.3,8.6,False,False,False
2026-09-09,MULL.N0000,2.1,2.2,2.1,2.1,371171.0,779460.1,18.0,cse_trade_summary_current,10,2026-09-09,86e92784c0c9215d57c93c54eaea949353eb0b7f7f37ce4101ba1f24d2b10725,accepted,,2.1,2.2,2.1,2.1,False,False,False
2026-09-09,MDL.N0000,19.7,19.7,19.5,19.6,2470.0,48470.0,6.0,cse_trade_summary_current,10,2026-09-09,86e92784c0c9215d57c93c54eaea949353eb0b7f7f37ce4101ba1f24d2b10725,accepted,,19.7,19.7,19.5,19.6,False,False,False
2026-09-09,NAMU.N0000,65.1,67.0,65.0,65.1,21610.0,1428373.8,38.0,cse_trade_summary_current,10,2026-09-09,86e92784c0c9215d57c93c54eaea949353eb0b7f7f37ce4101ba1f24d2b10725,accepted,,65.1,67.0,65.0,65.1,False,False,False
2026-09-09,NDB.N0000,112.25,112.25,111.0,111.25,51268.0,5693274.75,55.0,cse_trade_summary_current,10,2026-09-09,86e92784c0c9215d57c93c54eaea949353eb0b7f7f37ce4101ba1f24d2b10725,accepted,,112.25,112.25,111.0,111.25,False,False,False
2026-09-09,NTB.X0000,394.0,397.25,394.0,396.5,152.0,60267.5,7.0,cse_trade_summary_current,10,2026-09-09,86e92784c0c9215d57c93c54eaea949353eb0b7f7f37ce4101ba1f24d2b10725,accepted,,394.0,397.25,394.0,396.5,False,False,False
2026-09-09,NTB.N0000,310.0,310.0,307.0,307.5,2815.0,869679.25,26.0,cse_trade_summary_current,10,2026-09-09,86e92784c0c9215d57c93c54eaea949353eb0b7f7f37ce4101ba1f24d2b10725,accepted,,310.0,310.0,307.0,307.5,False,False,False
2026-09-09,NHL.N0000,12.7,13.0,12.5,12.5,122110.0,1538592.7,63.0,cse_trade_summary_current,10,2026-09-09,86e92784c0c9215d57c93c54eaea949353eb0b7f7f37ce4101ba1f24d2b10725,accepted,,12.7,13.0,12.5,12.5,False,False,False
2026-09-09,ODEL.N0000,11.4,11.4,10.7,10.7,10079.0,108616.0,14.0,cse_trade_summary_current,10,2026-09-09,86e92784c0c9215d57c93c54eaea949353eb0b7f7f37ce4101ba1f24d2b10725,accepted,,11.4,11.4,10.7,10.7,False,False,False
2026-09-09,OFEQ.N0000,455.0,455.0,455.0,455.0,481.0,218855.0,2.0,cse_trade_summary_current,10,2026-09-09,86e92784c0c9215d57c93c54eaea949353eb0b7f7f37ce4101ba1f24d2b10725,accepted,,455.0,455.0,455.0,455.0,False,False,False
2026-09-09,ONAL.N0000,46.4,46.4,46.0,46.2,825.0,38228.0,7.0,cse_trade_summary_current,10,2026-09-09,86e92784c0c9215d57c93c54eaea949353eb0b7f7f37ce4101ba1f24d2b10725,accepted,,46.4,46.4,46.0,46.2,False,False,False
2026-09-09,OSEA.N0000,53.4,54.5,53.0,53.8,770642.0,41491046.6,238.0,cse_trade_summary_current,10,2026-09-09,86e92784c0c9215d57c93c54eaea949353eb0b7f7f37ce4101ba1f24d2b10725,accepted,,53.4,54.5,53.0,53.8,False,False,False
2026-09-09,PALM.N0000,50.0,50.3,50.0,50.3,45.0,2250.0,1.0,cse_trade_summary_current,10,2026-09-09,86e92784c0c9215d57c93c54eaea949353eb0b7f7f37ce4101ba1f24d2b10725,accepted,,50.0,50.0,50.0,50.3,True,True,False
2026-09-09,PABC.N0000,53.0,53.4,52.8,52.9,8509.0,450869.2,37.0,cse_trade_summary_current,10,2026-09-09,86e92784c0c9215d57c93c54eaea949353eb0b7f7f37ce4101ba1f24d2b10725,accepted,,53.0,53.4,52.8,52.9,False,False,False
2026-09-09,PAP.N0000,15.4,15.4,15.0,15.1,179337.0,2716410.5,88.0,cse_trade_summary_current,10,2026-09-09,86e92784c0c9215d57c93c54eaea949353eb0b7f7f37ce4101ba1f24d2b10725,accepted,,15.4,15.4,15.0,15.1,False,False,False
2026-09-09,PARA.N0000,582.0,582.0,556.75,556.75,5.0,2910.0,1.0,cse_trade_summary_current,10,2026-09-09,86e92784c0c9215d57c93c54eaea949353eb0b7f7f37ce4101ba1f24d2b10725,accepted,,582.0,582.0,582.0,556.75,True,True,False
2026-09-09,PEG.N0000,39.5,39.8,37.3,37.4,8711.0,336407.8,20.0,cse_trade_summary_current,10,2026-09-09,86e92784c0c9215d57c93c54eaea949353eb0b7f7f37ce4101ba1f24d2b10725,accepted,,39.5,39.8,37.3,37.4,False,False,False
2026-09-09,PINS.N0000,30.4,30.4,29.9,30.0,15545.0,466866.4,37.0,cse_trade_summary_current,10,2026-09-09,86e92784c0c9215d57c93c54eaea949353eb0b7f7f37ce4101ba1f24d2b10725,accepted,,30.4,30.4,29.9,30.0,False,False,False
2026-09-09,PLC.N0000,19.2,19.2,19.0,19.0,97488.0,1859576.7,65.0,cse_trade_summary_current,10,2026-09-09,86e92784c0c9215d57c93c54eaea949353eb0b7f7f37ce4101ba1f24d2b10725,accepted,,19.2,19.2,19.0,19.0,False,False,False
2026-09-09,GLAS.N0000,57.3,57.4,56.4,57.3,403.0,23084.3,11.0,cse_trade_summary_current,10,2026-09-09,86e92784c0c9215d57c93c54eaea949353eb0b7f7f37ce4101ba1f24d2b10725,accepted,,57.3,57.4,56.4,57.3,False,False,False
2026-09-09,PMB.N0000,10.0,10.4,10.0,10.0,63866.0,639774.7,27.0,cse_trade_summary_current,10,2026-09-09,86e92784c0c9215d57c93c54eaea949353eb0b7f7f37ce4101ba1f24d2b10725,accepted,,10.0,10.4,10.0,10.0,False,False,False
2026-09-09,PLR.N0000,42.8,43.2,42.7,42.9,121945.0,5223270.6,110.0,cse_trade_summary_current,10,2026-09-09,86e92784c0c9215d57c93c54eaea949353eb0b7f7f37ce4101ba1f24d2b10725,accepted,,42.8,43.2,42.7,42.9,False,False,False
2026-09-09,CARE.N0000,40.0,40.0,40.0,40.0,105.0,4200.0,3.0,cse_trade_summary_current,10,2026-09-09,86e92784c0c9215d57c93c54eaea949353eb0b7f7f37ce4101ba1f24d2b10725,accepted,,40.0,40.0,40.0,40.0,False,False,False
2026-09-09,RIL.N0000,25.1,25.5,24.7,24.9,231970.0,5781204.1,113.0,cse_trade_summary_current,10,2026-09-09,86e92784c0c9215d57c93c54eaea949353eb0b7f7f37ce4101ba1f24d2b10725,accepted,,25.1,25.5,24.7,24.9,False,False,False
2026-09-09,RGEM.N0000,132.0,132.0,129.5,130.75,583.0,76425.75,19.0,cse_trade_summary_current,10,2026-09-09,86e92784c0c9215d57c93c54eaea949353eb0b7f7f37ce4101ba1f24d2b10725,accepted,,132.0,132.0,129.5,130.75,False,False,False
2026-09-09,RWSL.N0000,19.5,19.5,19.0,19.0,41041.0,780082.3,16.0,cse_trade_summary_current,10,2026-09-09,86e92784c0c9215d57c93c54eaea949353eb0b7f7f37ce4101ba1f24d2b10725,accepted,,19.5,19.5,19.0,19.0,False,False,False
2026-09-09,RAL.N0000,12.2,12.2,11.9,12.1,808517.0,9717011.9,89.0,cse_trade_summary_current,10,2026-09-09,86e92784c0c9215d57c93c54eaea949353eb0b7f7f37ce4101ba1f24d2b10725,accepted,,12.2,12.2,11.9,12.1,False,False,False
2026-09-09,RENU.N0000,772.5,772.5,760.0,760.0,926.0,704385.0,12.0,cse_trade_summary_current,10,2026-09-09,86e92784c0c9215d57c93c54eaea949353eb0b7f7f37ce4101ba1f24d2b10725,accepted,,772.5,772.5,760.0,760.0,False,False,False
2026-09-09,COCO.N0000,25.2,25.3,25.0,25.1,17281.0,434554.6,23.0,cse_trade_summary_current,10,2026-09-09,86e92784c0c9215d57c93c54eaea949353eb0b7f7f37ce4101ba1f24d2b10725,accepted,,25.2,25.3,25.0,25.1,False,False,False
2026-09-09,COCO.X0000,22.2,23.0,22.2,22.2,10205.0,226555.0,8.0,cse_trade_summary_current,10,2026-09-09,86e92784c0c9215d57c93c54eaea949353eb0b7f7f37ce4101ba1f24d2b10725,accepted,,22.2,23.0,22.2,22.2,False,False,False
2026-09-09,RHL.N0000,44.5,45.0,44.5,44.8,200.0,8961.0,2.0,cse_trade_summary_current,10,2026-09-09,86e92784c0c9215d57c93c54eaea949353eb0b7f7f37ce4101ba1f24d2b10725,accepted,,44.5,45.0,44.5,44.8,False,False,False
2026-09-09,RCH.N0000,203.0,215.75,201.5,204.25,65.0,13669.0,5.0,cse_trade_summary_current,10,2026-09-09,86e92784c0c9215d57c93c54eaea949353eb0b7f7f37ce4101ba1f24d2b10725,accepted,,203.0,215.75,201.5,204.25,False,False,False
2026-09-09,HPWR.N0000,9.2,9.3,8.8,8.9,111736.0,994713.8,29.0,cse_trade_summary_current,10,2026-09-09,86e92784c0c9215d57c93c54eaea949353eb0b7f7f37ce4101ba1f24d2b10725,accepted,,9.2,9.3,8.8,8.9,False,False,False
2026-09-09,RICH.N0000,26.9,27.0,26.5,26.6,17618.0,471599.9,34.0,cse_trade_summary_current,10,2026-09-09,86e92784c0c9215d57c93c54eaea949353eb0b7f7f37ce4101ba1f24d2b10725,accepted,,26.9,27.0,26.5,26.6,False,False,False
2026-09-09,REXP.N0000,345.0,345.0,340.0,340.0,6809.0,2318475.75,27.0,cse_trade_summary_current,10,2026-09-09,86e92784c0c9215d57c93c54eaea949353eb0b7f7f37ce4101ba1f24d2b10725,accepted,,345.0,345.0,340.0,340.0,False,False,False
2026-09-09,RCL.N0000,49.0,49.2,49.0,49.1,899431.0,44135026.5,126.0,cse_trade_summary_current,10,2026-09-09,86e92784c0c9215d57c93c54eaea949353eb0b7f7f37ce4101ba1f24d2b10725,accepted,,49.0,49.2,49.0,49.1,False,False,False
2026-09-09,SAMP.N0000,140.0,140.0,139.0,139.0,363912.0,50618491.5,381.0,cse_trade_summary_current,10,2026-09-09,86e92784c0c9215d57c93c54eaea949353eb0b7f7f37ce4101ba1f24d2b10725,accepted,,140.0,140.0,139.0,139.0,False,False,False
2026-09-09,SIL.N0000,620.0,620.0,600.5,617.75,240.0,148495.25,12.0,cse_trade_summary_current,10,2026-09-09,86e92784c0c9215d57c93c54eaea949353eb0b7f7f37ce4101ba1f24d2b10725,accepted,,620.0,620.0,600.5,617.75,False,False,False
2026-09-09,SDB.N0000,48.4,49.0,47.0,49.0,6406.0,305950.0,17.0,cse_trade_summary_current,10,2026-09-09,86e92784c0c9215d57c93c54eaea949353eb0b7f7f37ce4101ba1f24d2b10725,accepted,,48.4,49.0,47.0,49.0,False,False,False
2026-09-09,SDF.N0000,39.7,41.8,39.7,41.0,776365.0,31814167.2,30.0,cse_trade_summary_current,10,2026-09-09,86e92784c0c9215d57c93c54eaea949353eb0b7f7f37ce4101ba1f24d2b10725,accepted,,39.7,41.8,39.7,41.0,False,False,False
2026-09-09,SMOT.N0000,1700.0,1700.0,1682.25,1682.25,27.0,45510.25,4.0,cse_trade_summary_current,10,2026-09-09,86e92784c0c9215d57c93c54eaea949353eb0b7f7f37ce4101ba1f24d2b10725,accepted,,1700.0,1700.0,1685.0,1682.25,True,True,False
2026-09-09,SFCL.N0000,348.0,348.0,344.0,344.5,73.0,25203.0,9.0,cse_trade_summary_current,10,2026-09-09,86e92784c0c9215d57c93c54eaea949353eb0b7f7f37ce4101ba1f24d2b10725,accepted,,348.0,348.0,344.0,344.5,False,False,False
2026-09-09,SHOT.N0000,16.2,16.2,16.2,16.2,2506.0,40597.2,2.0,cse_trade_summary_current,10,2026-09-09,86e92784c0c9215d57c93c54eaea949353eb0b7f7f37ce4101ba1f24d2b10725,accepted,,16.2,16.2,16.2,16.2,False,False,False
2026-09-09,SLND.N0000,2880.0,3408.75,2880.0,3408.75,3.0,8705.75,3.0,cse_trade_summary_current,10,2026-09-09,86e92784c0c9215d57c93c54eaea949353eb0b7f7f37ce4101ba1f24d2b10725,accepted,,2880.0,2920.75,2880.0,3408.75,True,True,False
2026-09-09,SEYB.N0000,97.0,97.0,95.0,95.1,21746.0,2071946.0,95.0,cse_trade_summary_current,10,2026-09-09,86e92784c0c9215d57c93c54eaea949353eb0b7f7f37ce4101ba1f24d2b10725,accepted,,97.0,97.0,95.0,95.1,False,False,False
2026-09-09,SEYB.X0000,68.9,68.9,68.0,68.1,27656.0,1893069.9,67.0,cse_trade_summary_current,10,2026-09-09,86e92784c0c9215d57c93c54eaea949353eb0b7f7f37ce4101ba1f24d2b10725,accepted,,68.9,68.9,68.0,68.1,False,False,False
2026-09-09,CSD.N0000,24.5,27.6,24.4,24.6,45467.0,1117371.0,52.0,cse_trade_summary_current,10,2026-09-09,86e92784c0c9215d57c93c54eaea949353eb0b7f7f37ce4101ba1f24d2b10725,accepted,,24.5,27.6,24.4,24.6,False,False,False
2026-09-09,SIRA.N0000,36.1,36.2,35.4,35.5,196028.0,6991928.4,150.0,cse_trade_summary_current,10,2026-09-09,86e92784c0c9215d57c93c54eaea949353eb0b7f7f37ce4101ba1f24d2b10725,accepted,,36.1,36.2,35.4,35.5,False,False,False
2026-09-09,SIGV.N0000,13.4,13.4,13.1,13.3,2112.0,28094.5,4.0,cse_trade_summary_current,10,2026-09-09,86e92784c0c9215d57c93c54eaea949353eb0b7f7f37ce4101ba1f24d2b10725,accepted,,13.4,13.4,13.1,13.3,False,False,False
2026-09-09,SINS.N0000,84.7,84.7,83.5,83.5,191221.0,15968499.1,99.0,cse_trade_summary_current,10,2026-09-09,86e92784c0c9215d57c93c54eaea949353eb0b7f7f37ce4101ba1f24d2b10725,accepted,,84.7,84.7,83.5,83.5,False,False,False
2026-09-09,SFIN.N0000,49.1,49.1,48.2,48.4,9387.0,455695.8,23.0,cse_trade_summary_current,10,2026-09-09,86e92784c0c9215d57c93c54eaea949353eb0b7f7f37ce4101ba1f24d2b10725,accepted,,49.1,49.1,48.2,48.4,False,False,False
2026-09-09,SINH.N0000,22.9,23.5,22.5,23.0,149999.0,3445376.0,90.0,cse_trade_summary_current,10,2026-09-09,86e92784c0c9215d57c93c54eaea949353eb0b7f7f37ce4101ba1f24d2b10725,accepted,,22.9,23.5,22.5,23.0,False,False,False
2026-09-09,SEMB.N0000,1.1,1.1,0.9,1.0,2027237.0,2027175.1,48.0,cse_trade_summary_current,10,2026-09-09,86e92784c0c9215d57c93c54eaea949353eb0b7f7f37ce4101ba1f24d2b10725,accepted,,1.1,1.1,0.9,1.0,False,False,False
2026-09-09,SEMB.X0000,0.4,0.4,0.2,0.3,3947957.0,1184846.2,47.0,cse_trade_summary_current,10,2026-09-09,86e92784c0c9215d57c93c54eaea949353eb0b7f7f37ce4101ba1f24d2b10725,accepted,,0.4,0.4,0.2,0.3,False,False,False
2026-09-09,SCAP.N0000,10.6,10.8,10.6,10.7,282922.0,3001836.0,34.0,cse_trade_summary_current,10,2026-09-09,86e92784c0c9215d57c93c54eaea949353eb0b7f7f37ce4101ba1f24d2b10725,accepted,,10.6,10.8,10.6,10.7,False,False,False
2026-09-09,CRL.N0000,5.1,5.1,4.9,5.0,81623.0,402115.0,37.0,cse_trade_summary_current,10,2026-09-09,86e92784c0c9215d57c93c54eaea949353eb0b7f7f37ce4101ba1f24d2b10725,accepted,,5.1,5.1,4.9,5.0,False,False,False
2026-09-09,SHL.N0000,8.3,8.4,8.0,8.3,220473.0,1810282.2,73.0,cse_trade_summary_current,10,2026-09-09,86e92784c0c9215d57c93c54eaea949353eb0b7f7f37ce4101ba1f24d2b10725,accepted,,8.3,8.4,8.0,8.3,False,False,False
2026-09-09,AAIC.N0000,82.0,82.4,80.5,80.9,322814.0,26132578.1,150.0,cse_trade_summary_current,10,2026-09-09,86e92784c0c9215d57c93c54eaea949353eb0b7f7f37ce4101ba1f24d2b10725,accepted,,82.0,82.4,80.5,80.9,False,False,False
2026-09-09,SLTL.N0000,94.0,94.0,92.5,93.0,21836.0,2028628.3,62.0,cse_trade_summary_current,10,2026-09-09,86e92784c0c9215d57c93c54eaea949353eb0b7f7f37ce4101ba1f24d2b10725,accepted,,94.0,94.0,92.5,93.0,False,False,False
2026-09-09,SING.N0000,38.0,39.8,38.0,39.8,1869.0,71740.5,14.0,cse_trade_summary_current,10,2026-09-09,86e92784c0c9215d57c93c54eaea949353eb0b7f7f37ce4101ba1f24d2b10725,accepted,,38.0,39.8,38.0,39.8,False,False,False
2026-09-09,SUN.N0000,30.4,30.4,29.7,29.8,74750.0,2229826.6,119.0,cse_trade_summary_current,10,2026-09-09,86e92784c0c9215d57c93c54eaea949353eb0b7f7f37ce4101ba1f24d2b10725,accepted,,30.4,30.4,29.7,29.8,False,False,False
2026-09-09,SWAD.N0000,15399.0,15399.0,14501.0,15103.25,2.0,29900.0,2.0,cse_trade_summary_current,10,2026-09-09,86e92784c0c9215d57c93c54eaea949353eb0b7f7f37ce4101ba1f24d2b10725,accepted,,15399.0,15399.0,14501.0,15103.25,False,False,False
2026-09-09,PARQ.N0000,80.0,80.0,78.2,78.9,73398.0,5843185.7,66.0,cse_trade_summary_current,10,2026-09-09,86e92784c0c9215d57c93c54eaea949353eb0b7f7f37ce4101ba1f24d2b10725,accepted,,80.0,80.0,78.2,78.9,False,False,False
2026-09-09,TAJ.N0000,29.0,29.7,29.0,29.7,1008.0,29847.0,6.0,cse_trade_summary_current,10,2026-09-09,86e92784c0c9215d57c93c54eaea949353eb0b7f7f37ce4101ba1f24d2b10725,accepted,,29.0,29.7,29.0,29.7,False,False,False
2026-09-09,TPL.N0000,145.75,145.75,142.0,145.0,1089.0,157743.75,8.0,cse_trade_summary_current,10,2026-09-09,86e92784c0c9215d57c93c54eaea949353eb0b7f7f37ce4101ba1f24d2b10725,accepted,,145.75,145.75,142.0,145.0,False,False,False
2026-09-09,TANG.N0000,100.0,100.0,100.0,100.0,20.0,2000.0,2.0,cse_trade_summary_current,10,2026-09-09,86e92784c0c9215d57c93c54eaea949353eb0b7f7f37ce4101ba1f24d2b10725,accepted,,100.0,100.0,100.0,100.0,False,False,False
2026-09-09,TSML.N0000,37.4,37.4,36.9,37.2,214.0,7975.9,5.0,cse_trade_summary_current,10,2026-09-09,86e92784c0c9215d57c93c54eaea949353eb0b7f7f37ce4101ba1f24d2b10725,accepted,,37.4,37.4,36.9,37.2,False,False,False
2026-09-09,TJL.N0000,31.0,31.0,30.6,30.6,16465.0,504451.1,21.0,cse_trade_summary_current,10,2026-09-09,86e92784c0c9215d57c93c54eaea949353eb0b7f7f37ce4101ba1f24d2b10725,accepted,,31.0,31.0,30.6,30.6,False,False,False
2026-09-09,TESS.N0000,1.9,1.9,1.8,1.8,92388.0,166305.4,34.0,cse_trade_summary_current,10,2026-09-09,86e92784c0c9215d57c93c54eaea949353eb0b7f7f37ce4101ba1f24d2b10725,accepted,,1.9,1.9,1.8,1.8,False,False,False
2026-09-09,TESS.X0000,1.5,1.5,1.5,1.5,1.0,1.5,1.0,cse_trade_summary_current,10,2026-09-09,86e92784c0c9215d57c93c54eaea949353eb0b7f7f37ce4101ba1f24d2b10725,accepted,,1.5,1.5,1.5,1.5,False,False,False
2026-09-09,AUTO.N0000,319.0,325.0,319.0,322.25,121.0,39003.5,5.0,cse_trade_summary_current,10,2026-09-09,86e92784c0c9215d57c93c54eaea949353eb0b7f7f37ce4101ba1f24d2b10725,accepted,,319.0,325.0,319.0,322.25,False,False,False
2026-09-09,CFLB.N0000,58.2,58.2,56.0,56.1,288.0,16186.0,5.0,cse_trade_summary_current,10,2026-09-09,86e92784c0c9215d57c93c54eaea949353eb0b7f7f37ce4101ba1f24d2b10725,accepted,,58.2,58.2,56.0,56.1,False,False,False
2026-09-09,KHC.N0000,13.0,13.3,12.6,13.0,220.0,2859.7,6.0,cse_trade_summary_current,10,2026-09-09,86e92784c0c9215d57c93c54eaea949353eb0b7f7f37ce4101ba1f24d2b10725,accepted,,13.0,13.3,12.6,13.0,False,False,False
2026-09-09,SERV.N0000,14.7,14.7,14.1,14.2,19969.0,286174.1,27.0,cse_trade_summary_current,10,2026-09-09,86e92784c0c9215d57c93c54eaea949353eb0b7f7f37ce4101ba1f24d2b10725,accepted,,14.7,14.7,14.1,14.2,False,False,False
2026-09-09,LHCL.N0000,114.0,114.75,113.5,114.0,42427.0,4841638.25,33.0,cse_trade_summary_current,10,2026-09-09,86e92784c0c9215d57c93c54eaea949353eb0b7f7f37ce4101ba1f24d2b10725,accepted,,114.0,114.75,113.5,114.0,False,False,False
2026-09-09,LHL.N0000,69.1,71.4,64.0,64.8,2403.0,161151.6,20.0,cse_trade_summary_current,10,2026-09-09,86e92784c0c9215d57c93c54eaea949353eb0b7f7f37ce4101ba1f24d2b10725,accepted,,69.1,71.4,64.0,64.8,False,False,False
2026-09-09,NEH.N0000,4300.0,4310.0,4300.0,4303.75,14.0,60260.0,4.0,cse_trade_summary_current,10,2026-09-09,86e92784c0c9215d57c93c54eaea949353eb0b7f7f37ce4101ba1f24d2b10725,accepted,,4300.0,4310.0,4300.0,4303.75,False,False,False
2026-09-09,TAFL.N0000,664.75,664.75,645.0,645.0,2068.0,1346072.25,35.0,cse_trade_summary_current,10,2026-09-09,86e92784c0c9215d57c93c54eaea949353eb0b7f7f37ce4101ba1f24d2b10725,accepted,,664.75,664.75,645.0,645.0,False,False,False
2026-09-09,TKYO.N0000,84.5,84.9,83.9,84.1,11355.0,955301.1,61.0,cse_trade_summary_current,10,2026-09-09,86e92784c0c9215d57c93c54eaea949353eb0b7f7f37ce4101ba1f24d2b10725,accepted,,84.5,84.9,83.9,84.1,False,False,False
2026-09-09,TKYO.X0000,64.4,64.5,63.0,63.8,36575.0,2331898.3,87.0,cse_trade_summary_current,10,2026-09-09,86e92784c0c9215d57c93c54eaea949353eb0b7f7f37ce4101ba1f24d2b10725,accepted,,64.4,64.5,63.0,63.8,False,False,False
2026-09-09,TRAN.N0000,48.6,49.0,47.4,48.0,1143.0,55094.2,18.0,cse_trade_summary_current,10,2026-09-09,86e92784c0c9215d57c93c54eaea949353eb0b7f7f37ce4101ba1f24d2b10725,accepted,,48.6,49.0,47.4,48.0,False,False,False
2026-09-09,UBF.N0000,2.2,2.2,2.1,2.1,78196.0,169061.8,40.0,cse_trade_summary_current,10,2026-09-09,86e92784c0c9215d57c93c54eaea949353eb0b7f7f37ce4101ba1f24d2b10725,accepted,,2.2,2.2,2.1,2.1,False,False,False
2026-09-09,UDPL.N0000,145.75,145.75,144.5,144.5,108.0,15618.5,6.0,cse_trade_summary_current,10,2026-09-09,86e92784c0c9215d57c93c54eaea949353eb0b7f7f37ce4101ba1f24d2b10725,accepted,,145.75,145.75,144.5,144.5,False,False,False
2026-09-09,UAL.N0000,71.0,71.0,71.0,71.0,3336.0,236856.0,8.0,cse_trade_summary_current,10,2026-09-09,86e92784c0c9215d57c93c54eaea949353eb0b7f7f37ce4101ba1f24d2b10725,accepted,,71.0,71.0,71.0,71.0,False,False,False
2026-09-09,UBC.N0000,12.5,12.5,12.2,12.2,18964.0,233337.9,20.0,cse_trade_summary_current,10,2026-09-09,86e92784c0c9215d57c93c54eaea949353eb0b7f7f37ce4101ba1f24d2b10725,accepted,,12.5,12.5,12.2,12.2,False,False,False
2026-09-09,UCAR.N0000,2282.0,2300.0,2282.0,2294.75,322.0,738500.0,9.0,cse_trade_summary_current,10,2026-09-09,86e92784c0c9215d57c93c54eaea949353eb0b7f7f37ce4101ba1f24d2b10725,accepted,,2282.0,2300.0,2282.0,2294.75,False,False,False
2026-09-09,UML.N0000,25.7,26.0,25.3,25.3,26568.0,677662.3,66.0,cse_trade_summary_current,10,2026-09-09,86e92784c0c9215d57c93c54eaea949353eb0b7f7f37ce4101ba1f24d2b10725,accepted,,25.7,26.0,25.3,25.3,False,False,False
2026-09-09,VFIN.N0000,87.8,87.9,87.0,87.7,26971.0,2356560.6,75.0,cse_trade_summary_current,10,2026-09-09,86e92784c0c9215d57c93c54eaea949353eb0b7f7f37ce4101ba1f24d2b10725,accepted,,87.8,87.9,87.0,87.7,False,False,False
2026-09-09,VONE.N0000,91.9,91.9,91.2,91.5,12490.0,1143149.3,38.0,cse_trade_summary_current,10,2026-09-09,86e92784c0c9215d57c93c54eaea949353eb0b7f7f37ce4101ba1f24d2b10725,accepted,,91.9,91.9,91.2,91.5,False,False,False
2026-09-09,VPEL.N0000,15.4,15.4,15.2,15.3,95738.0,1465504.1,53.0,cse_trade_summary_current,10,2026-09-09,86e92784c0c9215d57c93c54eaea949353eb0b7f7f37ce4101ba1f24d2b10725,accepted,,15.4,15.4,15.2,15.3,False,False,False
2026-09-09,VLL.X0000,19.3,19.5,19.0,19.1,39227.0,750434.5,59.0,cse_trade_summary_current,10,2026-09-09,86e92784c0c9215d57c93c54eaea949353eb0b7f7f37ce4101ba1f24d2b10725,accepted,,19.3,19.5,19.0,19.1,False,False,False
2026-09-09,VLL.N0000,23.0,23.0,22.5,22.7,171062.0,3885234.4,129.0,cse_trade_summary_current,10,2026-09-09,86e92784c0c9215d57c93c54eaea949353eb0b7f7f37ce4101ba1f24d2b10725,accepted,,23.0,23.0,22.5,22.7,False,False,False
2026-09-09,CITW.N0000,1.7,1.7,1.6,1.6,2702545.0,4324758.7,44.0,cse_trade_summary_current,10,2026-09-09,86e92784c0c9215d57c93c54eaea949353eb0b7f7f37ce4101ba1f24d2b10725,accepted,,1.7,1.7,1.6,1.6,False,False,False
2026-09-09,WATA.N0000,44.7,44.7,44.2,44.3,36253.0,1613551.5,61.0,cse_trade_summary_current,10,2026-09-09,86e92784c0c9215d57c93c54eaea949353eb0b7f7f37ce4101ba1f24d2b10725,accepted,,44.7,44.7,44.2,44.3,False,False,False
2026-09-09,WLTH.N0000,11.2,11.3,11.2,11.3,26671.0,299936.1,24.0,cse_trade_summary_current,10,2026-09-09,86e92784c0c9215d57c93c54eaea949353eb0b7f7f37ce4101ba1f24d2b10725,accepted,,11.2,11.3,11.2,11.3,False,False,False
2026-09-09,WIND.N0000,40.5,40.6,40.0,40.0,87122.0,3489941.9,97.0,cse_trade_summary_current,10,2026-09-09,86e92784c0c9215d57c93c54eaea949353eb0b7f7f37ce4101ba1f24d2b10725,accepted,,40.5,40.6,40.0,40.0,False,False,False
2026-09-09,YORK.N0000,13.5,14.0,13.3,13.3,4360.0,58670.4,19.0,cse_trade_summary_current,10,2026-09-09,86e92784c0c9215d57c93c54eaea949353eb0b7f7f37ce4101ba1f24d2b10725,accepted,,13.5,14.0,13.3,13.3,False,False,False
